seed,gen,T,F_current,F_best,n_accepted,n_worse_accepted,cum_acceptance,cum_worse_acceptance,best_topology
0,0,0.50000000,0.661798,0.661798,0,0,0.000000,0.000000,"((1,2),(3,(4,5)))"
0,1,0.50000000,0.629034,0.629034,1,0,1.000000,0.000000,"((1,2),(3,(4,5)))"
0,2,0.45000000,0.629246,0.629034,2,1,1.000000,0.500000,"((1,2),(3,(4,5)))"
0,3,0.40500000,0.630666,0.629034,3,2,1.000000,0.666667,"((1,2),(3,(4,5)))"
0,4,0.36450000,0.632654,0.629034,4,3,1.000000,0.750000,"((1,2),(3,(4,5)))"
0,5,0.32805000,0.635294,0.629034,5,4,1.000000,0.800000,"((1,2),(3,(4,5)))"
0,6,0.29524500,0.654105,0.629034,6,5,1.000000,0.833333,"((1,2),(3,(4,5)))"
0,7,0.26572050,0.653411,0.629034,7,5,1.000000,0.714286,"((1,2),(3,(4,5)))"
0,8,0.23914845,0.649866,0.629034,8,5,1.000000,0.625000,"((1,2),(3,(4,5)))"
0,9,0.21523361,0.654075,0.629034,9,6,1.000000,0.666667,"((1,2),(3,(4,5)))"
0,10,0.19371024,0.654075,0.629034,9,6,0.900000,0.600000,"((1,2),(3,(4,5)))"
0,11,0.17433922,0.654075,0.629034,9,6,0.818182,0.545455,"((1,2),(3,(4,5)))"
0,12,0.15690530,0.651876,0.629034,10,6,0.833333,0.500000,"((1,2),(3,(4,5)))"
0,13,0.14121477,0.651876,0.629034,10,6,0.769231,0.461538,"((1,2),(3,(4,5)))"
0,14,0.12709329,0.652640,0.629034,11,7,0.785714,0.500000,"((1,2),(3,(4,5)))"
0,15,0.11438396,0.652640,0.629034,11,7,0.733333,0.466667,"((1,2),(3,(4,5)))"
0,16,0.10294557,0.651184,0.629034,12,7,0.750000,0.437500,"((1,2),(3,(4,5)))"
0,17,0.09265101,0.652515,0.629034,13,8,0.764706,0.470588,"((1,2),(3,(4,5)))"
0,18,0.08338591,0.652244,0.629034,14,8,0.777778,0.444444,"((1,2),(3,(4,5)))"
0,19,0.07504732,0.651766,0.629034,15,8,0.789474,0.421053,"((1,2),(3,(4,5)))"
0,20,0.06754259,0.652964,0.629034,16,9,0.800000,0.450000,"((1,2),(3,(4,5)))"
0,21,0.06078833,0.652964,0.629034,16,9,0.761905,0.428571,"((1,2),(3,(4,5)))"
0,22,0.05470949,0.653574,0.629034,17,10,0.772727,0.454545,"((1,2),(3,(4,5)))"
0,23,0.04923855,0.653574,0.629034,17,10,0.739130,0.434783,"((1,2),(3,(4,5)))"
0,24,0.04431469,0.653574,0.629034,17,10,0.708333,0.416667,"((1,2),(3,(4,5)))"
0,25,0.03988322,0.653399,0.629034,18,10,0.720000,0.400000,"((1,2),(3,(4,5)))"
0,26,0.03589490,0.663724,0.629034,19,11,0.730769,0.423077,"((1,2),(3,(4,5)))"
0,27,0.03230541,0.663724,0.629034,20,11,0.740741,0.407407,"((1,2),(3,(4,5)))"
0,28,0.02907487,0.667208,0.629034,21,12,0.750000,0.428571,"((1,2),(3,(4,5)))"
0,29,0.02616738,0.651123,0.629034,22,12,0.758621,0.413793,"((1,2),(3,(4,5)))"
0,30,0.02355064,0.647312,0.629034,23,12,0.766667,0.400000,"((1,2),(3,(4,5)))"
0,31,0.02119558,0.647312,0.629034,23,12,0.741935,0.387097,"((1,2),(3,(4,5)))"
0,32,0.01907602,0.648272,0.629034,24,13,0.750000,0.406250,"((1,2),(3,(4,5)))"
0,33,0.01716842,0.646782,0.629034,25,13,0.757576,0.393939,"((1,2),(3,(4,5)))"
0,34,0.01545158,0.646782,0.629034,25,13,0.735294,0.382353,"((1,2),(3,(4,5)))"
0,35,0.01390642,0.638003,0.629034,26,13,0.742857,0.371429,"((1,2),(3,(4,5)))"
0,36,0.01251578,0.638015,0.629034,27,14,0.750000,0.388889,"((1,2),(3,(4,5)))"
0,37,0.01126420,0.626774,0.626774,28,14,0.756757,0.378378,"((1,2),(3,(4,5)))"
0,38,0.01013778,0.626774,0.626774,29,14,0.763158,0.368421,"((1,2),(3,(4,5)))"
0,39,0.00912400,0.626774,0.626774,29,14,0.743590,0.358974,"((1,2),(3,(4,5)))"
0,40,0.00821160,0.626774,0.626774,29,14,0.725000,0.350000,"((1,2),(3,(4,5)))"
0,41,0.00739044,0.626774,0.626774,29,14,0.707317,0.341463,"((1,2),(3,(4,5)))"
0,42,0.00665140,0.628658,0.626774,30,15,0.714286,0.357143,"((1,2),(3,(4,5)))"
0,43,0.00598626,0.627444,0.626774,31,15,0.720930,0.348837,"((1,2),(3,(4,5)))"
0,44,0.00538763,0.627581,0.626774,32,16,0.727273,0.363636,"((1,2),(3,(4,5)))"
0,45,0.00484887,0.627581,0.626774,32,16,0.711111,0.355556,"((1,2),(3,(4,5)))"
0,46,0.00436398,0.626771,0.626771,33,16,0.717391,0.347826,"((1,2),(3,(4,5)))"
0,47,0.00392758,0.626522,0.626522,34,16,0.723404,0.340426,"((1,2),(3,(4,5)))"
0,48,0.00353483,0.626522,0.626522,34,16,0.708333,0.333333,"((1,2),(3,(4,5)))"
0,49,0.00318134,0.626522,0.626522,34,16,0.693878,0.326531,"((1,2),(3,(4,5)))"
0,50,0.00286321,0.625444,0.625444,35,16,0.700000,0.320000,"((1,2),(3,(4,5)))"
0,51,0.00257689,0.625444,0.625444,35,16,0.686275,0.313725,"((1,2),(3,(4,5)))"
0,52,0.00231920,0.625444,0.625444,35,16,0.673077,0.307692,"((1,2),(3,(4,5)))"
0,53,0.00208728,0.625444,0.625444,35,16,0.660377,0.301887,"((1,2),(3,(4,5)))"
0,54,0.00187855,0.623650,0.623650,36,16,0.666667,0.296296,"((1,2),(3,(4,5)))"
0,55,0.00169070,0.622087,0.622087,37,16,0.672727,0.290909,"((1,2),(3,(4,5)))"
0,56,0.00152163,0.621701,0.621701,38,16,0.678571,0.285714,"((1,2),(3,(4,5)))"
0,57,0.00136946,0.621701,0.621701,38,16,0.666667,0.280702,"((1,2),(3,(4,5)))"
0,58,0.00123252,0.621771,0.621701,39,17,0.672414,0.293103,"((1,2),(3,(4,5)))"
0,59,0.00110927,0.621855,0.621701,40,18,0.677966,0.305085,"((1,2),(3,(4,5)))"
0,60,0.00099834,0.621855,0.621701,40,18,0.666667,0.300000,"((1,2),(3,(4,5)))"
0,61,0.00089851,0.621701,0.621701,41,18,0.672131,0.295082,"((1,2),(3,(4,5)))"
0,62,0.00080865,0.621701,0.621701,41,18,0.661290,0.290323,"((1,2),(3,(4,5)))"
0,63,0.00072779,0.621701,0.621701,41,18,0.650794,0.285714,"((1,2),(3,(4,5)))"
0,64,0.00065501,0.621701,0.621701,41,18,0.640625,0.281250,"((1,2),(3,(4,5)))"
0,65,0.00058951,0.621701,0.621701,41,18,0.630769,0.276923,"((1,2),(3,(4,5)))"
0,66,0.00053056,0.621701,0.621701,41,18,0.621212,0.272727,"((1,2),(3,(4,5)))"
0,67,0.00047750,0.621701,0.621701,42,18,0.626866,0.268657,"((1,2),(3,(4,5)))"
0,68,0.00042975,0.621701,0.621701,42,18,0.617647,0.264706,"((1,2),(3,(4,5)))"
0,69,0.00038678,0.621701,0.621701,42,18,0.608696,0.260870,"((1,2),(3,(4,5)))"
0,70,0.00034810,0.621701,0.621701,42,18,0.600000,0.257143,"((1,2),(3,(4,5)))"
0,71,0.00031329,0.621701,0.621701,42,18,0.591549,0.253521,"((1,2),(3,(4,5)))"
0,72,0.00028196,0.621701,0.621701,43,18,0.597222,0.250000,"((1,2),(3,(4,5)))"
0,73,0.00025376,0.621701,0.621701,43,18,0.589041,0.246575,"((1,2),(3,(4,5)))"
0,74,0.00022839,0.621783,0.621701,44,19,0.594595,0.256757,"((1,2),(3,(4,5)))"
0,75,0.00020555,0.621783,0.621701,44,19,0.586667,0.253333,"((1,2),(3,(4,5)))"
0,76,0.00018499,0.621783,0.621701,44,19,0.578947,0.250000,"((1,2),(3,(4,5)))"
0,77,0.00016649,0.621783,0.621701,44,19,0.571429,0.246753,"((1,2),(3,(4,5)))"
0,78,0.00014985,0.621783,0.621701,44,19,0.564103,0.243590,"((1,2),(3,(4,5)))"
0,79,0.00013486,0.621783,0.621701,44,19,0.556962,0.240506,"((1,2),(3,(4,5)))"
0,80,0.00012137,0.621783,0.621701,44,19,0.550000,0.237500,"((1,2),(3,(4,5)))"
0,81,0.00010924,0.621783,0.621701,44,19,0.543210,0.234568,"((1,2),(3,(4,5)))"
0,82,0.00009831,0.621783,0.621701,44,19,0.536585,0.231707,"((1,2),(3,(4,5)))"
0,83,0.00008848,0.621783,0.621701,44,19,0.530120,0.228916,"((1,2),(3,(4,5)))"
0,84,0.00007963,0.621783,0.621701,44,19,0.523810,0.226190,"((1,2),(3,(4,5)))"
0,85,0.00007167,0.621783,0.621701,44,19,0.517647,0.223529,"((1,2),(3,(4,5)))"
0,86,0.00006450,0.621783,0.621701,44,19,0.511628,0.220930,"((1,2),(3,(4,5)))"
0,87,0.00005805,0.621783,0.621701,44,19,0.505747,0.218391,"((1,2),(3,(4,5)))"
0,88,0.00005225,0.621783,0.621701,44,19,0.500000,0.215909,"((1,2),(3,(4,5)))"
0,89,0.00004702,0.621783,0.621701,44,19,0.494382,0.213483,"((1,2),(3,(4,5)))"
0,90,0.00004232,0.621701,0.621701,45,19,0.500000,0.211111,"((1,2),(3,(4,5)))"
0,91,0.00003809,0.621701,0.621701,45,19,0.494505,0.208791,"((1,2),(3,(4,5)))"
0,92,0.00003428,0.621701,0.621701,45,19,0.489130,0.206522,"((1,2),(3,(4,5)))"
0,93,0.00003085,0.621701,0.621701,45,19,0.483871,0.204301,"((1,2),(3,(4,5)))"
0,94,0.00002777,0.621701,0.621701,45,19,0.478723,0.202128,"((1,2),(3,(4,5)))"
0,95,0.00002499,0.621701,0.621701,45,19,0.473684,0.200000,"((1,2),(3,(4,5)))"
0,96,0.00002249,0.621701,0.621701,45,19,0.468750,0.197917,"((1,2),(3,(4,5)))"
0,97,0.00002024,0.621631,0.621631,46,19,0.474227,0.195876,"((1,2),(3,(4,5)))"
0,98,0.00001822,0.621631,0.621631,46,19,0.469388,0.193878,"((1,2),(3,(4,5)))"
0,99,0.00001640,0.621631,0.621631,46,19,0.464646,0.191919,"((1,2),(3,(4,5)))"
0,100,0.00001476,0.621631,0.621631,46,19,0.460000,0.190000,"((1,2),(3,(4,5)))"
0,101,0.00001328,0.621631,0.621631,46,19,0.455446,0.188119,"((1,2),(3,(4,5)))"
0,102,0.00001195,0.621631,0.621631,46,19,0.450980,0.186275,"((1,2),(3,(4,5)))"
0,103,0.00001076,0.621631,0.621631,46,19,0.446602,0.184466,"((1,2),(3,(4,5)))"
0,104,0.00000968,0.621631,0.621631,46,19,0.442308,0.182692,"((1,2),(3,(4,5)))"
0,105,0.00000871,0.621631,0.621631,46,19,0.438095,0.180952,"((1,2),(3,(4,5)))"
0,106,0.00000784,0.621631,0.621631,46,19,0.433962,0.179245,"((1,2),(3,(4,5)))"
0,107,0.00000706,0.621631,0.621631,46,19,0.429907,0.177570,"((1,2),(3,(4,5)))"
0,108,0.00000635,0.621631,0.621631,46,19,0.425926,0.175926,"((1,2),(3,(4,5)))"
0,109,0.00000572,0.621631,0.621631,46,19,0.422018,0.174312,"((1,2),(3,(4,5)))"
0,110,0.00000515,0.621631,0.621631,46,19,0.418182,0.172727,"((1,2),(3,(4,5)))"
0,111,0.00000463,0.621631,0.621631,46,19,0.414414,0.171171,"((1,2),(3,(4,5)))"
0,112,0.00000417,0.621631,0.621631,46,19,0.410714,0.169643,"((1,2),(3,(4,5)))"
0,113,0.00000375,0.621631,0.621631,46,19,0.407080,0.168142,"((1,2),(3,(4,5)))"
0,114,0.00000338,0.621631,0.621631,46,19,0.403509,0.166667,"((1,2),(3,(4,5)))"
0,115,0.00000304,0.621631,0.621631,46,19,0.400000,0.165217,"((1,2),(3,(4,5)))"
0,116,0.00000273,0.621631,0.621631,47,19,0.405172,0.163793,"((1,2),(3,(4,5)))"
0,117,0.00000246,0.621631,0.621631,47,19,0.401709,0.162393,"((1,2),(3,(4,5)))"
0,118,0.00000221,0.621631,0.621631,47,19,0.398305,0.161017,"((1,2),(3,(4,5)))"
0,119,0.00000199,0.621631,0.621631,47,19,0.394958,0.159664,"((1,2),(3,(4,5)))"
0,120,0.00000179,0.621631,0.621631,47,19,0.391667,0.158333,"((1,2),(3,(4,5)))"
0,121,0.00000161,0.621631,0.621631,47,19,0.388430,0.157025,"((1,2),(3,(4,5)))"
0,122,0.00000145,0.621631,0.621631,47,19,0.385246,0.155738,"((1,2),(3,(4,5)))"
0,123,0.00000131,0.621631,0.621631,47,19,0.382114,0.154472,"((1,2),(3,(4,5)))"
0,124,0.00000118,0.621631,0.621631,47,19,0.379032,0.153226,"((1,2),(3,(4,5)))"
0,125,0.00000106,0.621631,0.621631,47,19,0.376000,0.152000,"((1,2),(3,(4,5)))"
0,126,0.00000095,0.621631,0.621631,47,19,0.373016,0.150794,"((1,2),(3,(4,5)))"
0,127,0.00000086,0.621631,0.621631,47,19,0.370079,0.149606,"((1,2),(3,(4,5)))"
0,128,0.00000077,0.621631,0.621631,48,19,0.375000,0.148438,"((1,2),(3,(4,5)))"
0,129,0.00000070,0.621631,0.621631,48,19,0.372093,0.147287,"((1,2),(3,(4,5)))"
0,130,0.00000063,0.621631,0.621631,48,19,0.369231,0.146154,"((1,2),(3,(4,5)))"
0,131,0.00000056,0.621631,0.621631,49,19,0.374046,0.145038,"((1,2),(3,(4,5)))"
0,132,0.00000051,0.621631,0.621631,50,19,0.378788,0.143939,"((1,2),(3,(4,5)))"
0,133,0.00000046,0.621631,0.621631,50,19,0.375940,0.142857,"((1,2),(3,(4,5)))"
0,134,0.00000041,0.621631,0.621631,50,19,0.373134,0.141791,"((1,2),(3,(4,5)))"
0,135,0.00000037,0.621631,0.621631,50,19,0.370370,0.140741,"((1,2),(3,(4,5)))"
0,136,0.00000033,0.621631,0.621631,51,19,0.375000,0.139706,"((1,2),(3,(4,5)))"
0,137,0.00000030,0.621631,0.621631,51,19,0.372263,0.138686,"((1,2),(3,(4,5)))"
0,138,0.00000027,0.621631,0.621631,51,19,0.369565,0.137681,"((1,2),(3,(4,5)))"
0,139,0.00000024,0.621631,0.621631,51,19,0.366906,0.136691,"((1,2),(3,(4,5)))"
0,140,0.00000022,0.621631,0.621631,51,19,0.364286,0.135714,"((1,2),(3,(4,5)))"
0,141,0.00000020,0.621631,0.621631,51,19,0.361702,0.134752,"((1,2),(3,(4,5)))"
0,142,0.00000018,0.621631,0.621631,51,19,0.359155,0.133803,"((1,2),(3,(4,5)))"
0,143,0.00000016,0.621631,0.621631,51,19,0.356643,0.132867,"((1,2),(3,(4,5)))"
0,144,0.00000014,0.621631,0.621631,51,19,0.354167,0.131944,"((1,2),(3,(4,5)))"
0,145,0.00000013,0.621631,0.621631,52,19,0.358621,0.131034,"((1,2),(3,(4,5)))"
0,146,0.00000012,0.621631,0.621631,52,19,0.356164,0.130137,"((1,2),(3,(4,5)))"
0,147,0.00000010,0.621631,0.621631,52,19,0.353741,0.129252,"((1,2),(3,(4,5)))"
0,148,0.00000009,0.621631,0.621631,52,19,0.351351,0.128378,"((1,2),(3,(4,5)))"
0,149,0.00000008,0.621631,0.621631,52,19,0.348993,0.127517,"((1,2),(3,(4,5)))"
0,150,0.00000008,0.621631,0.621631,52,19,0.346667,0.126667,"((1,2),(3,(4,5)))"
1,0,0.50000000,0.661798,0.661798,0,0,0.000000,0.000000,"((1,2),(3,(4,5)))"
1,1,0.50000000,0.660604,0.660604,1,0,1.000000,0.000000,"((1,2),(3,(4,5)))"
1,2,0.45000000,0.655359,0.655359,2,0,1.000000,0.000000,"((1,2),(3,(4,5)))"
1,3,0.40500000,0.655821,0.655359,3,1,1.000000,0.333333,"((1,2),(3,(4,5)))"
1,4,0.36450000,0.655821,0.655359,3,1,0.750000,0.250000,"((1,2),(3,(4,5)))"
1,5,0.32805000,0.658111,0.655359,4,2,0.800000,0.400000,"((1,2),(3,(4,5)))"
1,6,0.29524500,0.673849,0.655359,5,3,0.833333,0.500000,"((1,2),(3,(4,5)))"
1,7,0.26572050,0.673140,0.655359,6,3,0.857143,0.428571,"((1,2),(3,(4,5)))"
1,8,0.23914845,0.682518,0.655359,7,4,0.875000,0.500000,"((1,2),(3,(4,5)))"
1,9,0.21523361,0.682759,0.655359,8,5,0.888889,0.555556,"((1,2),(3,(4,5)))"
1,10,0.19371024,0.685243,0.655359,9,6,0.900000,0.600000,"((1,2),(3,(4,5)))"
1,11,0.17433922,0.664528,0.655359,10,6,0.909091,0.545455,"((1,2),(3,(4,5)))"
1,12,0.15690530,0.648108,0.648108,11,6,0.916667,0.500000,"((1,2),((3,4),5))"
1,13,0.14121477,0.650846,0.648108,12,7,0.923077,0.538462,"((1,2),((3,4),5))"
1,14,0.12709329,0.644279,0.644279,13,7,0.928571,0.500000,"((1,2),((3,4),5))"
1,15,0.11438396,0.653039,0.644279,14,8,0.933333,0.533333,"((1,2),((3,4),5))"
1,16,0.10294557,0.673699,0.644279,15,9,0.937500,0.562500,"((1,2),((3,4),5))"
1,17,0.09265101,0.675340,0.644279,16,10,0.941176,0.588235,"((1,2),((3,4),5))"
1,18,0.08338591,0.713521,0.644279,17,11,0.944444,0.611111,"((1,2),((3,4),5))"
1,19,0.07504732,0.712958,0.644279,18,11,0.947368,0.578947,"((1,2),((3,4),5))"
1,20,0.06754259,0.712341,0.644279,19,11,0.950000,0.550000,"((1,2),((3,4),5))"
1,21,0.06078833,0.712341,0.644279,19,11,0.904762,0.523810,"((1,2),((3,4),5))"
1,22,0.05470949,0.726354,0.644279,20,12,0.909091,0.545455,"((1,2),((3,4),5))"
1,23,0.04923855,0.726354,0.644279,20,12,0.869565,0.521739,"((1,2),((3,4),5))"
1,24,0.04431469,0.726354,0.644279,20,12,0.833333,0.500000,"((1,2),((3,4),5))"
1,25,0.03988322,0.726354,0.644279,20,12,0.800000,0.480000,"((1,2),((3,4),5))"
1,26,0.03589490,0.697820,0.644279,21,12,0.807692,0.461538,"((1,2),((3,4),5))"
1,27,0.03230541,0.665590,0.644279,22,12,0.814815,0.444444,"((1,2),((3,4),5))"
1,28,0.02907487,0.665782,0.644279,23,13,0.821429,0.464286,"((1,2),((3,4),5))"
1,29,0.02616738,0.666200,0.644279,24,14,0.827586,0.482759,"((1,2),((3,4),5))"
1,30,0.02355064,0.664406,0.644279,25,14,0.833333,0.466667,"((1,2),((3,4),5))"
1,31,0.02119558,0.656732,0.644279,26,14,0.838710,0.451613,"((1,2),((3,4),5))"
1,32,0.01907602,0.656732,0.644279,26,14,0.812500,0.437500,"((1,2),((3,4),5))"
1,33,0.01716842,0.656732,0.644279,26,14,0.787879,0.424242,"((1,2),((3,4),5))"
1,34,0.01545158,0.652527,0.644279,27,14,0.794118,0.411765,"((1,2),((3,4),5))"
1,35,0.01390642,0.652527,0.644279,27,14,0.771429,0.400000,"((1,2),((3,4),5))"
1,36,0.01251578,0.662433,0.644279,28,15,0.777778,0.416667,"((1,2),((3,4),5))"
1,37,0.01126420,0.662383,0.644279,29,15,0.783784,0.405405,"((1,2),((3,4),5))"
1,38,0.01013778,0.649594,0.644279,30,15,0.789474,0.394737,"((1,2),((3,4),5))"
1,39,0.00912400,0.649594,0.644279,30,15,0.769231,0.384615,"((1,2),((3,4),5))"
1,40,0.00821160,0.649187,0.644279,31,15,0.775000,0.375000,"((1,2),((3,4),5))"
1,41,0.00739044,0.650274,0.644279,32,16,0.780488,0.390244,"((1,2),((3,4),5))"
1,42,0.00665140,0.651195,0.644279,33,17,0.785714,0.404762,"((1,2),((3,4),5))"
1,43,0.00598626,0.651195,0.644279,33,17,0.767442,0.395349,"((1,2),((3,4),5))"
1,44,0.00538763,0.651195,0.644279,33,17,0.750000,0.386364,"((1,2),((3,4),5))"
1,45,0.00484887,0.651195,0.644279,33,17,0.733333,0.377778,"((1,2),((3,4),5))"
1,46,0.00436398,0.651713,0.644279,34,18,0.739130,0.391304,"((1,2),((3,4),5))"
1,47,0.00392758,0.647687,0.644279,35,18,0.744681,0.382979,"((1,2),((3,4),5))"
1,48,0.00353483,0.647612,0.644279,36,18,0.750000,0.375000,"((1,2),((3,4),5))"
1,49,0.00318134,0.647612,0.644279,36,18,0.734694,0.367347,"((1,2),((3,4),5))"
1,50,0.00286321,0.647091,0.644279,37,18,0.740000,0.360000,"((1,2),((3,4),5))"
1,51,0.00257689,0.647091,0.644279,37,18,0.725490,0.352941,"((1,2),((3,4),5))"
1,52,0.00231920,0.647091,0.644279,37,18,0.711538,0.346154,"((1,2),((3,4),5))"
1,53,0.00208728,0.645811,0.644279,38,18,0.716981,0.339623,"((1,2),((3,4),5))"
1,54,0.00187855,0.645587,0.644279,39,18,0.722222,0.333333,"((1,2),((3,4),5))"
1,55,0.00169070,0.645587,0.644279,39,18,0.709091,0.327273,"((1,2),((3,4),5))"
1,56,0.00152163,0.645587,0.644279,39,18,0.696429,0.321429,"((1,2),((3,4),5))"
1,57,0.00136946,0.645587,0.644279,39,18,0.684211,0.315789,"((1,2),((3,4),5))"
1,58,0.00123252,0.645587,0.644279,39,18,0.672414,0.310345,"((1,2),((3,4),5))"
1,59,0.00110927,0.645587,0.644279,39,18,0.661017,0.305085,"((1,2),((3,4),5))"
1,60,0.00099834,0.646070,0.644279,40,19,0.666667,0.316667,"((1,2),((3,4),5))"
1,61,0.00089851,0.646070,0.644279,40,19,0.655738,0.311475,"((1,2),((3,4),5))"
1,62,0.00080865,0.646070,0.644279,40,19,0.645161,0.306452,"((1,2),((3,4),5))"
1,63,0.00072779,0.646070,0.644279,40,19,0.634921,0.301587,"((1,2),((3,4),5))"
1,64,0.00065501,0.646070,0.644279,40,19,0.625000,0.296875,"((1,2),((3,4),5))"
1,65,0.00058951,0.646120,0.644279,41,20,0.630769,0.307692,"((1,2),((3,4),5))"
1,66,0.00053056,0.646120,0.644279,41,20,0.621212,0.303030,"((1,2),((3,4),5))"
1,67,0.00047750,0.646120,0.644279,41,20,0.611940,0.298507,"((1,2),((3,4),5))"
1,68,0.00042975,0.646120,0.644279,41,20,0.602941,0.294118,"((1,2),((3,4),5))"
1,69,0.00038678,0.646043,0.644279,42,20,0.608696,0.289855,"((1,2),((3,4),5))"
1,70,0.00034810,0.645669,0.644279,43,20,0.614286,0.285714,"((1,2),((3,4),5))"
1,71,0.00031329,0.645669,0.644279,43,20,0.605634,0.281690,"((1,2),((3,4),5))"
1,72,0.00028196,0.645669,0.644279,43,20,0.597222,0.277778,"((1,2),((3,4),5))"
1,73,0.00025376,0.645776,0.644279,44,21,0.602740,0.287671,"((1,2),((3,4),5))"
1,74,0.00022839,0.645637,0.644279,45,21,0.608108,0.283784,"((1,2),((3,4),5))"
1,75,0.00020555,0.646051,0.644279,46,22,0.613333,0.293333,"((1,2),((3,4),5))"
1,76,0.00018499,0.646051,0.644279,46,22,0.605263,0.289474,"((1,2),((3,4),5))"
1,77,0.00016649,0.645255,0.644279,47,22,0.610390,0.285714,"((1,2),((3,4),5))"
1,78,0.00014985,0.645255,0.644279,47,22,0.602564,0.282051,"((1,2),((3,4),5))"
1,79,0.00013486,0.644973,0.644279,48,22,0.607595,0.278481,"((1,2),((3,4),5))"
1,80,0.00012137,0.644868,0.644279,49,22,0.612500,0.275000,"((1,2),((3,4),5))"
1,81,0.00010924,0.644868,0.644279,50,22,0.617284,0.271605,"((1,2),((3,4),5))"
1,82,0.00009831,0.644808,0.644279,51,22,0.621951,0.268293,"((1,2),((3,4),5))"
1,83,0.00008848,0.644679,0.644279,52,22,0.626506,0.265060,"((1,2),((3,4),5))"
1,84,0.00007963,0.643878,0.643878,53,22,0.630952,0.261905,"((1,2),(3,(4,5)))"
1,85,0.00007167,0.643878,0.643878,53,22,0.623529,0.258824,"((1,2),(3,(4,5)))"
1,86,0.00006450,0.643878,0.643878,53,22,0.616279,0.255814,"((1,2),(3,(4,5)))"
1,87,0.00005805,0.643708,0.643708,54,22,0.620690,0.252874,"((1,2),(3,(4,5)))"
1,88,0.00005225,0.643708,0.643708,54,22,0.613636,0.250000,"((1,2),(3,(4,5)))"
1,89,0.00004702,0.643708,0.643708,54,22,0.606742,0.247191,"((1,2),(3,(4,5)))"
1,90,0.00004232,0.643708,0.643708,54,22,0.600000,0.244444,"((1,2),(3,(4,5)))"
1,91,0.00003809,0.643708,0.643708,54,22,0.593407,0.241758,"((1,2),(3,(4,5)))"
1,92,0.00003428,0.643708,0.643708,54,22,0.586957,0.239130,"((1,2),(3,(4,5)))"
1,93,0.00003085,0.643708,0.643708,54,22,0.580645,0.236559,"((1,2),(3,(4,5)))"
1,94,0.00002777,0.643708,0.643708,54,22,0.574468,0.234043,"((1,2),(3,(4,5)))"
1,95,0.00002499,0.643626,0.643626,55,22,0.578947,0.231579,"((1,2),(3,(4,5)))"
1,96,0.00002249,0.643626,0.643626,55,22,0.572917,0.229167,"((1,2),(3,(4,5)))"
1,97,0.00002024,0.643626,0.643626,55,22,0.567010,0.226804,"((1,2),(3,(4,5)))"
1,98,0.00001822,0.643626,0.643626,55,22,0.561224,0.224490,"((1,2),(3,(4,5)))"
1,99,0.00001640,0.643626,0.643626,55,22,0.555556,0.222222,"((1,2),(3,(4,5)))"
1,100,0.00001476,0.643626,0.643626,55,22,0.550000,0.220000,"((1,2),(3,(4,5)))"
1,101,0.00001328,0.643626,0.643626,55,22,0.544554,0.217822,"((1,2),(3,(4,5)))"
1,102,0.00001195,0.643426,0.643426,56,22,0.549020,0.215686,"((1,2),(3,(4,5)))"
1,103,0.00001076,0.643357,0.643357,57,22,0.553398,0.213592,"((1,2),(3,(4,5)))"
1,104,0.00000968,0.640175,0.640175,58,22,0.557692,0.211538,"((1,2),(3,(4,5)))"
1,105,0.00000871,0.639250,0.639250,59,22,0.561905,0.209524,"((1,2),(3,(4,5)))"
1,106,0.00000784,0.639250,0.639250,59,22,0.556604,0.207547,"((1,2),(3,(4,5)))"
1,107,0.00000706,0.639250,0.639250,59,22,0.551402,0.205607,"((1,2),(3,(4,5)))"
1,108,0.00000635,0.639250,0.639250,59,22,0.546296,0.203704,"((1,2),(3,(4,5)))"
1,109,0.00000572,0.638781,0.638781,60,22,0.550459,0.201835,"((1,2),(3,(4,5)))"
1,110,0.00000515,0.638781,0.638781,60,22,0.545455,0.200000,"((1,2),(3,(4,5)))"
1,111,0.00000463,0.638781,0.638781,60,22,0.540541,0.198198,"((1,2),(3,(4,5)))"
1,112,0.00000417,0.638781,0.638781,60,22,0.535714,0.196429,"((1,2),(3,(4,5)))"
1,113,0.00000375,0.627128,0.627128,61,22,0.539823,0.194690,"((1,2),(3,(4,5)))"
1,114,0.00000338,0.627128,0.627128,61,22,0.535088,0.192982,"((1,2),(3,(4,5)))"
1,115,0.00000304,0.627128,0.627128,61,22,0.530435,0.191304,"((1,2),(3,(4,5)))"
1,116,0.00000273,0.627128,0.627128,61,22,0.525862,0.189655,"((1,2),(3,(4,5)))"
1,117,0.00000246,0.627128,0.627128,61,22,0.521368,0.188034,"((1,2),(3,(4,5)))"
1,118,0.00000221,0.627128,0.627128,61,22,0.516949,0.186441,"((1,2),(3,(4,5)))"
1,119,0.00000199,0.627128,0.627128,61,22,0.512605,0.184874,"((1,2),(3,(4,5)))"
1,120,0.00000179,0.627128,0.627128,61,22,0.508333,0.183333,"((1,2),(3,(4,5)))"
1,121,0.00000161,0.627128,0.627128,61,22,0.504132,0.181818,"((1,2),(3,(4,5)))"
1,122,0.00000145,0.627128,0.627128,61,22,0.500000,0.180328,"((1,2),(3,(4,5)))"
1,123,0.00000131,0.627128,0.627128,61,22,0.495935,0.178862,"((1,2),(3,(4,5)))"
1,124,0.00000118,0.627128,0.627128,61,22,0.491935,0.177419,"((1,2),(3,(4,5)))"
1,125,0.00000106,0.627128,0.627128,61,22,0.488000,0.176000,"((1,2),(3,(4,5)))"
1,126,0.00000095,0.627128,0.627128,61,22,0.484127,0.174603,"((1,2),(3,(4,5)))"
1,127,0.00000086,0.627128,0.627128,61,22,0.480315,0.173228,"((1,2),(3,(4,5)))"
1,128,0.00000077,0.626922,0.626922,62,22,0.484375,0.171875,"((1,2),(3,(4,5)))"
1,129,0.00000070,0.626922,0.626922,62,22,0.480620,0.170543,"((1,2),(3,(4,5)))"
1,130,0.00000063,0.626922,0.626922,62,22,0.476923,0.169231,"((1,2),(3,(4,5)))"
1,131,0.00000056,0.626922,0.626922,63,22,0.480916,0.167939,"((1,2),(3,(4,5)))"
1,132,0.00000051,0.626922,0.626922,63,22,0.477273,0.166667,"((1,2),(3,(4,5)))"
1,133,0.00000046,0.626922,0.626922,63,22,0.473684,0.165414,"((1,2),(3,(4,5)))"
1,134,0.00000041,0.626922,0.626922,63,22,0.470149,0.164179,"((1,2),(3,(4,5)))"
1,135,0.00000037,0.626922,0.626922,63,22,0.466667,0.162963,"((1,2),(3,(4,5)))"
1,136,0.00000033,0.626922,0.626922,63,22,0.463235,0.161765,"((1,2),(3,(4,5)))"
1,137,0.00000030,0.626922,0.626922,64,22,0.467153,0.160584,"((1,2),(3,(4,5)))"
1,138,0.00000027,0.626922,0.626922,64,22,0.463768,0.159420,"((1,2),(3,(4,5)))"
1,139,0.00000024,0.626922,0.626922,64,22,0.460432,0.158273,"((1,2),(3,(4,5)))"
1,140,0.00000022,0.626922,0.626922,65,22,0.464286,0.157143,"((1,2),(3,(4,5)))"
1,141,0.00000020,0.626922,0.626922,65,22,0.460993,0.156028,"((1,2),(3,(4,5)))"
1,142,0.00000018,0.626922,0.626922,65,22,0.457746,0.154930,"((1,2),(3,(4,5)))"
1,143,0.00000016,0.626922,0.626922,65,22,0.454545,0.153846,"((1,2),(3,(4,5)))"
1,144,0.00000014,0.626922,0.626922,65,22,0.451389,0.152778,"((1,2),(3,(4,5)))"
1,145,0.00000013,0.626922,0.626922,65,22,0.448276,0.151724,"((1,2),(3,(4,5)))"
1,146,0.00000012,0.626922,0.626922,65,22,0.445205,0.150685,"((1,2),(3,(4,5)))"
1,147,0.00000010,0.626922,0.626922,65,22,0.442177,0.149660,"((1,2),(3,(4,5)))"
1,148,0.00000009,0.626922,0.626922,65,22,0.439189,0.148649,"((1,2),(3,(4,5)))"
1,149,0.00000008,0.626922,0.626922,65,22,0.436242,0.147651,"((1,2),(3,(4,5)))"
1,150,0.00000008,0.626922,0.626922,65,22,0.433333,0.146667,"((1,2),(3,(4,5)))"
2,0,0.50000000,0.748155,0.748155,0,0,0.000000,0.000000,"(((1,2),3),(4,5))"
2,1,0.50000000,0.654879,0.654879,1,0,1.000000,0.000000,"((1,2),(3,(4,5)))"
2,2,0.45000000,0.655373,0.654879,2,1,1.000000,0.500000,"((1,2),(3,(4,5)))"
2,3,0.40500000,0.657975,0.654879,3,2,1.000000,0.666667,"((1,2),(3,(4,5)))"
2,4,0.36450000,0.658782,0.654879,4,3,1.000000,0.750000,"((1,2),(3,(4,5)))"
2,5,0.32805000,0.658263,0.654879,5,3,1.000000,0.600000,"((1,2),(3,(4,5)))"
2,6,0.29524500,0.654050,0.654050,6,3,1.000000,0.500000,"((1,2),((3,4),5))"
2,7,0.26572050,0.658007,0.654050,7,4,1.000000,0.571429,"((1,2),((3,4),5))"
2,8,0.23914845,0.658197,0.654050,8,5,1.000000,0.625000,"((1,2),((3,4),5))"
2,9,0.21523361,0.656520,0.654050,9,5,1.000000,0.555556,"((1,2),((3,4),5))"
2,10,0.19371024,0.655958,0.654050,10,5,1.000000,0.500000,"((1,2),((3,4),5))"
2,11,0.17433922,0.683632,0.654050,11,6,1.000000,0.545455,"((1,2),((3,4),5))"
2,12,0.15690530,0.683041,0.654050,12,6,1.000000,0.500000,"((1,2),((3,4),5))"
2,13,0.14121477,0.683041,0.654050,12,6,0.923077,0.461538,"((1,2),((3,4),5))"
2,14,0.12709329,0.663364,0.654050,13,6,0.928571,0.428571,"((1,2),((3,4),5))"
2,15,0.11438396,0.742775,0.654050,14,7,0.933333,0.466667,"((1,2),((3,4),5))"
2,16,0.10294557,0.749416,0.654050,15,8,0.937500,0.500000,"((1,2),((3,4),5))"
2,17,0.09265101,0.748733,0.654050,16,8,0.941176,0.470588,"((1,2),((3,4),5))"
2,18,0.08338591,0.735376,0.654050,17,8,0.944444,0.444444,"((1,2),((3,4),5))"
2,19,0.07504732,0.737388,0.654050,18,9,0.947368,0.473684,"((1,2),((3,4),5))"
2,20,0.06754259,0.741274,0.654050,19,10,0.950000,0.500000,"((1,2),((3,4),5))"
2,21,0.06078833,0.741274,0.654050,19,10,0.904762,0.476190,"((1,2),((3,4),5))"
2,22,0.05470949,0.756794,0.654050,20,11,0.909091,0.500000,"((1,2),((3,4),5))"
2,23,0.04923855,0.739567,0.654050,21,11,0.913043,0.478261,"((1,2),((3,4),5))"
2,24,0.04431469,0.739567,0.654050,21,11,0.875000,0.458333,"((1,2),((3,4),5))"
2,25,0.03988322,0.739567,0.654050,21,11,0.840000,0.440000,"((1,2),((3,4),5))"
2,26,0.03589490,0.739567,0.654050,21,11,0.807692,0.423077,"((1,2),((3,4),5))"
2,27,0.03230541,0.801126,0.654050,22,12,0.814815,0.444444,"((1,2),((3,4),5))"
2,28,0.02907487,0.801126,0.654050,22,12,0.785714,0.428571,"((1,2),((3,4),5))"
2,29,0.02616738,0.768477,0.654050,23,12,0.793103,0.413793,"((1,2),((3,4),5))"
2,30,0.02355064,0.666988,0.654050,24,12,0.800000,0.400000,"((1,2),((3,4),5))"
2,31,0.02119558,0.669986,0.654050,25,13,0.806452,0.419355,"((1,2),((3,4),5))"
2,32,0.01907602,0.669185,0.654050,26,13,0.812500,0.406250,"((1,2),((3,4),5))"
2,33,0.01716842,0.668793,0.654050,27,13,0.818182,0.393939,"((1,2),((3,4),5))"
2,34,0.01545158,0.668793,0.654050,27,13,0.794118,0.382353,"((1,2),((3,4),5))"
2,35,0.01390642,0.670733,0.654050,28,14,0.800000,0.400000,"((1,2),((3,4),5))"
2,36,0.01251578,0.670030,0.654050,29,14,0.805556,0.388889,"((1,2),((3,4),5))"
2,37,0.01126420,0.670030,0.654050,29,14,0.783784,0.378378,"((1,2),((3,4),5))"
2,38,0.01013778,0.670030,0.654050,29,14,0.763158,0.368421,"((1,2),((3,4),5))"
2,39,0.00912400,0.670030,0.654050,29,14,0.743590,0.358974,"((1,2),((3,4),5))"
2,40,0.00821160,0.670030,0.654050,29,14,0.725000,0.350000,"((1,2),((3,4),5))"
2,41,0.00739044,0.670030,0.654050,29,14,0.707317,0.341463,"((1,2),((3,4),5))"
2,42,0.00665140,0.673162,0.654050,30,15,0.714286,0.357143,"((1,2),((3,4),5))"
2,43,0.00598626,0.673162,0.654050,30,15,0.697674,0.348837,"((1,2),((3,4),5))"
2,44,0.00538763,0.677287,0.654050,31,16,0.704545,0.363636,"((1,2),((3,4),5))"
2,45,0.00484887,0.671598,0.654050,32,16,0.711111,0.355556,"((1,2),((3,4),5))"
2,46,0.00436398,0.672510,0.654050,33,17,0.717391,0.369565,"((1,2),((3,4),5))"
2,47,0.00392758,0.673675,0.654050,34,18,0.723404,0.382979,"((1,2),((3,4),5))"
2,48,0.00353483,0.673675,0.654050,34,18,0.708333,0.375000,"((1,2),((3,4),5))"
2,49,0.00318134,0.665142,0.654050,35,18,0.714286,0.367347,"((1,2),((3,4),5))"
2,50,0.00286321,0.665142,0.654050,35,18,0.700000,0.360000,"((1,2),((3,4),5))"
2,51,0.00257689,0.665142,0.654050,35,18,0.686275,0.352941,"((1,2),((3,4),5))"
2,52,0.00231920,0.664680,0.654050,36,18,0.692308,0.346154,"((1,2),((3,4),5))"
2,53,0.00208728,0.665478,0.654050,37,19,0.698113,0.358491,"((1,2),((3,4),5))"
2,54,0.00187855,0.667662,0.654050,38,20,0.703704,0.370370,"((1,2),((3,4),5))"
2,55,0.00169070,0.667662,0.654050,38,20,0.690909,0.363636,"((1,2),((3,4),5))"
2,56,0.00152163,0.665550,0.654050,39,20,0.696429,0.357143,"((1,2),((3,4),5))"
2,57,0.00136946,0.666669,0.654050,40,21,0.701754,0.368421,"((1,2),((3,4),5))"
2,58,0.00123252,0.666669,0.654050,40,21,0.689655,0.362069,"((1,2),((3,4),5))"
2,59,0.00110927,0.666118,0.654050,41,21,0.694915,0.355932,"((1,2),((3,4),5))"
2,60,0.00099834,0.664848,0.654050,42,21,0.700000,0.350000,"((1,2),((3,4),5))"
2,61,0.00089851,0.664848,0.654050,42,21,0.688525,0.344262,"((1,2),((3,4),5))"
2,62,0.00080865,0.663177,0.654050,43,21,0.693548,0.338710,"((1,2),((3,4),5))"
2,63,0.00072779,0.663177,0.654050,43,21,0.682540,0.333333,"((1,2),((3,4),5))"
2,64,0.00065501,0.663177,0.654050,43,21,0.671875,0.328125,"((1,2),((3,4),5))"
2,65,0.00058951,0.663177,0.654050,43,21,0.661538,0.323077,"((1,2),((3,4),5))"
2,66,0.00053056,0.663177,0.654050,43,21,0.651515,0.318182,"((1,2),((3,4),5))"
2,67,0.00047750,0.663177,0.654050,43,21,0.641791,0.313433,"((1,2),((3,4),5))"
2,68,0.00042975,0.663177,0.654050,43,21,0.632353,0.308824,"((1,2),((3,4),5))"
2,69,0.00038678,0.663177,0.654050,43,21,0.623188,0.304348,"((1,2),((3,4),5))"
2,70,0.00034810,0.641398,0.641398,44,21,0.628571,0.300000,"((1,2),(3,(4,5)))"
2,71,0.00031329,0.638774,0.638774,45,21,0.633803,0.295775,"((1,2),(3,(4,5)))"
2,72,0.00028196,0.638774,0.638774,45,21,0.625000,0.291667,"((1,2),(3,(4,5)))"
2,73,0.00025376,0.638306,0.638306,46,21,0.630137,0.287671,"((1,2),(3,(4,5)))"
2,74,0.00022839,0.638306,0.638306,46,21,0.621622,0.283784,"((1,2),(3,(4,5)))"
2,75,0.00020555,0.637651,0.637651,47,21,0.626667,0.280000,"((1,2),(3,(4,5)))"
2,76,0.00018499,0.637093,0.637093,48,21,0.631579,0.276316,"((1,2),(3,(4,5)))"
2,77,0.00016649,0.635647,0.635647,49,21,0.636364,0.272727,"((1,2),(3,(4,5)))"
2,78,0.00014985,0.635647,0.635647,49,21,0.628205,0.269231,"((1,2),(3,(4,5)))"
2,79,0.00013486,0.635647,0.635647,49,21,0.620253,0.265823,"((1,2),(3,(4,5)))"
2,80,0.00012137,0.635647,0.635647,49,21,0.612500,0.262500,"((1,2),(3,(4,5)))"
2,81,0.00010924,0.635647,0.635647,49,21,0.604938,0.259259,"((1,2),(3,(4,5)))"
2,82,0.00009831,0.635647,0.635647,49,21,0.597561,0.256098,"((1,2),(3,(4,5)))"
2,83,0.00008848,0.635647,0.635647,49,21,0.590361,0.253012,"((1,2),(3,(4,5)))"
2,84,0.00007963,0.635647,0.635647,49,21,0.583333,0.250000,"((1,2),(3,(4,5)))"
2,85,0.00007167,0.635647,0.635647,49,21,0.576471,0.247059,"((1,2),(3,(4,5)))"
2,86,0.00006450,0.635647,0.635647,49,21,0.569767,0.244186,"((1,2),(3,(4,5)))"
2,87,0.00005805,0.635647,0.635647,49,21,0.563218,0.241379,"((1,2),(3,(4,5)))"
2,88,0.00005225,0.635647,0.635647,49,21,0.556818,0.238636,"((1,2),(3,(4,5)))"
2,89,0.00004702,0.635357,0.635357,50,21,0.561798,0.235955,"((1,2),(3,(4,5)))"
2,90,0.00004232,0.635357,0.635357,50,21,0.555556,0.233333,"((1,2),(3,(4,5)))"
2,91,0.00003809,0.635357,0.635357,50,21,0.549451,0.230769,"((1,2),(3,(4,5)))"
2,92,0.00003428,0.634792,0.634792,51,21,0.554348,0.228261,"((1,2),(3,(4,5)))"
2,93,0.00003085,0.634578,0.634578,52,21,0.559140,0.225806,"((1,2),(3,(4,5)))"
2,94,0.00002777,0.634578,0.634578,52,21,0.553191,0.223404,"((1,2),(3,(4,5)))"
2,95,0.00002499,0.634578,0.634578,52,21,0.547368,0.221053,"((1,2),(3,(4,5)))"
2,96,0.00002249,0.634578,0.634578,52,21,0.541667,0.218750,"((1,2),(3,(4,5)))"
2,97,0.00002024,0.634578,0.634578,52,21,0.536082,0.216495,"((1,2),(3,(4,5)))"
2,98,0.00001822,0.627990,0.627990,53,21,0.540816,0.214286,"((1,2),(3,(4,5)))"
2,99,0.00001640,0.627990,0.627990,53,21,0.535354,0.212121,"((1,2),(3,(4,5)))"
2,100,0.00001476,0.627990,0.627990,53,21,0.530000,0.210000,"((1,2),(3,(4,5)))"
2,101,0.00001328,0.627990,0.627990,54,21,0.534653,0.207921,"((1,2),(3,(4,5)))"
2,102,0.00001195,0.625990,0.625990,55,21,0.539216,0.205882,"((1,2),(3,(4,5)))"
2,103,0.00001076,0.625990,0.625990,55,21,0.533981,0.203883,"((1,2),(3,(4,5)))"
2,104,0.00000968,0.625990,0.625990,55,21,0.528846,0.201923,"((1,2),(3,(4,5)))"
2,105,0.00000871,0.625990,0.625990,55,21,0.523810,0.200000,"((1,2),(3,(4,5)))"
2,106,0.00000784,0.625990,0.625990,55,21,0.518868,0.198113,"((1,2),(3,(4,5)))"
2,107,0.00000706,0.625990,0.625990,55,21,0.514019,0.196262,"((1,2),(3,(4,5)))"
2,108,0.00000635,0.625994,0.625990,56,22,0.518519,0.203704,"((1,2),(3,(4,5)))"
2,109,0.00000572,0.625994,0.625990,56,22,0.513761,0.201835,"((1,2),(3,(4,5)))"
2,110,0.00000515,0.625994,0.625990,56,22,0.509091,0.200000,"((1,2),(3,(4,5)))"
2,111,0.00000463,0.625994,0.625990,56,22,0.504505,0.198198,"((1,2),(3,(4,5)))"
2,112,0.00000417,0.625994,0.625990,56,22,0.500000,0.196429,"((1,2),(3,(4,5)))"
2,113,0.00000375,0.625994,0.625990,56,22,0.495575,0.194690,"((1,2),(3,(4,5)))"
2,114,0.00000338,0.625994,0.625990,56,22,0.491228,0.192982,"((1,2),(3,(4,5)))"
2,115,0.00000304,0.625914,0.625914,57,22,0.495652,0.191304,"((1,2),(3,(4,5)))"
2,116,0.00000273,0.625914,0.625914,57,22,0.491379,0.189655,"((1,2),(3,(4,5)))"
2,117,0.00000246,0.625914,0.625914,57,22,0.487179,0.188034,"((1,2),(3,(4,5)))"
2,118,0.00000221,0.625914,0.625914,57,22,0.483051,0.186441,"((1,2),(3,(4,5)))"
2,119,0.00000199,0.625914,0.625914,57,22,0.478992,0.184874,"((1,2),(3,(4,5)))"
2,120,0.00000179,0.625914,0.625914,57,22,0.475000,0.183333,"((1,2),(3,(4,5)))"
2,121,0.00000161,0.625914,0.625914,57,22,0.471074,0.181818,"((1,2),(3,(4,5)))"
2,122,0.00000145,0.625914,0.625914,57,22,0.467213,0.180328,"((1,2),(3,(4,5)))"
2,123,0.00000131,0.625914,0.625914,57,22,0.463415,0.178862,"((1,2),(3,(4,5)))"
2,124,0.00000118,0.625914,0.625914,57,22,0.459677,0.177419,"((1,2),(3,(4,5)))"
2,125,0.00000106,0.625914,0.625914,57,22,0.456000,0.176000,"((1,2),(3,(4,5)))"
2,126,0.00000095,0.625914,0.625914,57,22,0.452381,0.174603,"((1,2),(3,(4,5)))"
2,127,0.00000086,0.625914,0.625914,57,22,0.448819,0.173228,"((1,2),(3,(4,5)))"
2,128,0.00000077,0.625914,0.625914,57,22,0.445312,0.171875,"((1,2),(3,(4,5)))"
2,129,0.00000070,0.625914,0.625914,57,22,0.441860,0.170543,"((1,2),(3,(4,5)))"
2,130,0.00000063,0.625914,0.625914,57,22,0.438462,0.169231,"((1,2),(3,(4,5)))"
2,131,0.00000056,0.625914,0.625914,57,22,0.435115,0.167939,"((1,2),(3,(4,5)))"
2,132,0.00000051,0.625914,0.625914,57,22,0.431818,0.166667,"((1,2),(3,(4,5)))"
2,133,0.00000046,0.625914,0.625914,57,22,0.428571,0.165414,"((1,2),(3,(4,5)))"
2,134,0.00000041,0.625914,0.625914,57,22,0.425373,0.164179,"((1,2),(3,(4,5)))"
2,135,0.00000037,0.625914,0.625914,57,22,0.422222,0.162963,"((1,2),(3,(4,5)))"
2,136,0.00000033,0.625914,0.625914,57,22,0.419118,0.161765,"((1,2),(3,(4,5)))"
2,137,0.00000030,0.625767,0.625767,58,22,0.423358,0.160584,"((1,2),(3,(4,5)))"
2,138,0.00000027,0.625767,0.625767,58,22,0.420290,0.159420,"((1,2),(3,(4,5)))"
2,139,0.00000024,0.625767,0.625767,58,22,0.417266,0.158273,"((1,2),(3,(4,5)))"
2,140,0.00000022,0.625767,0.625767,58,22,0.414286,0.157143,"((1,2),(3,(4,5)))"
2,141,0.00000020,0.625767,0.625767,58,22,0.411348,0.156028,"((1,2),(3,(4,5)))"
2,142,0.00000018,0.625767,0.625767,58,22,0.408451,0.154930,"((1,2),(3,(4,5)))"
2,143,0.00000016,0.625767,0.625767,58,22,0.405594,0.153846,"((1,2),(3,(4,5)))"
2,144,0.00000014,0.625767,0.625767,58,22,0.402778,0.152778,"((1,2),(3,(4,5)))"
2,145,0.00000013,0.625767,0.625767,58,22,0.400000,0.151724,"((1,2),(3,(4,5)))"
2,146,0.00000012,0.625767,0.625767,58,22,0.397260,0.150685,"((1,2),(3,(4,5)))"
2,147,0.00000010,0.625767,0.625767,59,22,0.401361,0.149660,"((1,2),(3,(4,5)))"
2,148,0.00000009,0.625767,0.625767,59,22,0.398649,0.148649,"((1,2),(3,(4,5)))"
2,149,0.00000008,0.625767,0.625767,59,22,0.395973,0.147651,"((1,2),(3,(4,5)))"
2,150,0.00000008,0.625767,0.625767,59,22,0.393333,0.146667,"((1,2),(3,(4,5)))"
3,0,0.50000000,0.748155,0.748155,0,0,0.000000,0.000000,"(((1,2),3),(4,5))"
3,1,0.50000000,0.748167,0.748155,1,1,1.000000,1.000000,"(((1,2),3),(4,5))"
3,2,0.45000000,0.748167,0.748155,1,1,0.500000,0.500000,"(((1,2),3),(4,5))"
3,3,0.40500000,0.742383,0.742383,2,1,0.666667,0.333333,"(((1,2),3),(4,5))"
3,4,0.36450000,0.717239,0.717239,3,1,0.750000,0.250000,"(((1,2),3),(4,5))"
3,5,0.32805000,0.784405,0.717239,4,2,0.800000,0.400000,"(((1,2),3),(4,5))"
3,6,0.29524500,0.775840,0.717239,5,2,0.833333,0.333333,"(((1,2),3),(4,5))"
3,7,0.26572050,0.768674,0.717239,6,2,0.857143,0.285714,"(((1,2),3),(4,5))"
3,8,0.23914845,0.752566,0.717239,7,2,0.875000,0.250000,"(((1,2),3),(4,5))"
3,9,0.21523361,0.767303,0.717239,8,3,0.888889,0.333333,"(((1,2),3),(4,5))"
3,10,0.19371024,0.793415,0.717239,9,4,0.900000,0.400000,"(((1,2),3),(4,5))"
3,11,0.17433922,0.766475,0.717239,10,4,0.909091,0.363636,"(((1,2),3),(4,5))"
3,12,0.15690530,0.766475,0.717239,10,4,0.833333,0.333333,"(((1,2),3),(4,5))"
3,13,0.14121477,0.766475,0.717239,10,4,0.769231,0.307692,"(((1,2),3),(4,5))"
3,14,0.12709329,0.771368,0.717239,11,5,0.785714,0.357143,"(((1,2),3),(4,5))"
3,15,0.11438396,0.769759,0.717239,12,5,0.800000,0.333333,"(((1,2),3),(4,5))"
3,16,0.10294557,0.769759,0.717239,12,5,0.750000,0.312500,"(((1,2),3),(4,5))"
3,17,0.09265101,0.782807,0.717239,13,6,0.764706,0.352941,"(((1,2),3),(4,5))"
3,18,0.08338591,0.790913,0.717239,14,7,0.777778,0.388889,"(((1,2),3),(4,5))"
3,19,0.07504732,0.771747,0.717239,15,7,0.789474,0.368421,"(((1,2),3),(4,5))"
3,20,0.06754259,0.771747,0.717239,15,7,0.750000,0.350000,"(((1,2),3),(4,5))"
3,21,0.06078833,0.841245,0.717239,16,8,0.761905,0.380952,"(((1,2),3),(4,5))"
3,22,0.05470949,0.786375,0.717239,17,8,0.772727,0.363636,"(((1,2),3),(4,5))"
3,23,0.04923855,0.786375,0.717239,17,8,0.739130,0.347826,"(((1,2),3),(4,5))"
3,24,0.04431469,0.787395,0.717239,18,9,0.750000,0.375000,"(((1,2),3),(4,5))"
3,25,0.03988322,0.808177,0.717239,19,10,0.760000,0.400000,"(((1,2),3),(4,5))"
3,26,0.03589490,0.761465,0.717239,20,10,0.769231,0.384615,"(((1,2),3),(4,5))"
3,27,0.03230541,0.761465,0.717239,20,10,0.740741,0.370370,"(((1,2),3),(4,5))"
3,28,0.02907487,0.756614,0.717239,21,10,0.750000,0.357143,"(((1,2),3),(4,5))"
3,29,0.02616738,0.756426,0.717239,22,10,0.758621,0.344828,"(((1,2),3),(4,5))"
3,30,0.02355064,0.757888,0.717239,23,11,0.766667,0.366667,"(((1,2),3),(4,5))"
3,31,0.02119558,0.757888,0.717239,23,11,0.741935,0.354839,"(((1,2),3),(4,5))"
3,32,0.01907602,0.746966,0.717239,24,11,0.750000,0.343750,"(((1,2),3),(4,5))"
3,33,0.01716842,0.746966,0.717239,24,11,0.727273,0.333333,"(((1,2),3),(4,5))"
3,34,0.01545158,0.748291,0.717239,25,12,0.735294,0.352941,"(((1,2),3),(4,5))"
3,35,0.01390642,0.632708,0.632708,26,12,0.742857,0.342857,"((1,2),(3,(4,5)))"
3,36,0.01251578,0.633333,0.632708,27,13,0.750000,0.361111,"((1,2),(3,(4,5)))"
3,37,0.01126420,0.633043,0.632708,28,13,0.756757,0.351351,"((1,2),(3,(4,5)))"
3,38,0.01013778,0.629434,0.629434,29,13,0.763158,0.342105,"((1,2),(3,(4,5)))"
3,39,0.00912400,0.629566,0.629434,30,14,0.769231,0.358974,"((1,2),(3,(4,5)))"
3,40,0.00821160,0.629566,0.629434,30,14,0.750000,0.350000,"((1,2),(3,(4,5)))"
3,41,0.00739044,0.629566,0.629434,30,14,0.731707,0.341463,"((1,2),(3,(4,5)))"
3,42,0.00665140,0.630595,0.629434,31,15,0.738095,0.357143,"((1,2),(3,(4,5)))"
3,43,0.00598626,0.630018,0.629434,32,15,0.744186,0.348837,"((1,2),(3,(4,5)))"
3,44,0.00538763,0.630528,0.629434,33,16,0.750000,0.363636,"((1,2),(3,(4,5)))"
3,45,0.00484887,0.630528,0.629434,33,16,0.733333,0.355556,"((1,2),(3,(4,5)))"
3,46,0.00436398,0.631315,0.629434,34,17,0.739130,0.369565,"((1,2),(3,(4,5)))"
3,47,0.00392758,0.626200,0.626200,35,17,0.744681,0.361702,"((1,2),(3,(4,5)))"
3,48,0.00353483,0.626200,0.626200,35,17,0.729167,0.354167,"((1,2),(3,(4,5)))"
3,49,0.00318134,0.626200,0.626200,35,17,0.714286,0.346939,"((1,2),(3,(4,5)))"
3,50,0.00286321,0.626200,0.626200,35,17,0.700000,0.340000,"((1,2),(3,(4,5)))"
3,51,0.00257689,0.626200,0.626200,35,17,0.686275,0.333333,"((1,2),(3,(4,5)))"
3,52,0.00231920,0.626619,0.626200,36,18,0.692308,0.346154,"((1,2),(3,(4,5)))"
3,53,0.00208728,0.627254,0.626200,37,19,0.698113,0.358491,"((1,2),(3,(4,5)))"
3,54,0.00187855,0.625017,0.625017,38,19,0.703704,0.351852,"((1,2),(3,(4,5)))"
3,55,0.00169070,0.624441,0.624441,39,19,0.709091,0.345455,"((1,2),(3,(4,5)))"
3,56,0.00152163,0.625529,0.624441,40,20,0.714286,0.357143,"((1,2),(3,(4,5)))"
3,57,0.00136946,0.625529,0.624441,40,20,0.701754,0.350877,"((1,2),(3,(4,5)))"
3,58,0.00123252,0.625529,0.624441,40,20,0.689655,0.344828,"((1,2),(3,(4,5)))"
3,59,0.00110927,0.625529,0.624441,40,20,0.677966,0.338983,"((1,2),(3,(4,5)))"
3,60,0.00099834,0.625529,0.624441,40,20,0.666667,0.333333,"((1,2),(3,(4,5)))"
3,61,0.00089851,0.625529,0.624441,40,20,0.655738,0.327869,"((1,2),(3,(4,5)))"
3,62,0.00080865,0.624566,0.624441,41,20,0.661290,0.322581,"((1,2),(3,(4,5)))"
3,63,0.00072779,0.624566,0.624441,41,20,0.650794,0.317460,"((1,2),(3,(4,5)))"
3,64,0.00065501,0.624248,0.624248,42,20,0.656250,0.312500,"((1,2),(3,(4,5)))"
3,65,0.00058951,0.623007,0.623007,43,20,0.661538,0.307692,"((1,2),(3,(4,5)))"
3,66,0.00053056,0.623007,0.623007,44,20,0.666667,0.303030,"((1,2),(3,(4,5)))"
3,67,0.00047750,0.622864,0.622864,45,20,0.671642,0.298507,"((1,2),(3,(4,5)))"
3,68,0.00042975,0.622864,0.622864,45,20,0.661765,0.294118,"((1,2),(3,(4,5)))"
3,69,0.00038678,0.622864,0.622864,45,20,0.652174,0.289855,"((1,2),(3,(4,5)))"
3,70,0.00034810,0.622864,0.622864,45,20,0.642857,0.285714,"((1,2),(3,(4,5)))"
3,71,0.00031329,0.621850,0.621850,46,20,0.647887,0.281690,"((1,2),(3,(4,5)))"
3,72,0.00028196,0.621850,0.621850,46,20,0.638889,0.277778,"((1,2),(3,(4,5)))"
3,73,0.00025376,0.621850,0.621850,46,20,0.630137,0.273973,"((1,2),(3,(4,5)))"
3,74,0.00022839,0.621850,0.621850,46,20,0.621622,0.270270,"((1,2),(3,(4,5)))"
3,75,0.00020555,0.621850,0.621850,46,20,0.613333,0.266667,"((1,2),(3,(4,5)))"
3,76,0.00018499,0.621850,0.621850,46,20,0.605263,0.263158,"((1,2),(3,(4,5)))"
3,77,0.00016649,0.621536,0.621536,47,20,0.610390,0.259740,"((1,2),(3,(4,5)))"
3,78,0.00014985,0.621536,0.621536,47,20,0.602564,0.256410,"((1,2),(3,(4,5)))"
3,79,0.00013486,0.621499,0.621499,48,20,0.607595,0.253165,"((1,2),(3,(4,5)))"
3,80,0.00012137,0.621499,0.621499,48,20,0.600000,0.250000,"((1,2),(3,(4,5)))"
3,81,0.00010924,0.621499,0.621499,48,20,0.592593,0.246914,"((1,2),(3,(4,5)))"
3,82,0.00009831,0.621499,0.621499,48,20,0.585366,0.243902,"((1,2),(3,(4,5)))"
3,83,0.00008848,0.621499,0.621499,48,20,0.578313,0.240964,"((1,2),(3,(4,5)))"
3,84,0.00007963,0.621499,0.621499,48,20,0.571429,0.238095,"((1,2),(3,(4,5)))"
3,85,0.00007167,0.621499,0.621499,48,20,0.564706,0.235294,"((1,2),(3,(4,5)))"
3,86,0.00006450,0.621499,0.621499,48,20,0.558140,0.232558,"((1,2),(3,(4,5)))"
3,87,0.00005805,0.621384,0.621384,49,20,0.563218,0.229885,"((1,2),(3,(4,5)))"
3,88,0.00005225,0.621315,0.621315,50,20,0.568182,0.227273,"((1,2),(3,(4,5)))"
3,89,0.00004702,0.621315,0.621315,50,20,0.561798,0.224719,"((1,2),(3,(4,5)))"
3,90,0.00004232,0.621315,0.621315,50,20,0.555556,0.222222,"((1,2),(3,(4,5)))"
3,91,0.00003809,0.621315,0.621315,50,20,0.549451,0.219780,"((1,2),(3,(4,5)))"
3,92,0.00003428,0.621315,0.621315,50,20,0.543478,0.217391,"((1,2),(3,(4,5)))"
3,93,0.00003085,0.621315,0.621315,50,20,0.537634,0.215054,"((1,2),(3,(4,5)))"
3,94,0.00002777,0.621315,0.621315,50,20,0.531915,0.212766,"((1,2),(3,(4,5)))"
3,95,0.00002499,0.621315,0.621315,50,20,0.526316,0.210526,"((1,2),(3,(4,5)))"
3,96,0.00002249,0.621315,0.621315,50,20,0.520833,0.208333,"((1,2),(3,(4,5)))"
3,97,0.00002024,0.621315,0.621315,50,20,0.515464,0.206186,"((1,2),(3,(4,5)))"
3,98,0.00001822,0.621315,0.621315,50,20,0.510204,0.204082,"((1,2),(3,(4,5)))"
3,99,0.00001640,0.621315,0.621315,50,20,0.505051,0.202020,"((1,2),(3,(4,5)))"
3,100,0.00001476,0.621315,0.621315,50,20,0.500000,0.200000,"((1,2),(3,(4,5)))"
3,101,0.00001328,0.621315,0.621315,50,20,0.495050,0.198020,"((1,2),(3,(4,5)))"
3,102,0.00001195,0.621315,0.621315,50,20,0.490196,0.196078,"((1,2),(3,(4,5)))"
3,103,0.00001076,0.621315,0.621315,50,20,0.485437,0.194175,"((1,2),(3,(4,5)))"
3,104,0.00000968,0.621315,0.621315,50,20,0.480769,0.192308,"((1,2),(3,(4,5)))"
3,105,0.00000871,0.621315,0.621315,50,20,0.476190,0.190476,"((1,2),(3,(4,5)))"
3,106,0.00000784,0.621036,0.621036,51,20,0.481132,0.188679,"((1,2),(3,(4,5)))"
3,107,0.00000706,0.621036,0.621036,52,20,0.485981,0.186916,"((1,2),(3,(4,5)))"
3,108,0.00000635,0.621036,0.621036,52,20,0.481481,0.185185,"((1,2),(3,(4,5)))"
3,109,0.00000572,0.621036,0.621036,52,20,0.477064,0.183486,"((1,2),(3,(4,5)))"
3,110,0.00000515,0.621036,0.621036,52,20,0.472727,0.181818,"((1,2),(3,(4,5)))"
3,111,0.00000463,0.621036,0.621036,52,20,0.468468,0.180180,"((1,2),(3,(4,5)))"
3,112,0.00000417,0.620957,0.620957,53,20,0.473214,0.178571,"((1,2),(3,(4,5)))"
3,113,0.00000375,0.620957,0.620957,53,20,0.469027,0.176991,"((1,2),(3,(4,5)))"
3,114,0.00000338,0.620957,0.620957,53,20,0.464912,0.175439,"((1,2),(3,(4,5)))"
3,115,0.00000304,0.620957,0.620957,53,20,0.460870,0.173913,"((1,2),(3,(4,5)))"
3,116,0.00000273,0.620957,0.620957,53,20,0.456897,0.172414,"((1,2),(3,(4,5)))"
3,117,0.00000246,0.620957,0.620957,53,20,0.452991,0.170940,"((1,2),(3,(4,5)))"
3,118,0.00000221,0.620957,0.620957,53,20,0.449153,0.169492,"((1,2),(3,(4,5)))"
3,119,0.00000199,0.620957,0.620957,53,20,0.445378,0.168067,"((1,2),(3,(4,5)))"
3,120,0.00000179,0.620934,0.620934,54,20,0.450000,0.166667,"((1,2),(3,(4,5)))"
3,121,0.00000161,0.620934,0.620934,54,20,0.446281,0.165289,"((1,2),(3,(4,5)))"
3,122,0.00000145,0.620934,0.620934,54,20,0.442623,0.163934,"((1,2),(3,(4,5)))"
3,123,0.00000131,0.620934,0.620934,54,20,0.439024,0.162602,"((1,2),(3,(4,5)))"
3,124,0.00000118,0.620934,0.620934,54,20,0.435484,0.161290,"((1,2),(3,(4,5)))"
3,125,0.00000106,0.620934,0.620934,54,20,0.432000,0.160000,"((1,2),(3,(4,5)))"
3,126,0.00000095,0.620934,0.620934,54,20,0.428571,0.158730,"((1,2),(3,(4,5)))"
3,127,0.00000086,0.620934,0.620934,54,20,0.425197,0.157480,"((1,2),(3,(4,5)))"
3,128,0.00000077,0.620934,0.620934,54,20,0.421875,0.156250,"((1,2),(3,(4,5)))"
3,129,0.00000070,0.620864,0.620864,55,20,0.426357,0.155039,"((1,2),(3,(4,5)))"
3,130,0.00000063,0.620864,0.620864,55,20,0.423077,0.153846,"((1,2),(3,(4,5)))"
3,131,0.00000056,0.620864,0.620864,55,20,0.419847,0.152672,"((1,2),(3,(4,5)))"
3,132,0.00000051,0.620864,0.620864,55,20,0.416667,0.151515,"((1,2),(3,(4,5)))"
3,133,0.00000046,0.620864,0.620864,55,20,0.413534,0.150376,"((1,2),(3,(4,5)))"
3,134,0.00000041,0.620864,0.620864,55,20,0.410448,0.149254,"((1,2),(3,(4,5)))"
3,135,0.00000037,0.620864,0.620864,55,20,0.407407,0.148148,"((1,2),(3,(4,5)))"
3,136,0.00000033,0.620864,0.620864,55,20,0.404412,0.147059,"((1,2),(3,(4,5)))"
3,137,0.00000030,0.620864,0.620864,55,20,0.401460,0.145985,"((1,2),(3,(4,5)))"
3,138,0.00000027,0.620864,0.620864,55,20,0.398551,0.144928,"((1,2),(3,(4,5)))"
3,139,0.00000024,0.620864,0.620864,55,20,0.395683,0.143885,"((1,2),(3,(4,5)))"
3,140,0.00000022,0.620864,0.620864,55,20,0.392857,0.142857,"((1,2),(3,(4,5)))"
3,141,0.00000020,0.620864,0.620864,55,20,0.390071,0.141844,"((1,2),(3,(4,5)))"
3,142,0.00000018,0.620864,0.620864,55,20,0.387324,0.140845,"((1,2),(3,(4,5)))"
3,143,0.00000016,0.620864,0.620864,55,20,0.384615,0.139860,"((1,2),(3,(4,5)))"
3,144,0.00000014,0.620864,0.620864,55,20,0.381944,0.138889,"((1,2),(3,(4,5)))"
3,145,0.00000013,0.620864,0.620864,55,20,0.379310,0.137931,"((1,2),(3,(4,5)))"
3,146,0.00000012,0.620864,0.620864,55,20,0.376712,0.136986,"((1,2),(3,(4,5)))"
3,147,0.00000010,0.620864,0.620864,55,20,0.374150,0.136054,"((1,2),(3,(4,5)))"
3,148,0.00000009,0.620864,0.620864,55,20,0.371622,0.135135,"((1,2),(3,(4,5)))"
3,149,0.00000008,0.620864,0.620864,55,20,0.369128,0.134228,"((1,2),(3,(4,5)))"
3,150,0.00000008,0.620864,0.620864,55,20,0.366667,0.133333,"((1,2),(3,(4,5)))"
4,0,0.50000000,0.780264,0.780264,0,0,0.000000,0.000000,"((1,(2,3)),(4,5))"
4,1,0.50000000,0.777229,0.777229,1,0,1.000000,0.000000,"(1,((2,3),(4,5)))"
4,2,0.45000000,0.777229,0.777229,1,0,0.500000,0.000000,"(1,((2,3),(4,5)))"
4,3,0.40500000,0.783104,0.777229,2,1,0.666667,0.333333,"(1,((2,3),(4,5)))"
4,4,0.36450000,0.783104,0.777229,2,1,0.500000,0.250000,"(1,((2,3),(4,5)))"
4,5,0.32805000,0.909726,0.777229,3,2,0.600000,0.400000,"(1,((2,3),(4,5)))"
4,6,0.29524500,1.110777,0.777229,4,3,0.666667,0.500000,"(1,((2,3),(4,5)))"
4,7,0.26572050,1.110777,0.777229,4,3,0.571429,0.428571,"(1,((2,3),(4,5)))"
4,8,0.23914845,1.116433,0.777229,5,4,0.625000,0.500000,"(1,((2,3),(4,5)))"
4,9,0.21523361,1.116433,0.777229,5,4,0.555556,0.444444,"(1,((2,3),(4,5)))"
4,10,0.19371024,0.945244,0.777229,6,4,0.600000,0.400000,"(1,((2,3),(4,5)))"
4,11,0.17433922,0.945244,0.777229,6,4,0.545455,0.363636,"(1,((2,3),(4,5)))"
4,12,0.15690530,0.945244,0.777229,6,4,0.500000,0.333333,"(1,((2,3),(4,5)))"
4,13,0.14121477,0.945435,0.777229,7,5,0.538462,0.384615,"(1,((2,3),(4,5)))"
4,14,0.12709329,0.945435,0.777229,7,5,0.500000,0.357143,"(1,((2,3),(4,5)))"
4,15,0.11438396,1.029016,0.777229,8,6,0.533333,0.400000,"(1,((2,3),(4,5)))"
4,16,0.10294557,1.022615,0.777229,9,6,0.562500,0.375000,"(1,((2,3),(4,5)))"
4,17,0.09265101,1.022615,0.777229,9,6,0.529412,0.352941,"(1,((2,3),(4,5)))"
4,18,0.08338591,1.022615,0.777229,9,6,0.500000,0.333333,"(1,((2,3),(4,5)))"
4,19,0.07504732,1.022615,0.777229,9,6,0.473684,0.315789,"(1,((2,3),(4,5)))"
4,20,0.06754259,1.033841,0.777229,10,7,0.500000,0.350000,"(1,((2,3),(4,5)))"
4,21,0.06078833,1.033841,0.777229,10,7,0.476190,0.333333,"(1,((2,3),(4,5)))"
4,22,0.05470949,1.045738,0.777229,11,8,0.500000,0.363636,"(1,((2,3),(4,5)))"
4,23,0.04923855,1.036071,0.777229,12,8,0.521739,0.347826,"(1,((2,3),(4,5)))"
4,24,0.04431469,1.036071,0.777229,12,8,0.500000,0.333333,"(1,((2,3),(4,5)))"
4,25,0.03988322,1.036071,0.777229,12,8,0.480000,0.320000,"(1,((2,3),(4,5)))"
4,26,0.03589490,1.036071,0.777229,12,8,0.461538,0.307692,"(1,((2,3),(4,5)))"
4,27,0.03230541,1.036071,0.777229,12,8,0.444444,0.296296,"(1,((2,3),(4,5)))"
4,28,0.02907487,1.036071,0.777229,12,8,0.428571,0.285714,"(1,((2,3),(4,5)))"
4,29,0.02616738,1.036071,0.777229,12,8,0.413793,0.275862,"(1,((2,3),(4,5)))"
4,30,0.02355064,0.847384,0.777229,13,8,0.433333,0.266667,"(1,((2,3),(4,5)))"
4,31,0.02119558,0.846905,0.777229,14,8,0.451613,0.258065,"(1,((2,3),(4,5)))"
4,32,0.01907602,0.846905,0.777229,14,8,0.437500,0.250000,"(1,((2,3),(4,5)))"
4,33,0.01716842,0.850924,0.777229,15,9,0.454545,0.272727,"(1,((2,3),(4,5)))"
4,34,0.01545158,0.850924,0.777229,15,9,0.441176,0.264706,"(1,((2,3),(4,5)))"
4,35,0.01390642,0.850678,0.777229,16,9,0.457143,0.257143,"(1,((2,3),(4,5)))"
4,36,0.01251578,0.850678,0.777229,16,9,0.444444,0.250000,"(1,((2,3),(4,5)))"
4,37,0.01126420,0.850678,0.777229,16,9,0.432432,0.243243,"(1,((2,3),(4,5)))"
4,38,0.01013778,0.850678,0.777229,16,9,0.421053,0.236842,"(1,((2,3),(4,5)))"
4,39,0.00912400,0.850678,0.777229,16,9,0.410256,0.230769,"(1,((2,3),(4,5)))"
4,40,0.00821160,0.850678,0.777229,16,9,0.400000,0.225000,"(1,((2,3),(4,5)))"
4,41,0.00739044,0.850678,0.777229,16,9,0.390244,0.219512,"(1,((2,3),(4,5)))"
4,42,0.00665140,0.850678,0.777229,16,9,0.380952,0.214286,"(1,((2,3),(4,5)))"
4,43,0.00598626,0.850678,0.777229,16,9,0.372093,0.209302,"(1,((2,3),(4,5)))"
4,44,0.00538763,0.850678,0.777229,16,9,0.363636,0.204545,"(1,((2,3),(4,5)))"
4,45,0.00484887,0.850554,0.777229,17,9,0.377778,0.200000,"(1,((2,3),(4,5)))"
4,46,0.00436398,0.850554,0.777229,17,9,0.369565,0.195652,"(1,((2,3),(4,5)))"
4,47,0.00392758,0.850554,0.777229,17,9,0.361702,0.191489,"(1,((2,3),(4,5)))"
4,48,0.00353483,0.833441,0.777229,18,9,0.375000,0.187500,"(1,((2,3),(4,5)))"
4,49,0.00318134,0.821280,0.777229,19,9,0.387755,0.183673,"(1,((2,3),(4,5)))"
4,50,0.00286321,0.821280,0.777229,19,9,0.380000,0.180000,"(1,((2,3),(4,5)))"
4,51,0.00257689,0.821280,0.777229,19,9,0.372549,0.176471,"(1,((2,3),(4,5)))"
4,52,0.00231920,0.692947,0.692947,20,9,0.384615,0.173077,"(1,(2,((3,4),5)))"
4,53,0.00208728,0.692499,0.692499,21,9,0.396226,0.169811,"(1,(2,((3,4),5)))"
4,54,0.00187855,0.650739,0.650739,22,9,0.407407,0.166667,"((1,2),((3,4),5))"
4,55,0.00169070,0.650739,0.650739,22,9,0.400000,0.163636,"((1,2),((3,4),5))"
4,56,0.00152163,0.650739,0.650739,22,9,0.392857,0.160714,"((1,2),((3,4),5))"
4,57,0.00136946,0.644082,0.644082,23,9,0.403509,0.157895,"((1,2),((3,4),5))"
4,58,0.00123252,0.644082,0.644082,23,9,0.396552,0.155172,"((1,2),((3,4),5))"
4,59,0.00110927,0.644082,0.644082,23,9,0.389831,0.152542,"((1,2),((3,4),5))"
4,60,0.00099834,0.644082,0.644082,23,9,0.383333,0.150000,"((1,2),((3,4),5))"
4,61,0.00089851,0.644082,0.644082,23,9,0.377049,0.147541,"((1,2),((3,4),5))"
4,62,0.00080865,0.644082,0.644082,23,9,0.370968,0.145161,"((1,2),((3,4),5))"
4,63,0.00072779,0.644323,0.644082,24,10,0.380952,0.158730,"((1,2),((3,4),5))"
4,64,0.00065501,0.643744,0.643744,25,10,0.390625,0.156250,"((1,2),((3,4),5))"
4,65,0.00058951,0.643744,0.643744,25,10,0.384615,0.153846,"((1,2),((3,4),5))"
4,66,0.00053056,0.643744,0.643744,25,10,0.378788,0.151515,"((1,2),((3,4),5))"
4,67,0.00047750,0.636943,0.636943,26,10,0.388060,0.149254,"((1,2),((3,4),5))"
4,68,0.00042975,0.636943,0.636943,26,10,0.382353,0.147059,"((1,2),((3,4),5))"
4,69,0.00038678,0.636529,0.636529,27,10,0.391304,0.144928,"((1,2),((3,4),5))"
4,70,0.00034810,0.633395,0.633395,28,10,0.400000,0.142857,"((1,2),((3,4),5))"
4,71,0.00031329,0.631312,0.631312,29,10,0.408451,0.140845,"((1,2),((3,4),5))"
4,72,0.00028196,0.631312,0.631312,29,10,0.402778,0.138889,"((1,2),((3,4),5))"
4,73,0.00025376,0.631230,0.631230,30,10,0.410959,0.136986,"((1,2),((3,4),5))"
4,74,0.00022839,0.631230,0.631230,30,10,0.405405,0.135135,"((1,2),((3,4),5))"
4,75,0.00020555,0.631230,0.631230,30,10,0.400000,0.133333,"((1,2),((3,4),5))"
4,76,0.00018499,0.631230,0.631230,30,10,0.394737,0.131579,"((1,2),((3,4),5))"
4,77,0.00016649,0.631230,0.631230,30,10,0.389610,0.129870,"((1,2),((3,4),5))"
4,78,0.00014985,0.631230,0.631230,30,10,0.384615,0.128205,"((1,2),((3,4),5))"
4,79,0.00013486,0.631230,0.631230,30,10,0.379747,0.126582,"((1,2),((3,4),5))"
4,80,0.00012137,0.631230,0.631230,30,10,0.375000,0.125000,"((1,2),((3,4),5))"
4,81,0.00010924,0.631230,0.631230,30,10,0.370370,0.123457,"((1,2),((3,4),5))"
4,82,0.00009831,0.631230,0.631230,30,10,0.365854,0.121951,"((1,2),((3,4),5))"
4,83,0.00008848,0.631230,0.631230,30,10,0.361446,0.120482,"((1,2),((3,4),5))"
4,84,0.00007963,0.627278,0.627278,31,10,0.369048,0.119048,"((1,2),((3,4),5))"
4,85,0.00007167,0.627278,0.627278,31,10,0.364706,0.117647,"((1,2),((3,4),5))"
4,86,0.00006450,0.627278,0.627278,31,10,0.360465,0.116279,"((1,2),((3,4),5))"
4,87,0.00005805,0.627278,0.627278,31,10,0.356322,0.114943,"((1,2),((3,4),5))"
4,88,0.00005225,0.627278,0.627278,32,10,0.363636,0.113636,"((1,2),((3,4),5))"
4,89,0.00004702,0.627278,0.627278,32,10,0.359551,0.112360,"((1,2),((3,4),5))"
4,90,0.00004232,0.627278,0.627278,32,10,0.355556,0.111111,"((1,2),((3,4),5))"
4,91,0.00003809,0.627278,0.627278,32,10,0.351648,0.109890,"((1,2),((3,4),5))"
4,92,0.00003428,0.626178,0.626178,33,10,0.358696,0.108696,"((1,2),((3,4),5))"
4,93,0.00003085,0.626207,0.626178,34,11,0.365591,0.118280,"((1,2),((3,4),5))"
4,94,0.00002777,0.626207,0.626178,34,11,0.361702,0.117021,"((1,2),((3,4),5))"
4,95,0.00002499,0.626207,0.626178,34,11,0.357895,0.115789,"((1,2),((3,4),5))"
4,96,0.00002249,0.626207,0.626178,34,11,0.354167,0.114583,"((1,2),((3,4),5))"
4,97,0.00002024,0.626207,0.626178,34,11,0.350515,0.113402,"((1,2),((3,4),5))"
4,98,0.00001822,0.626207,0.626178,34,11,0.346939,0.112245,"((1,2),((3,4),5))"
4,99,0.00001640,0.626207,0.626178,34,11,0.343434,0.111111,"((1,2),((3,4),5))"
4,100,0.00001476,0.626207,0.626178,34,11,0.340000,0.110000,"((1,2),((3,4),5))"
4,101,0.00001328,0.626207,0.626178,34,11,0.336634,0.108911,"((1,2),((3,4),5))"
4,102,0.00001195,0.626207,0.626178,34,11,0.333333,0.107843,"((1,2),((3,4),5))"
4,103,0.00001076,0.626207,0.626178,34,11,0.330097,0.106796,"((1,2),((3,4),5))"
4,104,0.00000968,0.626207,0.626178,34,11,0.326923,0.105769,"((1,2),((3,4),5))"
4,105,0.00000871,0.626207,0.626178,34,11,0.323810,0.104762,"((1,2),((3,4),5))"
4,106,0.00000784,0.626207,0.626178,34,11,0.320755,0.103774,"((1,2),((3,4),5))"
4,107,0.00000706,0.626207,0.626178,34,11,0.317757,0.102804,"((1,2),((3,4),5))"
4,108,0.00000635,0.626207,0.626178,34,11,0.314815,0.101852,"((1,2),((3,4),5))"
4,109,0.00000572,0.626207,0.626178,34,11,0.311927,0.100917,"((1,2),((3,4),5))"
4,110,0.00000515,0.626207,0.626178,34,11,0.309091,0.100000,"((1,2),((3,4),5))"
4,111,0.00000463,0.626207,0.626178,34,11,0.306306,0.099099,"((1,2),((3,4),5))"
4,112,0.00000417,0.625529,0.625529,35,11,0.312500,0.098214,"((1,2),((3,4),5))"
4,113,0.00000375,0.625529,0.625529,35,11,0.309735,0.097345,"((1,2),((3,4),5))"
4,114,0.00000338,0.625529,0.625529,35,11,0.307018,0.096491,"((1,2),((3,4),5))"
4,115,0.00000304,0.625529,0.625529,35,11,0.304348,0.095652,"((1,2),((3,4),5))"
4,116,0.00000273,0.625529,0.625529,35,11,0.301724,0.094828,"((1,2),((3,4),5))"
4,117,0.00000246,0.625529,0.625529,35,11,0.299145,0.094017,"((1,2),((3,4),5))"
4,118,0.00000221,0.625529,0.625529,35,11,0.296610,0.093220,"((1,2),((3,4),5))"
4,119,0.00000199,0.625529,0.625529,35,11,0.294118,0.092437,"((1,2),((3,4),5))"
4,120,0.00000179,0.625529,0.625529,35,11,0.291667,0.091667,"((1,2),((3,4),5))"
4,121,0.00000161,0.625529,0.625529,35,11,0.289256,0.090909,"((1,2),((3,4),5))"
4,122,0.00000145,0.625529,0.625529,35,11,0.286885,0.090164,"((1,2),((3,4),5))"
4,123,0.00000131,0.625529,0.625529,35,11,0.284553,0.089431,"((1,2),((3,4),5))"
4,124,0.00000118,0.625430,0.625430,36,11,0.290323,0.088710,"((1,2),((3,4),5))"
4,125,0.00000106,0.625430,0.625430,36,11,0.288000,0.088000,"((1,2),((3,4),5))"
4,126,0.00000095,0.625430,0.625430,37,11,0.293651,0.087302,"((1,2),((3,4),5))"
4,127,0.00000086,0.625430,0.625430,37,11,0.291339,0.086614,"((1,2),((3,4),5))"
4,128,0.00000077,0.625430,0.625430,37,11,0.289062,0.085938,"((1,2),((3,4),5))"
4,129,0.00000070,0.625367,0.625367,38,11,0.294574,0.085271,"((1,2),((3,4),5))"
4,130,0.00000063,0.625367,0.625367,38,11,0.292308,0.084615,"((1,2),((3,4),5))"
4,131,0.00000056,0.625367,0.625367,38,11,0.290076,0.083969,"((1,2),((3,4),5))"
4,132,0.00000051,0.625367,0.625367,38,11,0.287879,0.083333,"((1,2),((3,4),5))"
4,133,0.00000046,0.625367,0.625367,38,11,0.285714,0.082707,"((1,2),((3,4),5))"
4,134,0.00000041,0.625367,0.625367,38,11,0.283582,0.082090,"((1,2),((3,4),5))"
4,135,0.00000037,0.625367,0.625367,38,11,0.281481,0.081481,"((1,2),((3,4),5))"
4,136,0.00000033,0.625367,0.625367,38,11,0.279412,0.080882,"((1,2),((3,4),5))"
4,137,0.00000030,0.625367,0.625367,38,11,0.277372,0.080292,"((1,2),((3,4),5))"
4,138,0.00000027,0.625079,0.625079,39,11,0.282609,0.079710,"((1,2),((3,4),5))"
4,139,0.00000024,0.625079,0.625079,39,11,0.280576,0.079137,"((1,2),((3,4),5))"
4,140,0.00000022,0.625079,0.625079,39,11,0.278571,0.078571,"((1,2),((3,4),5))"
4,141,0.00000020,0.625079,0.625079,39,11,0.276596,0.078014,"((1,2),((3,4),5))"
4,142,0.00000018,0.625079,0.625079,39,11,0.274648,0.077465,"((1,2),((3,4),5))"
4,143,0.00000016,0.625079,0.625079,39,11,0.272727,0.076923,"((1,2),((3,4),5))"
4,144,0.00000014,0.625079,0.625079,39,11,0.270833,0.076389,"((1,2),((3,4),5))"
4,145,0.00000013,0.625079,0.625079,40,11,0.275862,0.075862,"((1,2),((3,4),5))"
4,146,0.00000012,0.625079,0.625079,40,11,0.273973,0.075342,"((1,2),((3,4),5))"
4,147,0.00000010,0.623876,0.623876,41,11,0.278912,0.074830,"((1,2),((3,4),5))"
4,148,0.00000009,0.623876,0.623876,41,11,0.277027,0.074324,"((1,2),((3,4),5))"
4,149,0.00000008,0.623876,0.623876,41,11,0.275168,0.073826,"((1,2),((3,4),5))"
4,150,0.00000008,0.623876,0.623876,41,11,0.273333,0.073333,"((1,2),((3,4),5))"
5,0,0.50000000,0.782070,0.782070,0,0,0.000000,0.000000,"(1,((2,(3,4)),5))"
5,1,0.50000000,0.782070,0.782070,0,0,0.000000,0.000000,"(1,((2,(3,4)),5))"
5,2,0.45000000,0.697366,0.697366,1,0,0.500000,0.000000,"(1,(2,((3,4),5)))"
5,3,0.40500000,0.787058,0.697366,2,1,0.666667,0.333333,"(1,(2,((3,4),5)))"
5,4,0.36450000,0.787058,0.697366,2,1,0.500000,0.250000,"(1,(2,((3,4),5)))"
5,5,0.32805000,0.787058,0.697366,2,1,0.400000,0.200000,"(1,(2,((3,4),5)))"
5,6,0.29524500,0.787058,0.697366,2,1,0.333333,0.166667,"(1,(2,((3,4),5)))"
5,7,0.26572050,0.763740,0.697366,3,1,0.428571,0.142857,"(1,(2,((3,4),5)))"
5,8,0.23914845,0.763740,0.697366,3,1,0.375000,0.125000,"(1,(2,((3,4),5)))"
5,9,0.21523361,0.763271,0.697366,4,1,0.444444,0.111111,"(1,(2,((3,4),5)))"
5,10,0.19371024,0.763271,0.697366,4,1,0.400000,0.100000,"(1,(2,((3,4),5)))"
5,11,0.17433922,0.748543,0.697366,5,1,0.454545,0.090909,"(1,(2,((3,4),5)))"
5,12,0.15690530,0.748543,0.697366,5,1,0.416667,0.083333,"(1,(2,((3,4),5)))"
5,13,0.14121477,0.752596,0.697366,6,2,0.461538,0.153846,"(1,(2,((3,4),5)))"
5,14,0.12709329,0.752596,0.697366,6,2,0.428571,0.142857,"(1,(2,((3,4),5)))"
5,15,0.11438396,0.752596,0.697366,6,2,0.400000,0.133333,"(1,(2,((3,4),5)))"
5,16,0.10294557,0.752596,0.697366,6,2,0.375000,0.125000,"(1,(2,((3,4),5)))"
5,17,0.09265101,0.752596,0.697366,6,2,0.352941,0.117647,"(1,(2,((3,4),5)))"
5,18,0.08338591,0.752596,0.697366,6,2,0.333333,0.111111,"(1,(2,((3,4),5)))"
5,19,0.07504732,0.752596,0.697366,6,2,0.315789,0.105263,"(1,(2,((3,4),5)))"
5,20,0.06754259,0.752596,0.697366,6,2,0.300000,0.100000,"(1,(2,((3,4),5)))"
5,21,0.06078833,0.752596,0.697366,6,2,0.285714,0.095238,"(1,(2,((3,4),5)))"
5,22,0.05470949,0.757506,0.697366,7,3,0.318182,0.136364,"(1,(2,((3,4),5)))"
5,23,0.04923855,0.757506,0.697366,7,3,0.304348,0.130435,"(1,(2,((3,4),5)))"
5,24,0.04431469,0.757506,0.697366,7,3,0.291667,0.125000,"(1,(2,((3,4),5)))"
5,25,0.03988322,0.756953,0.697366,8,3,0.320000,0.120000,"(1,(2,((3,4),5)))"
5,26,0.03589490,0.750680,0.697366,9,3,0.346154,0.115385,"(1,(2,((3,4),5)))"
5,27,0.03230541,0.750680,0.697366,9,3,0.333333,0.111111,"(1,(2,((3,4),5)))"
5,28,0.02907487,0.750514,0.697366,10,3,0.357143,0.107143,"(1,(2,((3,4),5)))"
5,29,0.02616738,0.750514,0.697366,10,3,0.344828,0.103448,"(1,(2,((3,4),5)))"
5,30,0.02355064,0.750514,0.697366,10,3,0.333333,0.100000,"(1,(2,((3,4),5)))"
5,31,0.02119558,0.750514,0.697366,10,3,0.322581,0.096774,"(1,(2,((3,4),5)))"
5,32,0.01907602,0.750514,0.697366,10,3,0.312500,0.093750,"(1,(2,((3,4),5)))"
5,33,0.01716842,0.741916,0.697366,11,3,0.333333,0.090909,"(1,(2,((3,4),5)))"
5,34,0.01545158,0.741916,0.697366,11,3,0.323529,0.088235,"(1,(2,((3,4),5)))"
5,35,0.01390642,0.741916,0.697366,11,3,0.314286,0.085714,"(1,(2,((3,4),5)))"
5,36,0.01251578,0.741916,0.697366,11,3,0.305556,0.083333,"(1,(2,((3,4),5)))"
5,37,0.01126420,0.741916,0.697366,11,3,0.297297,0.081081,"(1,(2,((3,4),5)))"
5,38,0.01013778,0.741108,0.697366,12,3,0.315789,0.078947,"(1,(2,((3,4),5)))"
5,39,0.00912400,0.741108,0.697366,12,3,0.307692,0.076923,"(1,(2,((3,4),5)))"
5,40,0.00821160,0.741108,0.697366,12,3,0.300000,0.075000,"(1,(2,((3,4),5)))"
5,41,0.00739044,0.741108,0.697366,12,3,0.292683,0.073171,"(1,(2,((3,4),5)))"
5,42,0.00665140,0.741108,0.697366,12,3,0.285714,0.071429,"(1,(2,((3,4),5)))"
5,43,0.00598626,0.743330,0.697366,13,4,0.302326,0.093023,"(1,(2,((3,4),5)))"
5,44,0.00538763,0.743330,0.697366,13,4,0.295455,0.090909,"(1,(2,((3,4),5)))"
5,45,0.00484887,0.740237,0.697366,14,4,0.311111,0.088889,"(1,(2,((3,4),5)))"
5,46,0.00436398,0.740237,0.697366,14,4,0.304348,0.086957,"(1,(2,((3,4),5)))"
5,47,0.00392758,0.736774,0.697366,15,4,0.319149,0.085106,"(1,(2,((3,4),5)))"
5,48,0.00353483,0.736774,0.697366,15,4,0.312500,0.083333,"(1,(2,((3,4),5)))"
5,49,0.00318134,0.736774,0.697366,15,4,0.306122,0.081633,"(1,(2,((3,4),5)))"
5,50,0.00286321,0.736774,0.697366,15,4,0.300000,0.080000,"(1,(2,((3,4),5)))"
5,51,0.00257689,0.736774,0.697366,15,4,0.294118,0.078431,"(1,(2,((3,4),5)))"
5,52,0.00231920,0.736774,0.697366,15,4,0.288462,0.076923,"(1,(2,((3,4),5)))"
5,53,0.00208728,0.736774,0.697366,15,4,0.283019,0.075472,"(1,(2,((3,4),5)))"
5,54,0.00187855,0.736774,0.697366,15,4,0.277778,0.074074,"(1,(2,((3,4),5)))"
5,55,0.00169070,0.736774,0.697366,15,4,0.272727,0.072727,"(1,(2,((3,4),5)))"
5,56,0.00152163,0.736774,0.697366,15,4,0.267857,0.071429,"(1,(2,((3,4),5)))"
5,57,0.00136946,0.736774,0.697366,15,4,0.263158,0.070175,"(1,(2,((3,4),5)))"
5,58,0.00123252,0.736774,0.697366,15,4,0.258621,0.068966,"(1,(2,((3,4),5)))"
5,59,0.00110927,0.736774,0.697366,15,4,0.254237,0.067797,"(1,(2,((3,4),5)))"
5,60,0.00099834,0.736774,0.697366,15,4,0.250000,0.066667,"(1,(2,((3,4),5)))"
5,61,0.00089851,0.736774,0.697366,15,4,0.245902,0.065574,"(1,(2,((3,4),5)))"
5,62,0.00080865,0.736774,0.697366,15,4,0.241935,0.064516,"(1,(2,((3,4),5)))"
5,63,0.00072779,0.736774,0.697366,15,4,0.238095,0.063492,"(1,(2,((3,4),5)))"
5,64,0.00065501,0.736774,0.697366,15,4,0.234375,0.062500,"(1,(2,((3,4),5)))"
5,65,0.00058951,0.736774,0.697366,15,4,0.230769,0.061538,"(1,(2,((3,4),5)))"
5,66,0.00053056,0.736774,0.697366,15,4,0.227273,0.060606,"(1,(2,((3,4),5)))"
5,67,0.00047750,0.735116,0.697366,16,4,0.238806,0.059701,"(1,(2,((3,4),5)))"
5,68,0.00042975,0.735116,0.697366,16,4,0.235294,0.058824,"(1,(2,((3,4),5)))"
5,69,0.00038678,0.735116,0.697366,16,4,0.231884,0.057971,"(1,(2,((3,4),5)))"
5,70,0.00034810,0.735116,0.697366,16,4,0.228571,0.057143,"(1,(2,((3,4),5)))"
5,71,0.00031329,0.735116,0.697366,16,4,0.225352,0.056338,"(1,(2,((3,4),5)))"
5,72,0.00028196,0.735116,0.697366,16,4,0.222222,0.055556,"(1,(2,((3,4),5)))"
5,73,0.00025376,0.735116,0.697366,16,4,0.219178,0.054795,"(1,(2,((3,4),5)))"
5,74,0.00022839,0.735116,0.697366,16,4,0.216216,0.054054,"(1,(2,((3,4),5)))"
5,75,0.00020555,0.735116,0.697366,16,4,0.213333,0.053333,"(1,(2,((3,4),5)))"
5,76,0.00018499,0.735116,0.697366,16,4,0.210526,0.052632,"(1,(2,((3,4),5)))"
5,77,0.00016649,0.735116,0.697366,16,4,0.207792,0.051948,"(1,(2,((3,4),5)))"
5,78,0.00014985,0.735116,0.697366,16,4,0.205128,0.051282,"(1,(2,((3,4),5)))"
5,79,0.00013486,0.735116,0.697366,16,4,0.202532,0.050633,"(1,(2,((3,4),5)))"
5,80,0.00012137,0.735116,0.697366,16,4,0.200000,0.050000,"(1,(2,((3,4),5)))"
5,81,0.00010924,0.735116,0.697366,16,4,0.197531,0.049383,"(1,(2,((3,4),5)))"
5,82,0.00009831,0.735116,0.697366,16,4,0.195122,0.048780,"(1,(2,((3,4),5)))"
5,83,0.00008848,0.735116,0.697366,16,4,0.192771,0.048193,"(1,(2,((3,4),5)))"
5,84,0.00007963,0.735116,0.697366,16,4,0.190476,0.047619,"(1,(2,((3,4),5)))"
5,85,0.00007167,0.735116,0.697366,16,4,0.188235,0.047059,"(1,(2,((3,4),5)))"
5,86,0.00006450,0.735116,0.697366,16,4,0.186047,0.046512,"(1,(2,((3,4),5)))"
5,87,0.00005805,0.735116,0.697366,16,4,0.183908,0.045977,"(1,(2,((3,4),5)))"
5,88,0.00005225,0.735116,0.697366,16,4,0.181818,0.045455,"(1,(2,((3,4),5)))"
5,89,0.00004702,0.735116,0.697366,16,4,0.179775,0.044944,"(1,(2,((3,4),5)))"
5,90,0.00004232,0.735116,0.697366,16,4,0.177778,0.044444,"(1,(2,((3,4),5)))"
5,91,0.00003809,0.735116,0.697366,16,4,0.175824,0.043956,"(1,(2,((3,4),5)))"
5,92,0.00003428,0.735116,0.697366,16,4,0.173913,0.043478,"(1,(2,((3,4),5)))"
5,93,0.00003085,0.735116,0.697366,16,4,0.172043,0.043011,"(1,(2,((3,4),5)))"
5,94,0.00002777,0.735116,0.697366,16,4,0.170213,0.042553,"(1,(2,((3,4),5)))"
5,95,0.00002499,0.725177,0.697366,17,4,0.178947,0.042105,"(1,(2,((3,4),5)))"
5,96,0.00002249,0.725177,0.697366,17,4,0.177083,0.041667,"(1,(2,((3,4),5)))"
5,97,0.00002024,0.725177,0.697366,17,4,0.175258,0.041237,"(1,(2,((3,4),5)))"
5,98,0.00001822,0.725177,0.697366,17,4,0.173469,0.040816,"(1,(2,((3,4),5)))"
5,99,0.00001640,0.725177,0.697366,17,4,0.171717,0.040404,"(1,(2,((3,4),5)))"
5,100,0.00001476,0.725177,0.697366,17,4,0.170000,0.040000,"(1,(2,((3,4),5)))"
5,101,0.00001328,0.725177,0.697366,17,4,0.168317,0.039604,"(1,(2,((3,4),5)))"
5,102,0.00001195,0.725177,0.697366,17,4,0.166667,0.039216,"(1,(2,((3,4),5)))"
5,103,0.00001076,0.725177,0.697366,17,4,0.165049,0.038835,"(1,(2,((3,4),5)))"
5,104,0.00000968,0.725177,0.697366,17,4,0.163462,0.038462,"(1,(2,((3,4),5)))"
5,105,0.00000871,0.725177,0.697366,17,4,0.161905,0.038095,"(1,(2,((3,4),5)))"
5,106,0.00000784,0.725177,0.697366,17,4,0.160377,0.037736,"(1,(2,((3,4),5)))"
5,107,0.00000706,0.725177,0.697366,17,4,0.158879,0.037383,"(1,(2,((3,4),5)))"
5,108,0.00000635,0.725177,0.697366,17,4,0.157407,0.037037,"(1,(2,((3,4),5)))"
5,109,0.00000572,0.725177,0.697366,17,4,0.155963,0.036697,"(1,(2,((3,4),5)))"
5,110,0.00000515,0.725177,0.697366,17,4,0.154545,0.036364,"(1,(2,((3,4),5)))"
5,111,0.00000463,0.725177,0.697366,17,4,0.153153,0.036036,"(1,(2,((3,4),5)))"
5,112,0.00000417,0.725177,0.697366,17,4,0.151786,0.035714,"(1,(2,((3,4),5)))"
5,113,0.00000375,0.725177,0.697366,17,4,0.150442,0.035398,"(1,(2,((3,4),5)))"
5,114,0.00000338,0.725177,0.697366,17,4,0.149123,0.035088,"(1,(2,((3,4),5)))"
5,115,0.00000304,0.725177,0.697366,17,4,0.147826,0.034783,"(1,(2,((3,4),5)))"
5,116,0.00000273,0.725177,0.697366,17,4,0.146552,0.034483,"(1,(2,((3,4),5)))"
5,117,0.00000246,0.725177,0.697366,17,4,0.145299,0.034188,"(1,(2,((3,4),5)))"
5,118,0.00000221,0.725177,0.697366,17,4,0.144068,0.033898,"(1,(2,((3,4),5)))"
5,119,0.00000199,0.725177,0.697366,17,4,0.142857,0.033613,"(1,(2,((3,4),5)))"
5,120,0.00000179,0.725177,0.697366,17,4,0.141667,0.033333,"(1,(2,((3,4),5)))"
5,121,0.00000161,0.725177,0.697366,17,4,0.140496,0.033058,"(1,(2,((3,4),5)))"
5,122,0.00000145,0.725177,0.697366,17,4,0.139344,0.032787,"(1,(2,((3,4),5)))"
5,123,0.00000131,0.706565,0.697366,18,4,0.146341,0.032520,"(1,(2,((3,4),5)))"
5,124,0.00000118,0.706565,0.697366,18,4,0.145161,0.032258,"(1,(2,((3,4),5)))"
5,125,0.00000106,0.706565,0.697366,18,4,0.144000,0.032000,"(1,(2,((3,4),5)))"
5,126,0.00000095,0.706565,0.697366,18,4,0.142857,0.031746,"(1,(2,((3,4),5)))"
5,127,0.00000086,0.700728,0.697366,19,4,0.149606,0.031496,"(1,(2,((3,4),5)))"
5,128,0.00000077,0.700728,0.697366,19,4,0.148438,0.031250,"(1,(2,((3,4),5)))"
5,129,0.00000070,0.700728,0.697366,19,4,0.147287,0.031008,"(1,(2,((3,4),5)))"
5,130,0.00000063,0.700728,0.697366,19,4,0.146154,0.030769,"(1,(2,((3,4),5)))"
5,131,0.00000056,0.700728,0.697366,19,4,0.145038,0.030534,"(1,(2,((3,4),5)))"
5,132,0.00000051,0.700728,0.697366,19,4,0.143939,0.030303,"(1,(2,((3,4),5)))"
5,133,0.00000046,0.672924,0.672924,20,4,0.150376,0.030075,"((1,2),((3,4),5))"
5,134,0.00000041,0.672924,0.672924,20,4,0.149254,0.029851,"((1,2),((3,4),5))"
5,135,0.00000037,0.672924,0.672924,20,4,0.148148,0.029630,"((1,2),((3,4),5))"
5,136,0.00000033,0.672924,0.672924,20,4,0.147059,0.029412,"((1,2),((3,4),5))"
5,137,0.00000030,0.627153,0.627153,21,4,0.153285,0.029197,"((1,2),(3,(4,5)))"
5,138,0.00000027,0.627153,0.627153,21,4,0.152174,0.028986,"((1,2),(3,(4,5)))"
5,139,0.00000024,0.627153,0.627153,21,4,0.151079,0.028777,"((1,2),(3,(4,5)))"
5,140,0.00000022,0.627153,0.627153,21,4,0.150000,0.028571,"((1,2),(3,(4,5)))"
5,141,0.00000020,0.626432,0.626432,22,4,0.156028,0.028369,"((1,2),(3,(4,5)))"
5,142,0.00000018,0.626432,0.626432,22,4,0.154930,0.028169,"((1,2),(3,(4,5)))"
5,143,0.00000016,0.626432,0.626432,22,4,0.153846,0.027972,"((1,2),(3,(4,5)))"
5,144,0.00000014,0.625807,0.625807,23,4,0.159722,0.027778,"((1,2),(3,(4,5)))"
5,145,0.00000013,0.625807,0.625807,23,4,0.158621,0.027586,"((1,2),(3,(4,5)))"
5,146,0.00000012,0.625807,0.625807,23,4,0.157534,0.027397,"((1,2),(3,(4,5)))"
5,147,0.00000010,0.625807,0.625807,23,4,0.156463,0.027211,"((1,2),(3,(4,5)))"
5,148,0.00000009,0.625807,0.625807,23,4,0.155405,0.027027,"((1,2),(3,(4,5)))"
5,149,0.00000008,0.625807,0.625807,23,4,0.154362,0.026846,"((1,2),(3,(4,5)))"
5,150,0.00000008,0.625807,0.625807,23,4,0.153333,0.026667,"((1,2),(3,(4,5)))"
6,0,0.50000000,0.782070,0.782070,0,0,0.000000,0.000000,"(1,((2,(3,4)),5))"
6,1,0.50000000,0.782070,0.782070,0,0,0.000000,0.000000,"(1,((2,(3,4)),5))"
6,2,0.45000000,0.782070,0.782070,0,0,0.000000,0.000000,"(1,((2,(3,4)),5))"
6,3,0.40500000,0.752663,0.752663,1,0,0.333333,0.000000,"(1,((2,(3,4)),5))"
6,4,0.36450000,0.752663,0.752663,1,0,0.250000,0.000000,"(1,((2,(3,4)),5))"
6,5,0.32805000,0.726818,0.726818,2,0,0.400000,0.000000,"(1,((2,(3,4)),5))"
6,6,0.29524500,0.756764,0.726818,3,1,0.500000,0.166667,"(1,((2,(3,4)),5))"
6,7,0.26572050,0.729350,0.726818,4,1,0.571429,0.142857,"(1,((2,(3,4)),5))"
6,8,0.23914845,0.729212,0.726818,5,1,0.625000,0.125000,"(1,((2,(3,4)),5))"
6,9,0.21523361,0.729212,0.726818,5,1,0.555556,0.111111,"(1,((2,(3,4)),5))"
6,10,0.19371024,0.729212,0.726818,5,1,0.500000,0.100000,"(1,((2,(3,4)),5))"
6,11,0.17433922,0.729212,0.726818,5,1,0.454545,0.090909,"(1,((2,(3,4)),5))"
6,12,0.15690530,0.729212,0.726818,5,1,0.416667,0.083333,"(1,((2,(3,4)),5))"
6,13,0.14121477,0.729212,0.726818,5,1,0.384615,0.076923,"(1,((2,(3,4)),5))"
6,14,0.12709329,0.729212,0.726818,5,1,0.357143,0.071429,"(1,((2,(3,4)),5))"
6,15,0.11438396,0.720678,0.720678,6,1,0.400000,0.066667,"(1,((2,(3,4)),5))"
6,16,0.10294557,0.720678,0.720678,6,1,0.375000,0.062500,"(1,((2,(3,4)),5))"
6,17,0.09265101,0.720678,0.720678,6,1,0.352941,0.058824,"(1,((2,(3,4)),5))"
6,18,0.08338591,0.713508,0.713508,7,1,0.388889,0.055556,"(1,((2,(3,4)),5))"
6,19,0.07504732,0.713508,0.713508,7,1,0.368421,0.052632,"(1,((2,(3,4)),5))"
6,20,0.06754259,0.714820,0.713508,8,2,0.400000,0.100000,"(1,((2,(3,4)),5))"
6,21,0.06078833,0.722855,0.713508,9,3,0.428571,0.142857,"(1,((2,(3,4)),5))"
6,22,0.05470949,0.722855,0.713508,9,3,0.409091,0.136364,"(1,((2,(3,4)),5))"
6,23,0.04923855,0.722855,0.713508,9,3,0.391304,0.130435,"(1,((2,(3,4)),5))"
6,24,0.04431469,0.729931,0.713508,10,4,0.416667,0.166667,"(1,((2,(3,4)),5))"
6,25,0.03988322,0.729931,0.713508,10,4,0.400000,0.160000,"(1,((2,(3,4)),5))"
6,26,0.03589490,0.729931,0.713508,10,4,0.384615,0.153846,"(1,((2,(3,4)),5))"
6,27,0.03230541,0.729931,0.713508,10,4,0.370370,0.148148,"(1,((2,(3,4)),5))"
6,28,0.02907487,0.735630,0.713508,11,5,0.392857,0.178571,"(1,((2,(3,4)),5))"
6,29,0.02616738,0.727432,0.713508,12,5,0.413793,0.172414,"(1,((2,(3,4)),5))"
6,30,0.02355064,0.735582,0.713508,13,6,0.433333,0.200000,"(1,((2,(3,4)),5))"
6,31,0.02119558,0.749183,0.713508,14,7,0.451613,0.225806,"(1,((2,(3,4)),5))"
6,32,0.01907602,0.749183,0.713508,14,7,0.437500,0.218750,"(1,((2,(3,4)),5))"
6,33,0.01716842,0.749183,0.713508,14,7,0.424242,0.212121,"(1,((2,(3,4)),5))"
6,34,0.01545158,0.749183,0.713508,14,7,0.411765,0.205882,"(1,((2,(3,4)),5))"
6,35,0.01390642,0.749183,0.713508,14,7,0.400000,0.200000,"(1,((2,(3,4)),5))"
6,36,0.01251578,0.749183,0.713508,14,7,0.388889,0.194444,"(1,((2,(3,4)),5))"
6,37,0.01126420,0.694494,0.694494,15,7,0.405405,0.189189,"(1,((2,3),(4,5)))"
6,38,0.01013778,0.694185,0.694185,16,7,0.421053,0.184211,"(1,((2,3),(4,5)))"
6,39,0.00912400,0.694185,0.694185,16,7,0.410256,0.179487,"(1,((2,3),(4,5)))"
6,40,0.00821160,0.694185,0.694185,16,7,0.400000,0.175000,"(1,((2,3),(4,5)))"
6,41,0.00739044,0.694185,0.694185,16,7,0.390244,0.170732,"(1,((2,3),(4,5)))"
6,42,0.00665140,0.697200,0.694185,17,8,0.404762,0.190476,"(1,((2,3),(4,5)))"
6,43,0.00598626,0.697942,0.694185,18,9,0.418605,0.209302,"(1,((2,3),(4,5)))"
6,44,0.00538763,0.697942,0.694185,18,9,0.409091,0.204545,"(1,((2,3),(4,5)))"
6,45,0.00484887,0.697942,0.694185,18,9,0.400000,0.200000,"(1,((2,3),(4,5)))"
6,46,0.00436398,0.697942,0.694185,18,9,0.391304,0.195652,"(1,((2,3),(4,5)))"
6,47,0.00392758,0.697942,0.694185,18,9,0.382979,0.191489,"(1,((2,3),(4,5)))"
6,48,0.00353483,0.697942,0.694185,18,9,0.375000,0.187500,"(1,((2,3),(4,5)))"
6,49,0.00318134,0.650084,0.650084,19,9,0.387755,0.183673,"(1,(2,(3,(4,5))))"
6,50,0.00286321,0.636440,0.636440,20,9,0.400000,0.180000,"((1,2),(3,(4,5)))"
6,51,0.00257689,0.635980,0.635980,21,9,0.411765,0.176471,"((1,2),(3,(4,5)))"
6,52,0.00231920,0.635980,0.635980,21,9,0.403846,0.173077,"((1,2),(3,(4,5)))"
6,53,0.00208728,0.636478,0.635980,22,10,0.415094,0.188679,"((1,2),(3,(4,5)))"
6,54,0.00187855,0.635885,0.635885,23,10,0.425926,0.185185,"((1,2),(3,(4,5)))"
6,55,0.00169070,0.635880,0.635880,24,10,0.436364,0.181818,"((1,2),(3,(4,5)))"
6,56,0.00152163,0.635880,0.635880,24,10,0.428571,0.178571,"((1,2),(3,(4,5)))"
6,57,0.00136946,0.635880,0.635880,24,10,0.421053,0.175439,"((1,2),(3,(4,5)))"
6,58,0.00123252,0.635272,0.635272,25,10,0.431034,0.172414,"((1,2),(3,(4,5)))"
6,59,0.00110927,0.635272,0.635272,25,10,0.423729,0.169492,"((1,2),(3,(4,5)))"
6,60,0.00099834,0.633944,0.633944,26,10,0.433333,0.166667,"((1,2),(3,(4,5)))"
6,61,0.00089851,0.633944,0.633944,26,10,0.426230,0.163934,"((1,2),(3,(4,5)))"
6,62,0.00080865,0.633944,0.633944,26,10,0.419355,0.161290,"((1,2),(3,(4,5)))"
6,63,0.00072779,0.633620,0.633620,27,10,0.428571,0.158730,"((1,2),(3,(4,5)))"
6,64,0.00065501,0.633620,0.633620,27,10,0.421875,0.156250,"((1,2),(3,(4,5)))"
6,65,0.00058951,0.633620,0.633620,27,10,0.415385,0.153846,"((1,2),(3,(4,5)))"
6,66,0.00053056,0.633620,0.633620,27,10,0.409091,0.151515,"((1,2),(3,(4,5)))"
6,67,0.00047750,0.633620,0.633620,27,10,0.402985,0.149254,"((1,2),(3,(4,5)))"
6,68,0.00042975,0.633620,0.633620,27,10,0.397059,0.147059,"((1,2),(3,(4,5)))"
6,69,0.00038678,0.633620,0.633620,27,10,0.391304,0.144928,"((1,2),(3,(4,5)))"
6,70,0.00034810,0.633620,0.633620,27,10,0.385714,0.142857,"((1,2),(3,(4,5)))"
6,71,0.00031329,0.632178,0.632178,28,10,0.394366,0.140845,"((1,2),(3,(4,5)))"
6,72,0.00028196,0.632178,0.632178,28,10,0.388889,0.138889,"((1,2),(3,(4,5)))"
6,73,0.00025376,0.632178,0.632178,28,10,0.383562,0.136986,"((1,2),(3,(4,5)))"
6,74,0.00022839,0.626845,0.626845,29,10,0.391892,0.135135,"((1,2),(3,(4,5)))"
6,75,0.00020555,0.626845,0.626845,29,10,0.386667,0.133333,"((1,2),(3,(4,5)))"
6,76,0.00018499,0.626845,0.626845,29,10,0.381579,0.131579,"((1,2),(3,(4,5)))"
6,77,0.00016649,0.626845,0.626845,29,10,0.376623,0.129870,"((1,2),(3,(4,5)))"
6,78,0.00014985,0.626845,0.626845,29,10,0.371795,0.128205,"((1,2),(3,(4,5)))"
6,79,0.00013486,0.626845,0.626845,29,10,0.367089,0.126582,"((1,2),(3,(4,5)))"
6,80,0.00012137,0.626922,0.626845,30,11,0.375000,0.137500,"((1,2),(3,(4,5)))"
6,81,0.00010924,0.626922,0.626845,30,11,0.370370,0.135802,"((1,2),(3,(4,5)))"
6,82,0.00009831,0.626922,0.626845,30,11,0.365854,0.134146,"((1,2),(3,(4,5)))"
6,83,0.00008848,0.626922,0.626845,30,11,0.361446,0.132530,"((1,2),(3,(4,5)))"
6,84,0.00007963,0.626922,0.626845,30,11,0.357143,0.130952,"((1,2),(3,(4,5)))"
6,85,0.00007167,0.626922,0.626845,30,11,0.352941,0.129412,"((1,2),(3,(4,5)))"
6,86,0.00006450,0.626922,0.626845,30,11,0.348837,0.127907,"((1,2),(3,(4,5)))"
6,87,0.00005805,0.626922,0.626845,30,11,0.344828,0.126437,"((1,2),(3,(4,5)))"
6,88,0.00005225,0.626922,0.626845,30,11,0.340909,0.125000,"((1,2),(3,(4,5)))"
6,89,0.00004702,0.626922,0.626845,30,11,0.337079,0.123596,"((1,2),(3,(4,5)))"
6,90,0.00004232,0.626922,0.626845,30,11,0.333333,0.122222,"((1,2),(3,(4,5)))"
6,91,0.00003809,0.622901,0.622901,31,11,0.340659,0.120879,"((1,2),(3,(4,5)))"
6,92,0.00003428,0.622797,0.622797,32,11,0.347826,0.119565,"((1,2),(3,(4,5)))"
6,93,0.00003085,0.622797,0.622797,32,11,0.344086,0.118280,"((1,2),(3,(4,5)))"
6,94,0.00002777,0.622797,0.622797,32,11,0.340426,0.117021,"((1,2),(3,(4,5)))"
6,95,0.00002499,0.622797,0.622797,32,11,0.336842,0.115789,"((1,2),(3,(4,5)))"
6,96,0.00002249,0.622797,0.622797,32,11,0.333333,0.114583,"((1,2),(3,(4,5)))"
6,97,0.00002024,0.622797,0.622797,32,11,0.329897,0.113402,"((1,2),(3,(4,5)))"
6,98,0.00001822,0.622797,0.622797,32,11,0.326531,0.112245,"((1,2),(3,(4,5)))"
6,99,0.00001640,0.622797,0.622797,32,11,0.323232,0.111111,"((1,2),(3,(4,5)))"
6,100,0.00001476,0.621828,0.621828,33,11,0.330000,0.110000,"((1,2),(3,(4,5)))"
6,101,0.00001328,0.621726,0.621726,34,11,0.336634,0.108911,"((1,2),(3,(4,5)))"
6,102,0.00001195,0.621726,0.621726,34,11,0.333333,0.107843,"((1,2),(3,(4,5)))"
6,103,0.00001076,0.621726,0.621726,34,11,0.330097,0.106796,"((1,2),(3,(4,5)))"
6,104,0.00000968,0.621687,0.621687,35,11,0.336538,0.105769,"((1,2),(3,(4,5)))"
6,105,0.00000871,0.621454,0.621454,36,11,0.342857,0.104762,"((1,2),(3,(4,5)))"
6,106,0.00000784,0.621454,0.621454,36,11,0.339623,0.103774,"((1,2),(3,(4,5)))"
6,107,0.00000706,0.621454,0.621454,36,11,0.336449,0.102804,"((1,2),(3,(4,5)))"
6,108,0.00000635,0.621454,0.621454,36,11,0.333333,0.101852,"((1,2),(3,(4,5)))"
6,109,0.00000572,0.621454,0.621454,36,11,0.330275,0.100917,"((1,2),(3,(4,5)))"
6,110,0.00000515,0.621264,0.621264,37,11,0.336364,0.100000,"((1,2),(3,(4,5)))"
6,111,0.00000463,0.621264,0.621264,37,11,0.333333,0.099099,"((1,2),(3,(4,5)))"
6,112,0.00000417,0.621264,0.621264,37,11,0.330357,0.098214,"((1,2),(3,(4,5)))"
6,113,0.00000375,0.621264,0.621264,37,11,0.327434,0.097345,"((1,2),(3,(4,5)))"
6,114,0.00000338,0.621264,0.621264,37,11,0.324561,0.096491,"((1,2),(3,(4,5)))"
6,115,0.00000304,0.621264,0.621264,37,11,0.321739,0.095652,"((1,2),(3,(4,5)))"
6,116,0.00000273,0.621264,0.621264,37,11,0.318966,0.094828,"((1,2),(3,(4,5)))"
6,117,0.00000246,0.621264,0.621264,37,11,0.316239,0.094017,"((1,2),(3,(4,5)))"
6,118,0.00000221,0.620505,0.620505,38,11,0.322034,0.093220,"((1,2),(3,(4,5)))"
6,119,0.00000199,0.620505,0.620505,38,11,0.319328,0.092437,"((1,2),(3,(4,5)))"
6,120,0.00000179,0.620505,0.620505,38,11,0.316667,0.091667,"((1,2),(3,(4,5)))"
6,121,0.00000161,0.620414,0.620414,39,11,0.322314,0.090909,"((1,2),(3,(4,5)))"
6,122,0.00000145,0.620414,0.620414,39,11,0.319672,0.090164,"((1,2),(3,(4,5)))"
6,123,0.00000131,0.620414,0.620414,39,11,0.317073,0.089431,"((1,2),(3,(4,5)))"
6,124,0.00000118,0.620414,0.620414,39,11,0.314516,0.088710,"((1,2),(3,(4,5)))"
6,125,0.00000106,0.620414,0.620414,39,11,0.312000,0.088000,"((1,2),(3,(4,5)))"
6,126,0.00000095,0.619687,0.619687,40,11,0.317460,0.087302,"((1,2),(3,(4,5)))"
6,127,0.00000086,0.619687,0.619687,40,11,0.314961,0.086614,"((1,2),(3,(4,5)))"
6,128,0.00000077,0.619687,0.619687,40,11,0.312500,0.085938,"((1,2),(3,(4,5)))"
6,129,0.00000070,0.619687,0.619687,40,11,0.310078,0.085271,"((1,2),(3,(4,5)))"
6,130,0.00000063,0.619687,0.619687,40,11,0.307692,0.084615,"((1,2),(3,(4,5)))"
6,131,0.00000056,0.619687,0.619687,40,11,0.305344,0.083969,"((1,2),(3,(4,5)))"
6,132,0.00000051,0.619687,0.619687,40,11,0.303030,0.083333,"((1,2),(3,(4,5)))"
6,133,0.00000046,0.619687,0.619687,40,11,0.300752,0.082707,"((1,2),(3,(4,5)))"
6,134,0.00000041,0.619687,0.619687,40,11,0.298507,0.082090,"((1,2),(3,(4,5)))"
6,135,0.00000037,0.619687,0.619687,40,11,0.296296,0.081481,"((1,2),(3,(4,5)))"
6,136,0.00000033,0.619687,0.619687,40,11,0.294118,0.080882,"((1,2),(3,(4,5)))"
6,137,0.00000030,0.619687,0.619687,40,11,0.291971,0.080292,"((1,2),(3,(4,5)))"
6,138,0.00000027,0.619687,0.619687,40,11,0.289855,0.079710,"((1,2),(3,(4,5)))"
6,139,0.00000024,0.619687,0.619687,40,11,0.287770,0.079137,"((1,2),(3,(4,5)))"
6,140,0.00000022,0.619687,0.619687,40,11,0.285714,0.078571,"((1,2),(3,(4,5)))"
6,141,0.00000020,0.619687,0.619687,41,11,0.290780,0.078014,"((1,2),(3,(4,5)))"
6,142,0.00000018,0.619687,0.619687,41,11,0.288732,0.077465,"((1,2),(3,(4,5)))"
6,143,0.00000016,0.619687,0.619687,41,11,0.286713,0.076923,"((1,2),(3,(4,5)))"
6,144,0.00000014,0.619687,0.619687,41,11,0.284722,0.076389,"((1,2),(3,(4,5)))"
6,145,0.00000013,0.619687,0.619687,41,11,0.282759,0.075862,"((1,2),(3,(4,5)))"
6,146,0.00000012,0.619687,0.619687,41,11,0.280822,0.075342,"((1,2),(3,(4,5)))"
6,147,0.00000010,0.619687,0.619687,41,11,0.278912,0.074830,"((1,2),(3,(4,5)))"
6,148,0.00000009,0.619687,0.619687,41,11,0.277027,0.074324,"((1,2),(3,(4,5)))"
6,149,0.00000008,0.619588,0.619588,42,11,0.281879,0.073826,"((1,2),(3,(4,5)))"
6,150,0.00000008,0.619588,0.619588,42,11,0.280000,0.073333,"((1,2),(3,(4,5)))"
7,0,0.50000000,0.848571,0.848571,0,0,0.000000,0.000000,"(1,(((2,3),4),5))"
7,1,0.50000000,0.790643,0.790643,1,0,1.000000,0.000000,"(1,(((2,3),4),5))"
7,2,0.45000000,0.790643,0.790643,1,0,0.500000,0.000000,"(1,(((2,3),4),5))"
7,3,0.40500000,0.800625,0.790643,2,1,0.666667,0.333333,"(1,(((2,3),4),5))"
7,4,0.36450000,0.804962,0.790643,3,2,0.750000,0.500000,"(1,(((2,3),4),5))"
7,5,0.32805000,0.768145,0.768145,4,2,0.800000,0.400000,"(1,(((2,3),4),5))"
7,6,0.29524500,0.780078,0.768145,5,3,0.833333,0.500000,"(1,(((2,3),4),5))"
7,7,0.26572050,0.780078,0.768145,5,3,0.714286,0.428571,"(1,(((2,3),4),5))"
7,8,0.23914845,0.842051,0.768145,6,4,0.750000,0.500000,"(1,(((2,3),4),5))"
7,9,0.21523361,0.900099,0.768145,7,5,0.777778,0.555556,"(1,(((2,3),4),5))"
7,10,0.19371024,0.844147,0.768145,8,5,0.800000,0.500000,"(1,(((2,3),4),5))"
7,11,0.17433922,0.817616,0.768145,9,5,0.818182,0.454545,"(1,(((2,3),4),5))"
7,12,0.15690530,0.825053,0.768145,10,6,0.833333,0.500000,"(1,(((2,3),4),5))"
7,13,0.14121477,0.880406,0.768145,11,7,0.846154,0.538462,"(1,(((2,3),4),5))"
7,14,0.12709329,0.864218,0.768145,12,7,0.857143,0.500000,"(1,(((2,3),4),5))"
7,15,0.11438396,0.868447,0.768145,13,8,0.866667,0.533333,"(1,(((2,3),4),5))"
7,16,0.10294557,0.867893,0.768145,14,8,0.875000,0.500000,"(1,(((2,3),4),5))"
7,17,0.09265101,0.920312,0.768145,15,9,0.882353,0.529412,"(1,(((2,3),4),5))"
7,18,0.08338591,0.920312,0.768145,15,9,0.833333,0.500000,"(1,(((2,3),4),5))"
7,19,0.07504732,0.918746,0.768145,16,9,0.842105,0.473684,"(1,(((2,3),4),5))"
7,20,0.06754259,0.922319,0.768145,17,10,0.850000,0.500000,"(1,(((2,3),4),5))"
7,21,0.06078833,0.922319,0.768145,17,10,0.809524,0.476190,"(1,(((2,3),4),5))"
7,22,0.05470949,0.879587,0.768145,18,10,0.818182,0.454545,"(1,(((2,3),4),5))"
7,23,0.04923855,0.879587,0.768145,18,10,0.782609,0.434783,"(1,(((2,3),4),5))"
7,24,0.04431469,0.879587,0.768145,18,10,0.750000,0.416667,"(1,(((2,3),4),5))"
7,25,0.03988322,0.884076,0.768145,19,11,0.760000,0.440000,"(1,(((2,3),4),5))"
7,26,0.03589490,0.884076,0.768145,19,11,0.730769,0.423077,"(1,(((2,3),4),5))"
7,27,0.03230541,0.874125,0.768145,20,11,0.740741,0.407407,"(1,(((2,3),4),5))"
7,28,0.02907487,0.845263,0.768145,21,11,0.750000,0.392857,"(1,(((2,3),4),5))"
7,29,0.02616738,0.891386,0.768145,22,12,0.758621,0.413793,"(1,(((2,3),4),5))"
7,30,0.02355064,0.891386,0.768145,23,12,0.766667,0.400000,"(1,(((2,3),4),5))"
7,31,0.02119558,0.891386,0.768145,23,12,0.741935,0.387097,"(1,(((2,3),4),5))"
7,32,0.01907602,0.875790,0.768145,24,12,0.750000,0.375000,"(1,(((2,3),4),5))"
7,33,0.01716842,0.871684,0.768145,25,12,0.757576,0.363636,"(1,(((2,3),4),5))"
7,34,0.01545158,0.871684,0.768145,25,12,0.735294,0.352941,"(1,(((2,3),4),5))"
7,35,0.01390642,0.871684,0.768145,25,12,0.714286,0.342857,"(1,(((2,3),4),5))"
7,36,0.01251578,0.878189,0.768145,26,13,0.722222,0.361111,"(1,(((2,3),4),5))"
7,37,0.01126420,0.878189,0.768145,26,13,0.702703,0.351351,"(1,(((2,3),4),5))"
7,38,0.01013778,0.878189,0.768145,26,13,0.684211,0.342105,"(1,(((2,3),4),5))"
7,39,0.00912400,0.875975,0.768145,27,13,0.692308,0.333333,"(1,(((2,3),4),5))"
7,40,0.00821160,0.877565,0.768145,28,14,0.700000,0.350000,"(1,(((2,3),4),5))"
7,41,0.00739044,0.877565,0.768145,28,14,0.682927,0.341463,"(1,(((2,3),4),5))"
7,42,0.00665140,0.732208,0.732208,29,14,0.690476,0.333333,"(1,(((2,3),4),5))"
7,43,0.00598626,0.732208,0.732208,29,14,0.674419,0.325581,"(1,(((2,3),4),5))"
7,44,0.00538763,0.729656,0.729656,30,14,0.681818,0.318182,"(1,(((2,3),4),5))"
7,45,0.00484887,0.729656,0.729656,30,14,0.666667,0.311111,"(1,(((2,3),4),5))"
7,46,0.00436398,0.729656,0.729656,30,14,0.652174,0.304348,"(1,(((2,3),4),5))"
7,47,0.00392758,0.729904,0.729656,31,15,0.659574,0.319149,"(1,(((2,3),4),5))"
7,48,0.00353483,0.727801,0.727801,32,15,0.666667,0.312500,"(1,(((2,3),4),5))"
7,49,0.00318134,0.727801,0.727801,32,15,0.653061,0.306122,"(1,(((2,3),4),5))"
7,50,0.00286321,0.727801,0.727801,32,15,0.640000,0.300000,"(1,(((2,3),4),5))"
7,51,0.00257689,0.727801,0.727801,32,15,0.627451,0.294118,"(1,(((2,3),4),5))"
7,52,0.00231920,0.732978,0.727801,33,16,0.634615,0.307692,"(1,(((2,3),4),5))"
7,53,0.00208728,0.732978,0.727801,33,16,0.622642,0.301887,"(1,(((2,3),4),5))"
7,54,0.00187855,0.732978,0.727801,33,16,0.611111,0.296296,"(1,(((2,3),4),5))"
7,55,0.00169070,0.732978,0.727801,33,16,0.600000,0.290909,"(1,(((2,3),4),5))"
7,56,0.00152163,0.732978,0.727801,33,16,0.589286,0.285714,"(1,(((2,3),4),5))"
7,57,0.00136946,0.685331,0.685331,34,16,0.596491,0.280702,"(1,((2,3),(4,5)))"
7,58,0.00123252,0.682643,0.682643,35,16,0.603448,0.275862,"(1,((2,3),(4,5)))"
7,59,0.00110927,0.678754,0.678754,36,16,0.610169,0.271186,"(1,((2,3),(4,5)))"
7,60,0.00099834,0.678754,0.678754,36,16,0.600000,0.266667,"(1,((2,3),(4,5)))"
7,61,0.00089851,0.678754,0.678754,36,16,0.590164,0.262295,"(1,((2,3),(4,5)))"
7,62,0.00080865,0.675647,0.675647,37,16,0.596774,0.258065,"(1,((2,3),(4,5)))"
7,63,0.00072779,0.675647,0.675647,37,16,0.587302,0.253968,"(1,((2,3),(4,5)))"
7,64,0.00065501,0.667084,0.667084,38,16,0.593750,0.250000,"(1,((2,3),(4,5)))"
7,65,0.00058951,0.667084,0.667084,38,16,0.584615,0.246154,"(1,((2,3),(4,5)))"
7,66,0.00053056,0.660620,0.660620,39,16,0.590909,0.242424,"(1,((2,3),(4,5)))"
7,67,0.00047750,0.660620,0.660620,39,16,0.582090,0.238806,"(1,((2,3),(4,5)))"
7,68,0.00042975,0.660108,0.660108,40,16,0.588235,0.235294,"(1,((2,3),(4,5)))"
7,69,0.00038678,0.660060,0.660060,41,16,0.594203,0.231884,"(1,((2,3),(4,5)))"
7,70,0.00034810,0.660060,0.660060,41,16,0.585714,0.228571,"(1,((2,3),(4,5)))"
7,71,0.00031329,0.660060,0.660060,41,16,0.577465,0.225352,"(1,((2,3),(4,5)))"
7,72,0.00028196,0.660060,0.660060,41,16,0.569444,0.222222,"(1,((2,3),(4,5)))"
7,73,0.00025376,0.660060,0.660060,41,16,0.561644,0.219178,"(1,((2,3),(4,5)))"
7,74,0.00022839,0.660060,0.660060,41,16,0.554054,0.216216,"(1,((2,3),(4,5)))"
7,75,0.00020555,0.660060,0.660060,41,16,0.546667,0.213333,"(1,((2,3),(4,5)))"
7,76,0.00018499,0.660060,0.660060,41,16,0.539474,0.210526,"(1,((2,3),(4,5)))"
7,77,0.00016649,0.660060,0.660060,41,16,0.532468,0.207792,"(1,((2,3),(4,5)))"
7,78,0.00014985,0.660060,0.660060,41,16,0.525641,0.205128,"(1,((2,3),(4,5)))"
7,79,0.00013486,0.660060,0.660060,41,16,0.518987,0.202532,"(1,((2,3),(4,5)))"
7,80,0.00012137,0.660060,0.660060,41,16,0.512500,0.200000,"(1,((2,3),(4,5)))"
7,81,0.00010924,0.636719,0.636719,42,16,0.518519,0.197531,"(1,(2,(3,(4,5))))"
7,82,0.00009831,0.636719,0.636719,42,16,0.512195,0.195122,"(1,(2,(3,(4,5))))"
7,83,0.00008848,0.636719,0.636719,42,16,0.506024,0.192771,"(1,(2,(3,(4,5))))"
7,84,0.00007963,0.636464,0.636464,43,16,0.511905,0.190476,"(1,(2,(3,(4,5))))"
7,85,0.00007167,0.636464,0.636464,43,16,0.505882,0.188235,"(1,(2,(3,(4,5))))"
7,86,0.00006450,0.636464,0.636464,43,16,0.500000,0.186047,"(1,(2,(3,(4,5))))"
7,87,0.00005805,0.636464,0.636464,43,16,0.494253,0.183908,"(1,(2,(3,(4,5))))"
7,88,0.00005225,0.636464,0.636464,43,16,0.488636,0.181818,"(1,(2,(3,(4,5))))"
7,89,0.00004702,0.636464,0.636464,43,16,0.483146,0.179775,"(1,(2,(3,(4,5))))"
7,90,0.00004232,0.636283,0.636283,44,16,0.488889,0.177778,"(1,(2,(3,(4,5))))"
7,91,0.00003809,0.636283,0.636283,44,16,0.483516,0.175824,"(1,(2,(3,(4,5))))"
7,92,0.00003428,0.636283,0.636283,44,16,0.478261,0.173913,"(1,(2,(3,(4,5))))"
7,93,0.00003085,0.636283,0.636283,44,16,0.473118,0.172043,"(1,(2,(3,(4,5))))"
7,94,0.00002777,0.636283,0.636283,44,16,0.468085,0.170213,"(1,(2,(3,(4,5))))"
7,95,0.00002499,0.636283,0.636283,44,16,0.463158,0.168421,"(1,(2,(3,(4,5))))"
7,96,0.00002249,0.636283,0.636283,44,16,0.458333,0.166667,"(1,(2,(3,(4,5))))"
7,97,0.00002024,0.636295,0.636283,45,17,0.463918,0.175258,"(1,(2,(3,(4,5))))"
7,98,0.00001822,0.636295,0.636283,45,17,0.459184,0.173469,"(1,(2,(3,(4,5))))"
7,99,0.00001640,0.636295,0.636283,45,17,0.454545,0.171717,"(1,(2,(3,(4,5))))"
7,100,0.00001476,0.636295,0.636283,45,17,0.450000,0.170000,"(1,(2,(3,(4,5))))"
7,101,0.00001328,0.636295,0.636283,45,17,0.445545,0.168317,"(1,(2,(3,(4,5))))"
7,102,0.00001195,0.636295,0.636283,45,17,0.441176,0.166667,"(1,(2,(3,(4,5))))"
7,103,0.00001076,0.636295,0.636283,45,17,0.436893,0.165049,"(1,(2,(3,(4,5))))"
7,104,0.00000968,0.636295,0.636283,45,17,0.432692,0.163462,"(1,(2,(3,(4,5))))"
7,105,0.00000871,0.636295,0.636283,45,17,0.428571,0.161905,"(1,(2,(3,(4,5))))"
7,106,0.00000784,0.636295,0.636283,45,17,0.424528,0.160377,"(1,(2,(3,(4,5))))"
7,107,0.00000706,0.632990,0.632990,46,17,0.429907,0.158879,"(1,(2,(3,(4,5))))"
7,108,0.00000635,0.632990,0.632990,46,17,0.425926,0.157407,"(1,(2,(3,(4,5))))"
7,109,0.00000572,0.632990,0.632990,46,17,0.422018,0.155963,"(1,(2,(3,(4,5))))"
7,110,0.00000515,0.632990,0.632990,46,17,0.418182,0.154545,"(1,(2,(3,(4,5))))"
7,111,0.00000463,0.632990,0.632990,46,17,0.414414,0.153153,"(1,(2,(3,(4,5))))"
7,112,0.00000417,0.632990,0.632990,46,17,0.410714,0.151786,"(1,(2,(3,(4,5))))"
7,113,0.00000375,0.626802,0.626802,47,17,0.415929,0.150442,"((1,2),(3,(4,5)))"
7,114,0.00000338,0.626559,0.626559,48,17,0.421053,0.149123,"((1,2),(3,(4,5)))"
7,115,0.00000304,0.626559,0.626559,48,17,0.417391,0.147826,"((1,2),(3,(4,5)))"
7,116,0.00000273,0.626559,0.626559,48,17,0.413793,0.146552,"((1,2),(3,(4,5)))"
7,117,0.00000246,0.626559,0.626559,48,17,0.410256,0.145299,"((1,2),(3,(4,5)))"
7,118,0.00000221,0.626559,0.626559,48,17,0.406780,0.144068,"((1,2),(3,(4,5)))"
7,119,0.00000199,0.626559,0.626559,48,17,0.403361,0.142857,"((1,2),(3,(4,5)))"
7,120,0.00000179,0.626559,0.626559,48,17,0.400000,0.141667,"((1,2),(3,(4,5)))"
7,121,0.00000161,0.626559,0.626559,48,17,0.396694,0.140496,"((1,2),(3,(4,5)))"
7,122,0.00000145,0.626559,0.626559,48,17,0.393443,0.139344,"((1,2),(3,(4,5)))"
7,123,0.00000131,0.626559,0.626559,48,17,0.390244,0.138211,"((1,2),(3,(4,5)))"
7,124,0.00000118,0.626559,0.626559,48,17,0.387097,0.137097,"((1,2),(3,(4,5)))"
7,125,0.00000106,0.626559,0.626559,48,17,0.384000,0.136000,"((1,2),(3,(4,5)))"
7,126,0.00000095,0.626155,0.626155,49,17,0.388889,0.134921,"((1,2),(3,(4,5)))"
7,127,0.00000086,0.626155,0.626155,49,17,0.385827,0.133858,"((1,2),(3,(4,5)))"
7,128,0.00000077,0.625975,0.625975,50,17,0.390625,0.132812,"((1,2),(3,(4,5)))"
7,129,0.00000070,0.625975,0.625975,50,17,0.387597,0.131783,"((1,2),(3,(4,5)))"
7,130,0.00000063,0.624557,0.624557,51,17,0.392308,0.130769,"((1,2),(3,(4,5)))"
7,131,0.00000056,0.623880,0.623880,52,17,0.396947,0.129771,"((1,2),(3,(4,5)))"
7,132,0.00000051,0.623880,0.623880,52,17,0.393939,0.128788,"((1,2),(3,(4,5)))"
7,133,0.00000046,0.623880,0.623880,52,17,0.390977,0.127820,"((1,2),(3,(4,5)))"
7,134,0.00000041,0.623880,0.623880,52,17,0.388060,0.126866,"((1,2),(3,(4,5)))"
7,135,0.00000037,0.623880,0.623880,52,17,0.385185,0.125926,"((1,2),(3,(4,5)))"
7,136,0.00000033,0.623880,0.623880,52,17,0.382353,0.125000,"((1,2),(3,(4,5)))"
7,137,0.00000030,0.623880,0.623880,52,17,0.379562,0.124088,"((1,2),(3,(4,5)))"
7,138,0.00000027,0.623880,0.623880,52,17,0.376812,0.123188,"((1,2),(3,(4,5)))"
7,139,0.00000024,0.623880,0.623880,52,17,0.374101,0.122302,"((1,2),(3,(4,5)))"
7,140,0.00000022,0.623880,0.623880,52,17,0.371429,0.121429,"((1,2),(3,(4,5)))"
7,141,0.00000020,0.623880,0.623880,52,17,0.368794,0.120567,"((1,2),(3,(4,5)))"
7,142,0.00000018,0.623796,0.623796,53,17,0.373239,0.119718,"((1,2),(3,(4,5)))"
7,143,0.00000016,0.623796,0.623796,53,17,0.370629,0.118881,"((1,2),(3,(4,5)))"
7,144,0.00000014,0.623796,0.623796,53,17,0.368056,0.118056,"((1,2),(3,(4,5)))"
7,145,0.00000013,0.623796,0.623796,53,17,0.365517,0.117241,"((1,2),(3,(4,5)))"
7,146,0.00000012,0.623796,0.623796,53,17,0.363014,0.116438,"((1,2),(3,(4,5)))"
7,147,0.00000010,0.623796,0.623796,53,17,0.360544,0.115646,"((1,2),(3,(4,5)))"
7,148,0.00000009,0.623796,0.623796,53,17,0.358108,0.114865,"((1,2),(3,(4,5)))"
7,149,0.00000008,0.623796,0.623796,53,17,0.355705,0.114094,"((1,2),(3,(4,5)))"
7,150,0.00000008,0.623726,0.623726,54,17,0.360000,0.113333,"((1,2),(3,(4,5)))"
8,0,0.50000000,0.782070,0.782070,0,0,0.000000,0.000000,"(1,((2,(3,4)),5))"
8,1,0.50000000,0.782070,0.782070,0,0,0.000000,0.000000,"(1,((2,(3,4)),5))"
8,2,0.45000000,0.782070,0.782070,0,0,0.000000,0.000000,"(1,((2,(3,4)),5))"
8,3,0.40500000,0.782070,0.782070,0,0,0.000000,0.000000,"(1,((2,(3,4)),5))"
8,4,0.36450000,0.828448,0.782070,1,1,0.250000,0.250000,"(1,((2,(3,4)),5))"
8,5,0.32805000,0.846962,0.782070,2,2,0.400000,0.400000,"(1,((2,(3,4)),5))"
8,6,0.29524500,0.846962,0.782070,2,2,0.333333,0.333333,"(1,((2,(3,4)),5))"
8,7,0.26572050,0.846962,0.782070,2,2,0.285714,0.285714,"(1,((2,(3,4)),5))"
8,8,0.23914845,0.841451,0.782070,3,2,0.375000,0.250000,"(1,((2,(3,4)),5))"
8,9,0.21523361,0.943614,0.782070,4,3,0.444444,0.333333,"(1,((2,(3,4)),5))"
8,10,0.19371024,0.943614,0.782070,4,3,0.400000,0.300000,"(1,((2,(3,4)),5))"
8,11,0.17433922,0.992238,0.782070,5,4,0.454545,0.363636,"(1,((2,(3,4)),5))"
8,12,0.15690530,0.992238,0.782070,5,4,0.416667,0.333333,"(1,((2,(3,4)),5))"
8,13,0.14121477,0.992238,0.782070,5,4,0.384615,0.307692,"(1,((2,(3,4)),5))"
8,14,0.12709329,1.030229,0.782070,6,5,0.428571,0.357143,"(1,((2,(3,4)),5))"
8,15,0.11438396,1.030229,0.782070,6,5,0.400000,0.333333,"(1,((2,(3,4)),5))"
8,16,0.10294557,1.030229,0.782070,6,5,0.375000,0.312500,"(1,((2,(3,4)),5))"
8,17,0.09265101,0.973940,0.782070,7,5,0.411765,0.294118,"(1,((2,(3,4)),5))"
8,18,0.08338591,0.867053,0.782070,8,5,0.444444,0.277778,"(1,((2,(3,4)),5))"
8,19,0.07504732,0.867053,0.782070,8,5,0.421053,0.263158,"(1,((2,(3,4)),5))"
8,20,0.06754259,0.802426,0.782070,9,5,0.450000,0.250000,"(1,((2,(3,4)),5))"
8,21,0.06078833,0.807291,0.782070,10,6,0.476190,0.285714,"(1,((2,(3,4)),5))"
8,22,0.05470949,0.811583,0.782070,11,7,0.500000,0.318182,"(1,((2,(3,4)),5))"
8,23,0.04923855,0.811583,0.782070,11,7,0.478261,0.304348,"(1,((2,(3,4)),5))"
8,24,0.04431469,0.806114,0.782070,12,7,0.500000,0.291667,"(1,((2,(3,4)),5))"
8,25,0.03988322,0.806114,0.782070,12,7,0.480000,0.280000,"(1,((2,(3,4)),5))"
8,26,0.03589490,0.806114,0.782070,12,7,0.461538,0.269231,"(1,((2,(3,4)),5))"
8,27,0.03230541,0.806114,0.782070,12,7,0.444444,0.259259,"(1,((2,(3,4)),5))"
8,28,0.02907487,0.932951,0.782070,13,8,0.464286,0.285714,"(1,((2,(3,4)),5))"
8,29,0.02616738,0.932951,0.782070,13,8,0.448276,0.275862,"(1,((2,(3,4)),5))"
8,30,0.02355064,0.907304,0.782070,14,8,0.466667,0.266667,"(1,((2,(3,4)),5))"
8,31,0.02119558,0.929149,0.782070,15,9,0.483871,0.290323,"(1,((2,(3,4)),5))"
8,32,0.01907602,0.929149,0.782070,15,9,0.468750,0.281250,"(1,((2,(3,4)),5))"
8,33,0.01716842,0.929149,0.782070,15,9,0.454545,0.272727,"(1,((2,(3,4)),5))"
8,34,0.01545158,0.929149,0.782070,15,9,0.441176,0.264706,"(1,((2,(3,4)),5))"
8,35,0.01390642,0.929149,0.782070,15,9,0.428571,0.257143,"(1,((2,(3,4)),5))"
8,36,0.01251578,0.877817,0.782070,16,9,0.444444,0.250000,"(1,((2,(3,4)),5))"
8,37,0.01126420,0.877817,0.782070,16,9,0.432432,0.243243,"(1,((2,(3,4)),5))"
8,38,0.01013778,0.879331,0.782070,17,10,0.447368,0.263158,"(1,((2,(3,4)),5))"
8,39,0.00912400,0.880479,0.782070,18,11,0.461538,0.282051,"(1,((2,(3,4)),5))"
8,40,0.00821160,0.880479,0.782070,18,11,0.450000,0.275000,"(1,((2,(3,4)),5))"
8,41,0.00739044,0.862083,0.782070,19,11,0.463415,0.268293,"(1,((2,(3,4)),5))"
8,42,0.00665140,0.862083,0.782070,19,11,0.452381,0.261905,"(1,((2,(3,4)),5))"
8,43,0.00598626,0.862083,0.782070,19,11,0.441860,0.255814,"(1,((2,(3,4)),5))"
8,44,0.00538763,0.862083,0.782070,19,11,0.431818,0.250000,"(1,((2,(3,4)),5))"
8,45,0.00484887,0.862083,0.782070,19,11,0.422222,0.244444,"(1,((2,(3,4)),5))"
8,46,0.00436398,0.862083,0.782070,19,11,0.413043,0.239130,"(1,((2,(3,4)),5))"
8,47,0.00392758,0.862083,0.782070,19,11,0.404255,0.234043,"(1,((2,(3,4)),5))"
8,48,0.00353483,0.862083,0.782070,19,11,0.395833,0.229167,"(1,((2,(3,4)),5))"
8,49,0.00318134,0.862083,0.782070,19,11,0.387755,0.224490,"(1,((2,(3,4)),5))"
8,50,0.00286321,0.856112,0.782070,20,11,0.400000,0.220000,"(1,((2,(3,4)),5))"
8,51,0.00257689,0.856112,0.782070,20,11,0.392157,0.215686,"(1,((2,(3,4)),5))"
8,52,0.00231920,0.856112,0.782070,20,11,0.384615,0.211538,"(1,((2,(3,4)),5))"
8,53,0.00208728,0.810537,0.782070,21,11,0.396226,0.207547,"(1,((2,(3,4)),5))"
8,54,0.00187855,0.687014,0.687014,22,11,0.407407,0.203704,"(1,(2,((3,4),5)))"
8,55,0.00169070,0.676223,0.676223,23,11,0.418182,0.200000,"(1,(2,((3,4),5)))"
8,56,0.00152163,0.676248,0.676223,24,12,0.428571,0.214286,"(1,(2,((3,4),5)))"
8,57,0.00136946,0.677925,0.676223,25,13,0.438596,0.228070,"(1,(2,((3,4),5)))"
8,58,0.00123252,0.677925,0.676223,25,13,0.431034,0.224138,"(1,(2,((3,4),5)))"
8,59,0.00110927,0.677925,0.676223,25,13,0.423729,0.220339,"(1,(2,((3,4),5)))"
8,60,0.00099834,0.666873,0.666873,26,13,0.433333,0.216667,"(1,(2,((3,4),5)))"
8,61,0.00089851,0.656505,0.656505,27,13,0.442623,0.213115,"(1,(2,((3,4),5)))"
8,62,0.00080865,0.656505,0.656505,27,13,0.435484,0.209677,"(1,(2,((3,4),5)))"
8,63,0.00072779,0.656505,0.656505,27,13,0.428571,0.206349,"(1,(2,((3,4),5)))"
8,64,0.00065501,0.656505,0.656505,27,13,0.421875,0.203125,"(1,(2,((3,4),5)))"
8,65,0.00058951,0.656505,0.656505,27,13,0.415385,0.200000,"(1,(2,((3,4),5)))"
8,66,0.00053056,0.656505,0.656505,27,13,0.409091,0.196970,"(1,(2,((3,4),5)))"
8,67,0.00047750,0.656505,0.656505,27,13,0.402985,0.194030,"(1,(2,((3,4),5)))"
8,68,0.00042975,0.656505,0.656505,27,13,0.397059,0.191176,"(1,(2,((3,4),5)))"
8,69,0.00038678,0.656505,0.656505,27,13,0.391304,0.188406,"(1,(2,((3,4),5)))"
8,70,0.00034810,0.654739,0.654739,28,13,0.400000,0.185714,"(1,(2,((3,4),5)))"
8,71,0.00031329,0.654595,0.654595,29,13,0.408451,0.183099,"(1,(2,((3,4),5)))"
8,72,0.00028196,0.654595,0.654595,29,13,0.402778,0.180556,"(1,(2,((3,4),5)))"
8,73,0.00025376,0.651361,0.651361,30,13,0.410959,0.178082,"(1,(2,((3,4),5)))"
8,74,0.00022839,0.651361,0.651361,30,13,0.405405,0.175676,"(1,(2,((3,4),5)))"
8,75,0.00020555,0.651361,0.651361,30,13,0.400000,0.173333,"(1,(2,((3,4),5)))"
8,76,0.00018499,0.651361,0.651361,30,13,0.394737,0.171053,"(1,(2,((3,4),5)))"
8,77,0.00016649,0.651361,0.651361,30,13,0.389610,0.168831,"(1,(2,((3,4),5)))"
8,78,0.00014985,0.648432,0.648432,31,13,0.397436,0.166667,"(1,(2,((3,4),5)))"
8,79,0.00013486,0.648432,0.648432,31,13,0.392405,0.164557,"(1,(2,((3,4),5)))"
8,80,0.00012137,0.647046,0.647046,32,13,0.400000,0.162500,"(1,(2,((3,4),5)))"
8,81,0.00010924,0.643760,0.643760,33,13,0.407407,0.160494,"(1,(2,((3,4),5)))"
8,82,0.00009831,0.643760,0.643760,33,13,0.402439,0.158537,"(1,(2,((3,4),5)))"
8,83,0.00008848,0.643760,0.643760,33,13,0.397590,0.156627,"(1,(2,((3,4),5)))"
8,84,0.00007963,0.643760,0.643760,33,13,0.392857,0.154762,"(1,(2,((3,4),5)))"
8,85,0.00007167,0.643760,0.643760,33,13,0.388235,0.152941,"(1,(2,((3,4),5)))"
8,86,0.00006450,0.643760,0.643760,33,13,0.383721,0.151163,"(1,(2,((3,4),5)))"
8,87,0.00005805,0.643760,0.643760,34,13,0.390805,0.149425,"(1,(2,((3,4),5)))"
8,88,0.00005225,0.643760,0.643760,34,13,0.386364,0.147727,"(1,(2,((3,4),5)))"
8,89,0.00004702,0.643760,0.643760,34,13,0.382022,0.146067,"(1,(2,((3,4),5)))"
8,90,0.00004232,0.643760,0.643760,34,13,0.377778,0.144444,"(1,(2,((3,4),5)))"
8,91,0.00003809,0.643760,0.643760,34,13,0.373626,0.142857,"(1,(2,((3,4),5)))"
8,92,0.00003428,0.634321,0.634321,35,13,0.380435,0.141304,"((1,2),((3,4),5))"
8,93,0.00003085,0.634321,0.634321,35,13,0.376344,0.139785,"((1,2),((3,4),5))"
8,94,0.00002777,0.634321,0.634321,35,13,0.372340,0.138298,"((1,2),((3,4),5))"
8,95,0.00002499,0.634321,0.634321,35,13,0.368421,0.136842,"((1,2),((3,4),5))"
8,96,0.00002249,0.629864,0.629864,36,13,0.375000,0.135417,"((1,2),((3,4),5))"
8,97,0.00002024,0.629864,0.629864,36,13,0.371134,0.134021,"((1,2),((3,4),5))"
8,98,0.00001822,0.629864,0.629864,36,13,0.367347,0.132653,"((1,2),((3,4),5))"
8,99,0.00001640,0.629864,0.629864,36,13,0.363636,0.131313,"((1,2),((3,4),5))"
8,100,0.00001476,0.629864,0.629864,36,13,0.360000,0.130000,"((1,2),((3,4),5))"
8,101,0.00001328,0.629864,0.629864,36,13,0.356436,0.128713,"((1,2),((3,4),5))"
8,102,0.00001195,0.629864,0.629864,36,13,0.352941,0.127451,"((1,2),((3,4),5))"
8,103,0.00001076,0.629864,0.629864,36,13,0.349515,0.126214,"((1,2),((3,4),5))"
8,104,0.00000968,0.629864,0.629864,36,13,0.346154,0.125000,"((1,2),((3,4),5))"
8,105,0.00000871,0.629864,0.629864,36,13,0.342857,0.123810,"((1,2),((3,4),5))"
8,106,0.00000784,0.629864,0.629864,36,13,0.339623,0.122642,"((1,2),((3,4),5))"
8,107,0.00000706,0.629864,0.629864,36,13,0.336449,0.121495,"((1,2),((3,4),5))"
8,108,0.00000635,0.629864,0.629864,36,13,0.333333,0.120370,"((1,2),((3,4),5))"
8,109,0.00000572,0.629864,0.629864,36,13,0.330275,0.119266,"((1,2),((3,4),5))"
8,110,0.00000515,0.629864,0.629864,36,13,0.327273,0.118182,"((1,2),((3,4),5))"
8,111,0.00000463,0.629864,0.629864,36,13,0.324324,0.117117,"((1,2),((3,4),5))"
8,112,0.00000417,0.629864,0.629864,36,13,0.321429,0.116071,"((1,2),((3,4),5))"
8,113,0.00000375,0.629864,0.629864,36,13,0.318584,0.115044,"((1,2),((3,4),5))"
8,114,0.00000338,0.629864,0.629864,36,13,0.315789,0.114035,"((1,2),((3,4),5))"
8,115,0.00000304,0.629864,0.629864,36,13,0.313043,0.113043,"((1,2),((3,4),5))"
8,116,0.00000273,0.629864,0.629864,36,13,0.310345,0.112069,"((1,2),((3,4),5))"
8,117,0.00000246,0.629864,0.629864,36,13,0.307692,0.111111,"((1,2),((3,4),5))"
8,118,0.00000221,0.629864,0.629864,36,13,0.305085,0.110169,"((1,2),((3,4),5))"
8,119,0.00000199,0.629864,0.629864,36,13,0.302521,0.109244,"((1,2),((3,4),5))"
8,120,0.00000179,0.629864,0.629864,36,13,0.300000,0.108333,"((1,2),((3,4),5))"
8,121,0.00000161,0.627942,0.627942,37,13,0.305785,0.107438,"((1,2),((3,4),5))"
8,122,0.00000145,0.627942,0.627942,37,13,0.303279,0.106557,"((1,2),((3,4),5))"
8,123,0.00000131,0.625478,0.625478,38,13,0.308943,0.105691,"((1,2),((3,4),5))"
8,124,0.00000118,0.625478,0.625478,38,13,0.306452,0.104839,"((1,2),((3,4),5))"
8,125,0.00000106,0.625478,0.625478,38,13,0.304000,0.104000,"((1,2),((3,4),5))"
8,126,0.00000095,0.625478,0.625478,38,13,0.301587,0.103175,"((1,2),((3,4),5))"
8,127,0.00000086,0.625478,0.625478,38,13,0.299213,0.102362,"((1,2),((3,4),5))"
8,128,0.00000077,0.624646,0.624646,39,13,0.304688,0.101562,"((1,2),((3,4),5))"
8,129,0.00000070,0.624646,0.624646,39,13,0.302326,0.100775,"((1,2),((3,4),5))"
8,130,0.00000063,0.624646,0.624646,39,13,0.300000,0.100000,"((1,2),((3,4),5))"
8,131,0.00000056,0.624646,0.624646,39,13,0.297710,0.099237,"((1,2),((3,4),5))"
8,132,0.00000051,0.624646,0.624646,39,13,0.295455,0.098485,"((1,2),((3,4),5))"
8,133,0.00000046,0.624646,0.624646,39,13,0.293233,0.097744,"((1,2),((3,4),5))"
8,134,0.00000041,0.624646,0.624646,39,13,0.291045,0.097015,"((1,2),((3,4),5))"
8,135,0.00000037,0.624646,0.624646,39,13,0.288889,0.096296,"((1,2),((3,4),5))"
8,136,0.00000033,0.624646,0.624646,39,13,0.286765,0.095588,"((1,2),((3,4),5))"
8,137,0.00000030,0.624646,0.624646,39,13,0.284672,0.094891,"((1,2),((3,4),5))"
8,138,0.00000027,0.624646,0.624646,39,13,0.282609,0.094203,"((1,2),((3,4),5))"
8,139,0.00000024,0.624646,0.624646,39,13,0.280576,0.093525,"((1,2),((3,4),5))"
8,140,0.00000022,0.624646,0.624646,39,13,0.278571,0.092857,"((1,2),((3,4),5))"
8,141,0.00000020,0.624646,0.624646,39,13,0.276596,0.092199,"((1,2),((3,4),5))"
8,142,0.00000018,0.624646,0.624646,39,13,0.274648,0.091549,"((1,2),((3,4),5))"
8,143,0.00000016,0.624646,0.624646,39,13,0.272727,0.090909,"((1,2),((3,4),5))"
8,144,0.00000014,0.624646,0.624646,39,13,0.270833,0.090278,"((1,2),((3,4),5))"
8,145,0.00000013,0.624646,0.624646,39,13,0.268966,0.089655,"((1,2),((3,4),5))"
8,146,0.00000012,0.624646,0.624646,39,13,0.267123,0.089041,"((1,2),((3,4),5))"
8,147,0.00000010,0.624646,0.624646,39,13,0.265306,0.088435,"((1,2),((3,4),5))"
8,148,0.00000009,0.624507,0.624507,40,13,0.270270,0.087838,"((1,2),((3,4),5))"
8,149,0.00000008,0.624507,0.624507,40,13,0.268456,0.087248,"((1,2),((3,4),5))"
8,150,0.00000008,0.624507,0.624507,40,13,0.266667,0.086667,"((1,2),((3,4),5))"
9,0,0.50000000,0.661798,0.661798,0,0,0.000000,0.000000,"((1,2),(3,(4,5)))"
9,1,0.50000000,0.661902,0.661798,1,1,1.000000,1.000000,"((1,2),(3,(4,5)))"
9,2,0.45000000,0.661902,0.661798,1,1,0.500000,0.500000,"((1,2),(3,(4,5)))"
9,3,0.40500000,0.746134,0.661798,2,2,0.666667,0.666667,"((1,2),(3,(4,5)))"
9,4,0.36450000,0.770085,0.661798,3,3,0.750000,0.750000,"((1,2),(3,(4,5)))"
9,5,0.32805000,0.803788,0.661798,4,4,0.800000,0.800000,"((1,2),(3,(4,5)))"
9,6,0.29524500,0.857115,0.661798,5,5,0.833333,0.833333,"((1,2),(3,(4,5)))"
9,7,0.26572050,0.848401,0.661798,6,5,0.857143,0.714286,"((1,2),(3,(4,5)))"
9,8,0.23914845,0.865088,0.661798,7,6,0.875000,0.750000,"((1,2),(3,(4,5)))"
9,9,0.21523361,0.901307,0.661798,8,7,0.888889,0.777778,"((1,2),(3,(4,5)))"
9,10,0.19371024,0.717787,0.661798,9,7,0.900000,0.700000,"((1,2),(3,(4,5)))"
9,11,0.17433922,0.717396,0.661798,10,7,0.909091,0.636364,"((1,2),(3,(4,5)))"
9,12,0.15690530,0.717396,0.661798,11,7,0.916667,0.583333,"((1,2),(3,(4,5)))"
9,13,0.14121477,0.754468,0.661798,12,8,0.923077,0.615385,"((1,2),(3,(4,5)))"
9,14,0.12709329,0.754468,0.661798,12,8,0.857143,0.571429,"((1,2),(3,(4,5)))"
9,15,0.11438396,0.751918,0.661798,13,8,0.866667,0.533333,"((1,2),(3,(4,5)))"
9,16,0.10294557,0.751918,0.661798,13,8,0.812500,0.500000,"((1,2),(3,(4,5)))"
9,17,0.09265101,0.724084,0.661798,14,8,0.823529,0.470588,"((1,2),(3,(4,5)))"
9,18,0.08338591,0.724084,0.661798,14,8,0.777778,0.444444,"((1,2),(3,(4,5)))"
9,19,0.07504732,0.705285,0.661798,15,8,0.789474,0.421053,"((1,2),(3,(4,5)))"
9,20,0.06754259,0.693964,0.661798,16,8,0.800000,0.400000,"((1,2),(3,(4,5)))"
9,21,0.06078833,0.693964,0.661798,16,8,0.761905,0.380952,"((1,2),(3,(4,5)))"
9,22,0.05470949,0.692204,0.661798,17,8,0.772727,0.363636,"((1,2),(3,(4,5)))"
9,23,0.04923855,0.692204,0.661798,17,8,0.739130,0.347826,"((1,2),(3,(4,5)))"
9,24,0.04431469,0.684947,0.661798,18,8,0.750000,0.333333,"((1,2),(3,(4,5)))"
9,25,0.03988322,0.684947,0.661798,18,8,0.720000,0.320000,"((1,2),(3,(4,5)))"
9,26,0.03589490,0.689170,0.661798,19,9,0.730769,0.346154,"((1,2),(3,(4,5)))"
9,27,0.03230541,0.694113,0.661798,20,10,0.740741,0.370370,"((1,2),(3,(4,5)))"
9,28,0.02907487,0.696261,0.661798,21,11,0.750000,0.392857,"((1,2),(3,(4,5)))"
9,29,0.02616738,0.696261,0.661798,21,11,0.724138,0.379310,"((1,2),(3,(4,5)))"
9,30,0.02355064,0.690940,0.661798,22,11,0.733333,0.366667,"((1,2),(3,(4,5)))"
9,31,0.02119558,0.693131,0.661798,23,12,0.741935,0.387097,"((1,2),(3,(4,5)))"
9,32,0.01907602,0.693131,0.661798,23,12,0.718750,0.375000,"((1,2),(3,(4,5)))"
9,33,0.01716842,0.712844,0.661798,24,13,0.727273,0.393939,"((1,2),(3,(4,5)))"
9,34,0.01545158,0.725146,0.661798,25,14,0.735294,0.411765,"((1,2),(3,(4,5)))"
9,35,0.01390642,0.725146,0.661798,25,14,0.714286,0.400000,"((1,2),(3,(4,5)))"
9,36,0.01251578,0.725146,0.661798,25,14,0.694444,0.388889,"((1,2),(3,(4,5)))"
9,37,0.01126420,0.663698,0.661798,26,14,0.702703,0.378378,"((1,2),(3,(4,5)))"
9,38,0.01013778,0.653407,0.653407,27,14,0.710526,0.368421,"((1,2),(3,(4,5)))"
9,39,0.00912400,0.653239,0.653239,28,14,0.717949,0.358974,"((1,2),(3,(4,5)))"
9,40,0.00821160,0.653407,0.653239,29,15,0.725000,0.375000,"((1,2),(3,(4,5)))"
9,41,0.00739044,0.653866,0.653239,30,16,0.731707,0.390244,"((1,2),(3,(4,5)))"
9,42,0.00665140,0.658045,0.653239,31,17,0.738095,0.404762,"((1,2),(3,(4,5)))"
9,43,0.00598626,0.660762,0.653239,32,18,0.744186,0.418605,"((1,2),(3,(4,5)))"
9,44,0.00538763,0.660148,0.653239,33,18,0.750000,0.409091,"((1,2),(3,(4,5)))"
9,45,0.00484887,0.660148,0.653239,33,18,0.733333,0.400000,"((1,2),(3,(4,5)))"
9,46,0.00436398,0.659191,0.653239,34,18,0.739130,0.391304,"((1,2),(3,(4,5)))"
9,47,0.00392758,0.659635,0.653239,35,19,0.744681,0.404255,"((1,2),(3,(4,5)))"
9,48,0.00353483,0.659635,0.653239,35,19,0.729167,0.395833,"((1,2),(3,(4,5)))"
9,49,0.00318134,0.659635,0.653239,35,19,0.714286,0.387755,"((1,2),(3,(4,5)))"
9,50,0.00286321,0.659635,0.653239,35,19,0.700000,0.380000,"((1,2),(3,(4,5)))"
9,51,0.00257689,0.660654,0.653239,36,20,0.705882,0.392157,"((1,2),(3,(4,5)))"
9,52,0.00231920,0.661677,0.653239,37,21,0.711538,0.403846,"((1,2),(3,(4,5)))"
9,53,0.00208728,0.655975,0.653239,38,21,0.716981,0.396226,"((1,2),(3,(4,5)))"
9,54,0.00187855,0.655179,0.653239,39,21,0.722222,0.388889,"((1,2),(3,(4,5)))"
9,55,0.00169070,0.649010,0.649010,40,21,0.727273,0.381818,"((1,2),(3,(4,5)))"
9,56,0.00152163,0.646224,0.646224,41,21,0.732143,0.375000,"((1,2),(3,(4,5)))"
9,57,0.00136946,0.645809,0.645809,42,21,0.736842,0.368421,"((1,2),(3,(4,5)))"
9,58,0.00123252,0.645809,0.645809,42,21,0.724138,0.362069,"((1,2),(3,(4,5)))"
9,59,0.00110927,0.645809,0.645809,42,21,0.711864,0.355932,"((1,2),(3,(4,5)))"
9,60,0.00099834,0.645809,0.645809,42,21,0.700000,0.350000,"((1,2),(3,(4,5)))"
9,61,0.00089851,0.645809,0.645809,42,21,0.688525,0.344262,"((1,2),(3,(4,5)))"
9,62,0.00080865,0.645460,0.645460,43,21,0.693548,0.338710,"((1,2),(3,(4,5)))"
9,63,0.00072779,0.644070,0.644070,44,21,0.698413,0.333333,"((1,2),(3,(4,5)))"
9,64,0.00065501,0.644070,0.644070,44,21,0.687500,0.328125,"((1,2),(3,(4,5)))"
9,65,0.00058951,0.644070,0.644070,44,21,0.676923,0.323077,"((1,2),(3,(4,5)))"
9,66,0.00053056,0.644070,0.644070,44,21,0.666667,0.318182,"((1,2),(3,(4,5)))"
9,67,0.00047750,0.644070,0.644070,44,21,0.656716,0.313433,"((1,2),(3,(4,5)))"
9,68,0.00042975,0.643940,0.643940,45,21,0.661765,0.308824,"((1,2),(3,(4,5)))"
9,69,0.00038678,0.643940,0.643940,45,21,0.652174,0.304348,"((1,2),(3,(4,5)))"
9,70,0.00034810,0.643940,0.643940,45,21,0.642857,0.300000,"((1,2),(3,(4,5)))"
9,71,0.00031329,0.643940,0.643940,45,21,0.633803,0.295775,"((1,2),(3,(4,5)))"
9,72,0.00028196,0.643940,0.643940,45,21,0.625000,0.291667,"((1,2),(3,(4,5)))"
9,73,0.00025376,0.643940,0.643940,45,21,0.616438,0.287671,"((1,2),(3,(4,5)))"
9,74,0.00022839,0.643940,0.643940,45,21,0.608108,0.283784,"((1,2),(3,(4,5)))"
9,75,0.00020555,0.643940,0.643940,45,21,0.600000,0.280000,"((1,2),(3,(4,5)))"
9,76,0.00018499,0.643948,0.643940,46,22,0.605263,0.289474,"((1,2),(3,(4,5)))"
9,77,0.00016649,0.643948,0.643940,46,22,0.597403,0.285714,"((1,2),(3,(4,5)))"
9,78,0.00014985,0.643948,0.643940,46,22,0.589744,0.282051,"((1,2),(3,(4,5)))"
9,79,0.00013486,0.643874,0.643874,47,22,0.594937,0.278481,"((1,2),(3,(4,5)))"
9,80,0.00012137,0.643874,0.643874,47,22,0.587500,0.275000,"((1,2),(3,(4,5)))"
9,81,0.00010924,0.643874,0.643874,47,22,0.580247,0.271605,"((1,2),(3,(4,5)))"
9,82,0.00009831,0.643874,0.643874,47,22,0.573171,0.268293,"((1,2),(3,(4,5)))"
9,83,0.00008848,0.643874,0.643874,47,22,0.566265,0.265060,"((1,2),(3,(4,5)))"
9,84,0.00007963,0.643637,0.643637,48,22,0.571429,0.261905,"((1,2),(3,(4,5)))"
9,85,0.00007167,0.643637,0.643637,48,22,0.564706,0.258824,"((1,2),(3,(4,5)))"
9,86,0.00006450,0.643637,0.643637,48,22,0.558140,0.255814,"((1,2),(3,(4,5)))"
9,87,0.00005805,0.643637,0.643637,48,22,0.551724,0.252874,"((1,2),(3,(4,5)))"
9,88,0.00005225,0.643637,0.643637,48,22,0.545455,0.250000,"((1,2),(3,(4,5)))"
9,89,0.00004702,0.643637,0.643637,48,22,0.539326,0.247191,"((1,2),(3,(4,5)))"
9,90,0.00004232,0.643413,0.643413,49,22,0.544444,0.244444,"((1,2),(3,(4,5)))"
9,91,0.00003809,0.643413,0.643413,49,22,0.538462,0.241758,"((1,2),(3,(4,5)))"
9,92,0.00003428,0.639250,0.639250,50,22,0.543478,0.239130,"((1,2),(3,(4,5)))"
9,93,0.00003085,0.639250,0.639250,50,22,0.537634,0.236559,"((1,2),(3,(4,5)))"
9,94,0.00002777,0.639250,0.639250,50,22,0.531915,0.234043,"((1,2),(3,(4,5)))"
9,95,0.00002499,0.639250,0.639250,50,22,0.526316,0.231579,"((1,2),(3,(4,5)))"
9,96,0.00002249,0.639250,0.639250,50,22,0.520833,0.229167,"((1,2),(3,(4,5)))"
9,97,0.00002024,0.639250,0.639250,50,22,0.515464,0.226804,"((1,2),(3,(4,5)))"
9,98,0.00001822,0.638973,0.638973,51,22,0.520408,0.224490,"((1,2),(3,(4,5)))"
9,99,0.00001640,0.638973,0.638973,51,22,0.515152,0.222222,"((1,2),(3,(4,5)))"
9,100,0.00001476,0.638973,0.638973,51,22,0.510000,0.220000,"((1,2),(3,(4,5)))"
9,101,0.00001328,0.638927,0.638927,52,22,0.514851,0.217822,"((1,2),(3,(4,5)))"
9,102,0.00001195,0.638927,0.638927,52,22,0.509804,0.215686,"((1,2),(3,(4,5)))"
9,103,0.00001076,0.638927,0.638927,52,22,0.504854,0.213592,"((1,2),(3,(4,5)))"
9,104,0.00000968,0.638927,0.638927,52,22,0.500000,0.211538,"((1,2),(3,(4,5)))"
9,105,0.00000871,0.638927,0.638927,52,22,0.495238,0.209524,"((1,2),(3,(4,5)))"
9,106,0.00000784,0.638927,0.638927,52,22,0.490566,0.207547,"((1,2),(3,(4,5)))"
9,107,0.00000706,0.638927,0.638927,52,22,0.485981,0.205607,"((1,2),(3,(4,5)))"
9,108,0.00000635,0.638927,0.638927,52,22,0.481481,0.203704,"((1,2),(3,(4,5)))"
9,109,0.00000572,0.638927,0.638927,52,22,0.477064,0.201835,"((1,2),(3,(4,5)))"
9,110,0.00000515,0.638927,0.638927,52,22,0.472727,0.200000,"((1,2),(3,(4,5)))"
9,111,0.00000463,0.638927,0.638927,52,22,0.468468,0.198198,"((1,2),(3,(4,5)))"
9,112,0.00000417,0.638927,0.638927,52,22,0.464286,0.196429,"((1,2),(3,(4,5)))"
9,113,0.00000375,0.638927,0.638927,52,22,0.460177,0.194690,"((1,2),(3,(4,5)))"
9,114,0.00000338,0.638927,0.638927,52,22,0.456140,0.192982,"((1,2),(3,(4,5)))"
9,115,0.00000304,0.638927,0.638927,53,22,0.460870,0.191304,"((1,2),(3,(4,5)))"
9,116,0.00000273,0.638773,0.638773,54,22,0.465517,0.189655,"((1,2),(3,(4,5)))"
9,117,0.00000246,0.638773,0.638773,54,22,0.461538,0.188034,"((1,2),(3,(4,5)))"
9,118,0.00000221,0.637189,0.637189,55,22,0.466102,0.186441,"((1,2),(3,(4,5)))"
9,119,0.00000199,0.637119,0.637119,56,22,0.470588,0.184874,"((1,2),(3,(4,5)))"
9,120,0.00000179,0.637119,0.637119,56,22,0.466667,0.183333,"((1,2),(3,(4,5)))"
9,121,0.00000161,0.637119,0.637119,56,22,0.462810,0.181818,"((1,2),(3,(4,5)))"
9,122,0.00000145,0.637119,0.637119,57,22,0.467213,0.180328,"((1,2),(3,(4,5)))"
9,123,0.00000131,0.637049,0.637049,58,22,0.471545,0.178862,"((1,2),(3,(4,5)))"
9,124,0.00000118,0.637049,0.637049,58,22,0.467742,0.177419,"((1,2),(3,(4,5)))"
9,125,0.00000106,0.637049,0.637049,58,22,0.464000,0.176000,"((1,2),(3,(4,5)))"
9,126,0.00000095,0.637049,0.637049,58,22,0.460317,0.174603,"((1,2),(3,(4,5)))"
9,127,0.00000086,0.637049,0.637049,58,22,0.456693,0.173228,"((1,2),(3,(4,5)))"
9,128,0.00000077,0.637049,0.637049,58,22,0.453125,0.171875,"((1,2),(3,(4,5)))"
9,129,0.00000070,0.637049,0.637049,58,22,0.449612,0.170543,"((1,2),(3,(4,5)))"
9,130,0.00000063,0.637049,0.637049,58,22,0.446154,0.169231,"((1,2),(3,(4,5)))"
9,131,0.00000056,0.637049,0.637049,58,22,0.442748,0.167939,"((1,2),(3,(4,5)))"
9,132,0.00000051,0.637049,0.637049,58,22,0.439394,0.166667,"((1,2),(3,(4,5)))"
9,133,0.00000046,0.636695,0.636695,59,22,0.443609,0.165414,"((1,2),(3,(4,5)))"
9,134,0.00000041,0.636695,0.636695,60,22,0.447761,0.164179,"((1,2),(3,(4,5)))"
9,135,0.00000037,0.636695,0.636695,60,22,0.444444,0.162963,"((1,2),(3,(4,5)))"
9,136,0.00000033,0.636695,0.636695,60,22,0.441176,0.161765,"((1,2),(3,(4,5)))"
9,137,0.00000030,0.636695,0.636695,60,22,0.437956,0.160584,"((1,2),(3,(4,5)))"
9,138,0.00000027,0.636695,0.636695,60,22,0.434783,0.159420,"((1,2),(3,(4,5)))"
9,139,0.00000024,0.636695,0.636695,60,22,0.431655,0.158273,"((1,2),(3,(4,5)))"
9,140,0.00000022,0.636695,0.636695,60,22,0.428571,0.157143,"((1,2),(3,(4,5)))"
9,141,0.00000020,0.636695,0.636695,60,22,0.425532,0.156028,"((1,2),(3,(4,5)))"
9,142,0.00000018,0.636695,0.636695,61,22,0.429577,0.154930,"((1,2),(3,(4,5)))"
9,143,0.00000016,0.636695,0.636695,61,22,0.426573,0.153846,"((1,2),(3,(4,5)))"
9,144,0.00000014,0.636695,0.636695,61,22,0.423611,0.152778,"((1,2),(3,(4,5)))"
9,145,0.00000013,0.636695,0.636695,61,22,0.420690,0.151724,"((1,2),(3,(4,5)))"
9,146,0.00000012,0.636695,0.636695,61,22,0.417808,0.150685,"((1,2),(3,(4,5)))"
9,147,0.00000010,0.636695,0.636695,61,22,0.414966,0.149660,"((1,2),(3,(4,5)))"
9,148,0.00000009,0.636695,0.636695,61,22,0.412162,0.148649,"((1,2),(3,(4,5)))"
9,149,0.00000008,0.636695,0.636695,61,22,0.409396,0.147651,"((1,2),(3,(4,5)))"
9,150,0.00000008,0.636695,0.636695,61,22,0.406667,0.146667,"((1,2),(3,(4,5)))"
10,0,0.50000000,0.848571,0.848571,0,0,0.000000,0.000000,"(1,(((2,3),4),5))"
10,1,0.50000000,0.834986,0.834986,1,0,1.000000,0.000000,"(1,(((2,3),4),5))"
10,2,0.45000000,0.897084,0.834986,2,1,1.000000,0.500000,"(1,(((2,3),4),5))"
10,3,0.40500000,0.912353,0.834986,3,2,1.000000,0.666667,"(1,(((2,3),4),5))"
10,4,0.36450000,0.967727,0.834986,4,3,1.000000,0.750000,"(1,(((2,3),4),5))"
10,5,0.32805000,0.995136,0.834986,5,4,1.000000,0.800000,"(1,(((2,3),4),5))"
10,6,0.29524500,1.091179,0.834986,6,5,1.000000,0.833333,"(1,(((2,3),4),5))"
10,7,0.26572050,0.911775,0.834986,7,5,1.000000,0.714286,"(1,(((2,3),4),5))"
10,8,0.23914845,0.900459,0.834986,8,5,1.000000,0.625000,"(1,(((2,3),4),5))"
10,9,0.21523361,0.915000,0.834986,9,6,1.000000,0.666667,"(1,(((2,3),4),5))"
10,10,0.19371024,0.922490,0.834986,10,7,1.000000,0.700000,"(1,(((2,3),4),5))"
10,11,0.17433922,0.937971,0.834986,11,8,1.000000,0.727273,"(1,(((2,3),4),5))"
10,12,0.15690530,0.940296,0.834986,12,9,1.000000,0.750000,"(1,(((2,3),4),5))"
10,13,0.14121477,0.874503,0.834986,13,9,1.000000,0.692308,"(1,(((2,3),4),5))"
10,14,0.12709329,0.873380,0.834986,14,9,1.000000,0.642857,"(1,(((2,3),4),5))"
10,15,0.11438396,0.905225,0.834986,15,10,1.000000,0.666667,"(1,(((2,3),4),5))"
10,16,0.10294557,0.891671,0.834986,16,10,1.000000,0.625000,"(1,(((2,3),4),5))"
10,17,0.09265101,0.891671,0.834986,16,10,0.941176,0.588235,"(1,(((2,3),4),5))"
10,18,0.08338591,0.846537,0.834986,17,10,0.944444,0.555556,"(1,(((2,3),4),5))"
10,19,0.07504732,0.846903,0.834986,18,11,0.947368,0.578947,"(1,(((2,3),4),5))"
10,20,0.06754259,0.846622,0.834986,19,11,0.950000,0.550000,"(1,(((2,3),4),5))"
10,21,0.06078833,0.846622,0.834986,19,11,0.904762,0.523810,"(1,(((2,3),4),5))"
10,22,0.05470949,0.702385,0.702385,20,11,0.909091,0.500000,"((1,2),((3,4),5))"
10,23,0.04923855,0.702385,0.702385,20,11,0.869565,0.478261,"((1,2),((3,4),5))"
10,24,0.04431469,0.702385,0.702385,20,11,0.833333,0.458333,"((1,2),((3,4),5))"
10,25,0.03988322,0.739373,0.702385,21,12,0.840000,0.480000,"((1,2),((3,4),5))"
10,26,0.03589490,0.729997,0.702385,22,12,0.846154,0.461538,"((1,2),((3,4),5))"
10,27,0.03230541,0.732943,0.702385,23,13,0.851852,0.481481,"((1,2),((3,4),5))"
10,28,0.02907487,0.732943,0.702385,23,13,0.821429,0.464286,"((1,2),((3,4),5))"
10,29,0.02616738,0.732495,0.702385,24,13,0.827586,0.448276,"((1,2),((3,4),5))"
10,30,0.02355064,0.739369,0.702385,25,14,0.833333,0.466667,"((1,2),((3,4),5))"
10,31,0.02119558,0.737974,0.702385,26,14,0.838710,0.451613,"((1,2),((3,4),5))"
10,32,0.01907602,0.738423,0.702385,27,15,0.843750,0.468750,"((1,2),((3,4),5))"
10,33,0.01716842,0.737789,0.702385,28,15,0.848485,0.454545,"((1,2),((3,4),5))"
10,34,0.01545158,0.738127,0.702385,29,16,0.852941,0.470588,"((1,2),((3,4),5))"
10,35,0.01390642,0.727704,0.702385,30,16,0.857143,0.457143,"((1,2),((3,4),5))"
10,36,0.01251578,0.695029,0.695029,31,16,0.861111,0.444444,"((1,2),((3,4),5))"
10,37,0.01126420,0.662648,0.662648,32,16,0.864865,0.432432,"((1,2),((3,4),5))"
10,38,0.01013778,0.662648,0.662648,32,16,0.842105,0.421053,"((1,2),((3,4),5))"
10,39,0.00912400,0.662833,0.662648,33,17,0.846154,0.435897,"((1,2),((3,4),5))"
10,40,0.00821160,0.663134,0.662648,34,18,0.850000,0.450000,"((1,2),((3,4),5))"
10,41,0.00739044,0.662961,0.662648,35,18,0.853659,0.439024,"((1,2),((3,4),5))"
10,42,0.00665140,0.637526,0.637526,36,18,0.857143,0.428571,"((1,2),((3,4),5))"
10,43,0.00598626,0.637526,0.637526,36,18,0.837209,0.418605,"((1,2),((3,4),5))"
10,44,0.00538763,0.637526,0.637526,36,18,0.818182,0.409091,"((1,2),((3,4),5))"
10,45,0.00484887,0.649900,0.637526,37,19,0.822222,0.422222,"((1,2),((3,4),5))"
10,46,0.00436398,0.635796,0.635796,38,19,0.826087,0.413043,"((1,2),((3,4),5))"
10,47,0.00392758,0.635796,0.635796,38,19,0.808511,0.404255,"((1,2),((3,4),5))"
10,48,0.00353483,0.635796,0.635796,38,19,0.791667,0.395833,"((1,2),((3,4),5))"
10,49,0.00318134,0.635796,0.635796,38,19,0.775510,0.387755,"((1,2),((3,4),5))"
10,50,0.00286321,0.635796,0.635796,38,19,0.760000,0.380000,"((1,2),((3,4),5))"
10,51,0.00257689,0.635796,0.635796,38,19,0.745098,0.372549,"((1,2),((3,4),5))"
10,52,0.00231920,0.635796,0.635796,38,19,0.730769,0.365385,"((1,2),((3,4),5))"
10,53,0.00208728,0.635629,0.635629,39,19,0.735849,0.358491,"((1,2),((3,4),5))"
10,54,0.00187855,0.635629,0.635629,39,19,0.722222,0.351852,"((1,2),((3,4),5))"
10,55,0.00169070,0.635629,0.635629,39,19,0.709091,0.345455,"((1,2),((3,4),5))"
10,56,0.00152163,0.635630,0.635629,40,20,0.714286,0.357143,"((1,2),((3,4),5))"
10,57,0.00136946,0.635630,0.635629,40,20,0.701754,0.350877,"((1,2),((3,4),5))"
10,58,0.00123252,0.635438,0.635438,41,20,0.706897,0.344828,"((1,2),((3,4),5))"
10,59,0.00110927,0.635438,0.635438,41,20,0.694915,0.338983,"((1,2),((3,4),5))"
10,60,0.00099834,0.635438,0.635438,41,20,0.683333,0.333333,"((1,2),((3,4),5))"
10,61,0.00089851,0.631047,0.631047,42,20,0.688525,0.327869,"((1,2),((3,4),5))"
10,62,0.00080865,0.627189,0.627189,43,20,0.693548,0.322581,"((1,2),((3,4),5))"
10,63,0.00072779,0.627189,0.627189,43,20,0.682540,0.317460,"((1,2),((3,4),5))"
10,64,0.00065501,0.626054,0.626054,44,20,0.687500,0.312500,"((1,2),((3,4),5))"
10,65,0.00058951,0.626054,0.626054,44,20,0.676923,0.307692,"((1,2),((3,4),5))"
10,66,0.00053056,0.626054,0.626054,44,20,0.666667,0.303030,"((1,2),((3,4),5))"
10,67,0.00047750,0.626054,0.626054,44,20,0.656716,0.298507,"((1,2),((3,4),5))"
10,68,0.00042975,0.626054,0.626054,44,20,0.647059,0.294118,"((1,2),((3,4),5))"
10,69,0.00038678,0.626054,0.626054,44,20,0.637681,0.289855,"((1,2),((3,4),5))"
10,70,0.00034810,0.626054,0.626054,44,20,0.628571,0.285714,"((1,2),((3,4),5))"
10,71,0.00031329,0.626054,0.626054,44,20,0.619718,0.281690,"((1,2),((3,4),5))"
10,72,0.00028196,0.626054,0.626054,44,20,0.611111,0.277778,"((1,2),((3,4),5))"
10,73,0.00025376,0.626054,0.626054,44,20,0.602740,0.273973,"((1,2),((3,4),5))"
10,74,0.00022839,0.626054,0.626054,44,20,0.594595,0.270270,"((1,2),((3,4),5))"
10,75,0.00020555,0.626054,0.626054,44,20,0.586667,0.266667,"((1,2),((3,4),5))"
10,76,0.00018499,0.625142,0.625142,45,20,0.592105,0.263158,"((1,2),((3,4),5))"
10,77,0.00016649,0.625142,0.625142,45,20,0.584416,0.259740,"((1,2),((3,4),5))"
10,78,0.00014985,0.625142,0.625142,45,20,0.576923,0.256410,"((1,2),((3,4),5))"
10,79,0.00013486,0.625142,0.625142,45,20,0.569620,0.253165,"((1,2),((3,4),5))"
10,80,0.00012137,0.625142,0.625142,45,20,0.562500,0.250000,"((1,2),((3,4),5))"
10,81,0.00010924,0.625061,0.625061,46,20,0.567901,0.246914,"((1,2),((3,4),5))"
10,82,0.00009831,0.625061,0.625061,46,20,0.560976,0.243902,"((1,2),((3,4),5))"
10,83,0.00008848,0.625061,0.625061,46,20,0.554217,0.240964,"((1,2),((3,4),5))"
10,84,0.00007963,0.625061,0.625061,46,20,0.547619,0.238095,"((1,2),((3,4),5))"
10,85,0.00007167,0.625098,0.625061,47,21,0.552941,0.247059,"((1,2),((3,4),5))"
10,86,0.00006450,0.625098,0.625061,47,21,0.546512,0.244186,"((1,2),((3,4),5))"
10,87,0.00005805,0.623621,0.623621,48,21,0.551724,0.241379,"((1,2),((3,4),5))"
10,88,0.00005225,0.623375,0.623375,49,21,0.556818,0.238636,"((1,2),((3,4),5))"
10,89,0.00004702,0.623375,0.623375,49,21,0.550562,0.235955,"((1,2),((3,4),5))"
10,90,0.00004232,0.623375,0.623375,49,21,0.544444,0.233333,"((1,2),((3,4),5))"
10,91,0.00003809,0.623348,0.623348,50,21,0.549451,0.230769,"((1,2),((3,4),5))"
10,92,0.00003428,0.623348,0.623348,50,21,0.543478,0.228261,"((1,2),((3,4),5))"
10,93,0.00003085,0.623348,0.623348,50,21,0.537634,0.225806,"((1,2),((3,4),5))"
10,94,0.00002777,0.623348,0.623348,50,21,0.531915,0.223404,"((1,2),((3,4),5))"
10,95,0.00002499,0.623348,0.623348,50,21,0.526316,0.221053,"((1,2),((3,4),5))"
10,96,0.00002249,0.623348,0.623348,50,21,0.520833,0.218750,"((1,2),((3,4),5))"
10,97,0.00002024,0.623348,0.623348,50,21,0.515464,0.216495,"((1,2),((3,4),5))"
10,98,0.00001822,0.623348,0.623348,50,21,0.510204,0.214286,"((1,2),((3,4),5))"
10,99,0.00001640,0.623348,0.623348,50,21,0.505051,0.212121,"((1,2),((3,4),5))"
10,100,0.00001476,0.623348,0.623348,50,21,0.500000,0.210000,"((1,2),((3,4),5))"
10,101,0.00001328,0.623348,0.623348,50,21,0.495050,0.207921,"((1,2),((3,4),5))"
10,102,0.00001195,0.623348,0.623348,50,21,0.490196,0.205882,"((1,2),((3,4),5))"
10,103,0.00001076,0.623348,0.623348,50,21,0.485437,0.203883,"((1,2),((3,4),5))"
10,104,0.00000968,0.623033,0.623033,51,21,0.490385,0.201923,"((1,2),((3,4),5))"
10,105,0.00000871,0.622817,0.622817,52,21,0.495238,0.200000,"((1,2),((3,4),5))"
10,106,0.00000784,0.622817,0.622817,53,21,0.500000,0.198113,"((1,2),((3,4),5))"
10,107,0.00000706,0.622817,0.622817,53,21,0.495327,0.196262,"((1,2),((3,4),5))"
10,108,0.00000635,0.622817,0.622817,53,21,0.490741,0.194444,"((1,2),((3,4),5))"
10,109,0.00000572,0.622817,0.622817,53,21,0.486239,0.192661,"((1,2),((3,4),5))"
10,110,0.00000515,0.622817,0.622817,53,21,0.481818,0.190909,"((1,2),((3,4),5))"
10,111,0.00000463,0.622817,0.622817,53,21,0.477477,0.189189,"((1,2),((3,4),5))"
10,112,0.00000417,0.622817,0.622817,53,21,0.473214,0.187500,"((1,2),((3,4),5))"
10,113,0.00000375,0.622817,0.622817,53,21,0.469027,0.185841,"((1,2),((3,4),5))"
10,114,0.00000338,0.622817,0.622817,53,21,0.464912,0.184211,"((1,2),((3,4),5))"
10,115,0.00000304,0.622817,0.622817,53,21,0.460870,0.182609,"((1,2),((3,4),5))"
10,116,0.00000273,0.622817,0.622817,53,21,0.456897,0.181034,"((1,2),((3,4),5))"
10,117,0.00000246,0.622817,0.622817,53,21,0.452991,0.179487,"((1,2),((3,4),5))"
10,118,0.00000221,0.622753,0.622753,54,21,0.457627,0.177966,"((1,2),((3,4),5))"
10,119,0.00000199,0.622753,0.622753,54,21,0.453782,0.176471,"((1,2),((3,4),5))"
10,120,0.00000179,0.622753,0.622753,54,21,0.450000,0.175000,"((1,2),((3,4),5))"
10,121,0.00000161,0.622753,0.622753,54,21,0.446281,0.173554,"((1,2),((3,4),5))"
10,122,0.00000145,0.622735,0.622735,55,21,0.450820,0.172131,"((1,2),((3,4),5))"
10,123,0.00000131,0.622735,0.622735,56,21,0.455285,0.170732,"((1,2),((3,4),5))"
10,124,0.00000118,0.622735,0.622735,56,21,0.451613,0.169355,"((1,2),((3,4),5))"
10,125,0.00000106,0.622735,0.622735,56,21,0.448000,0.168000,"((1,2),((3,4),5))"
10,126,0.00000095,0.622735,0.622735,56,21,0.444444,0.166667,"((1,2),((3,4),5))"
10,127,0.00000086,0.622735,0.622735,56,21,0.440945,0.165354,"((1,2),((3,4),5))"
10,128,0.00000077,0.622735,0.622735,56,21,0.437500,0.164062,"((1,2),((3,4),5))"
10,129,0.00000070,0.622735,0.622735,56,21,0.434109,0.162791,"((1,2),((3,4),5))"
10,130,0.00000063,0.622735,0.622735,56,21,0.430769,0.161538,"((1,2),((3,4),5))"
10,131,0.00000056,0.622735,0.622735,56,21,0.427481,0.160305,"((1,2),((3,4),5))"
10,132,0.00000051,0.622735,0.622735,56,21,0.424242,0.159091,"((1,2),((3,4),5))"
10,133,0.00000046,0.622735,0.622735,56,21,0.421053,0.157895,"((1,2),((3,4),5))"
10,134,0.00000041,0.622735,0.622735,56,21,0.417910,0.156716,"((1,2),((3,4),5))"
10,135,0.00000037,0.622735,0.622735,56,21,0.414815,0.155556,"((1,2),((3,4),5))"
10,136,0.00000033,0.622735,0.622735,56,21,0.411765,0.154412,"((1,2),((3,4),5))"
10,137,0.00000030,0.622735,0.622735,56,21,0.408759,0.153285,"((1,2),((3,4),5))"
10,138,0.00000027,0.622735,0.622735,56,21,0.405797,0.152174,"((1,2),((3,4),5))"
10,139,0.00000024,0.622735,0.622735,56,21,0.402878,0.151079,"((1,2),((3,4),5))"
10,140,0.00000022,0.622735,0.622735,56,21,0.400000,0.150000,"((1,2),((3,4),5))"
10,141,0.00000020,0.622735,0.622735,56,21,0.397163,0.148936,"((1,2),((3,4),5))"
10,142,0.00000018,0.622735,0.622735,56,21,0.394366,0.147887,"((1,2),((3,4),5))"
10,143,0.00000016,0.622735,0.622735,56,21,0.391608,0.146853,"((1,2),((3,4),5))"
10,144,0.00000014,0.622735,0.622735,56,21,0.388889,0.145833,"((1,2),((3,4),5))"
10,145,0.00000013,0.622735,0.622735,56,21,0.386207,0.144828,"((1,2),((3,4),5))"
10,146,0.00000012,0.622735,0.622735,56,21,0.383562,0.143836,"((1,2),((3,4),5))"
10,147,0.00000010,0.622665,0.622665,57,21,0.387755,0.142857,"((1,2),((3,4),5))"
10,148,0.00000009,0.622665,0.622665,57,21,0.385135,0.141892,"((1,2),((3,4),5))"
10,149,0.00000008,0.622665,0.622665,57,21,0.382550,0.140940,"((1,2),((3,4),5))"
10,150,0.00000008,0.622665,0.622665,57,21,0.380000,0.140000,"((1,2),((3,4),5))"
11,0,0.50000000,0.736753,0.736753,0,0,0.000000,0.000000,"(1,(2,(3,(4,5))))"
11,1,0.50000000,0.742654,0.736753,1,1,1.000000,1.000000,"(1,(2,(3,(4,5))))"
11,2,0.45000000,0.774951,0.736753,2,2,1.000000,1.000000,"(1,(2,(3,(4,5))))"
11,3,0.40500000,0.811896,0.736753,3,3,1.000000,1.000000,"(1,(2,(3,(4,5))))"
11,4,0.36450000,0.775573,0.736753,4,3,1.000000,0.750000,"(1,(2,(3,(4,5))))"
11,5,0.32805000,0.775573,0.736753,4,3,0.800000,0.600000,"(1,(2,(3,(4,5))))"
11,6,0.29524500,0.783612,0.736753,5,4,0.833333,0.666667,"(1,(2,(3,(4,5))))"
11,7,0.26572050,0.783612,0.736753,5,4,0.714286,0.571429,"(1,(2,(3,(4,5))))"
11,8,0.23914845,0.792606,0.736753,6,5,0.750000,0.625000,"(1,(2,(3,(4,5))))"
11,9,0.21523361,0.799166,0.736753,7,6,0.777778,0.666667,"(1,(2,(3,(4,5))))"
11,10,0.19371024,0.818888,0.736753,8,7,0.800000,0.700000,"(1,(2,(3,(4,5))))"
11,11,0.17433922,0.818888,0.736753,8,7,0.727273,0.636364,"(1,(2,(3,(4,5))))"
11,12,0.15690530,0.818888,0.736753,8,7,0.666667,0.583333,"(1,(2,(3,(4,5))))"
11,13,0.14121477,0.823927,0.736753,9,8,0.692308,0.615385,"(1,(2,(3,(4,5))))"
11,14,0.12709329,0.823927,0.736753,9,8,0.642857,0.571429,"(1,(2,(3,(4,5))))"
11,15,0.11438396,0.823927,0.736753,9,8,0.600000,0.533333,"(1,(2,(3,(4,5))))"
11,16,0.10294557,0.773826,0.736753,10,8,0.625000,0.500000,"(1,(2,(3,(4,5))))"
11,17,0.09265101,0.772304,0.736753,11,8,0.647059,0.470588,"(1,(2,(3,(4,5))))"
11,18,0.08338591,0.729957,0.729957,12,8,0.666667,0.444444,"(1,((2,3),(4,5)))"
11,19,0.07504732,0.729957,0.729957,12,8,0.631579,0.421053,"(1,((2,3),(4,5)))"
11,20,0.06754259,0.727566,0.727566,13,8,0.650000,0.400000,"(1,((2,3),(4,5)))"
11,21,0.06078833,0.715110,0.715110,14,8,0.666667,0.380952,"(1,((2,3),(4,5)))"
11,22,0.05470949,0.715110,0.715110,14,8,0.636364,0.363636,"(1,((2,3),(4,5)))"
11,23,0.04923855,0.718970,0.715110,15,9,0.652174,0.391304,"(1,((2,3),(4,5)))"
11,24,0.04431469,0.733829,0.715110,16,10,0.666667,0.416667,"(1,((2,3),(4,5)))"
11,25,0.03988322,0.733829,0.715110,16,10,0.640000,0.400000,"(1,((2,3),(4,5)))"
11,26,0.03589490,0.720679,0.715110,17,10,0.653846,0.384615,"(1,((2,3),(4,5)))"
11,27,0.03230541,0.694612,0.694612,18,10,0.666667,0.370370,"(1,(2,(3,(4,5))))"
11,28,0.02907487,0.694612,0.694612,18,10,0.642857,0.357143,"(1,(2,(3,(4,5))))"
11,29,0.02616738,0.694612,0.694612,18,10,0.620690,0.344828,"(1,(2,(3,(4,5))))"
11,30,0.02355064,0.694612,0.694612,18,10,0.600000,0.333333,"(1,(2,(3,(4,5))))"
11,31,0.02119558,0.693026,0.693026,19,10,0.612903,0.322581,"(1,(2,(3,(4,5))))"
11,32,0.01907602,0.693026,0.693026,19,10,0.593750,0.312500,"(1,(2,(3,(4,5))))"
11,33,0.01716842,0.693026,0.693026,19,10,0.575758,0.303030,"(1,(2,(3,(4,5))))"
11,34,0.01545158,0.661187,0.661187,20,10,0.588235,0.294118,"((1,2),(3,(4,5)))"
11,35,0.01390642,0.671762,0.661187,21,11,0.600000,0.314286,"((1,2),(3,(4,5)))"
11,36,0.01251578,0.664206,0.661187,22,11,0.611111,0.305556,"((1,2),(3,(4,5)))"
11,37,0.01126420,0.667274,0.661187,23,12,0.621622,0.324324,"((1,2),(3,(4,5)))"
11,38,0.01013778,0.667274,0.661187,23,12,0.605263,0.315789,"((1,2),(3,(4,5)))"
11,39,0.00912400,0.667274,0.661187,23,12,0.589744,0.307692,"((1,2),(3,(4,5)))"
11,40,0.00821160,0.667645,0.661187,24,13,0.600000,0.325000,"((1,2),(3,(4,5)))"
11,41,0.00739044,0.670626,0.661187,25,14,0.609756,0.341463,"((1,2),(3,(4,5)))"
11,42,0.00665140,0.670626,0.661187,25,14,0.595238,0.333333,"((1,2),(3,(4,5)))"
11,43,0.00598626,0.670626,0.661187,25,14,0.581395,0.325581,"((1,2),(3,(4,5)))"
11,44,0.00538763,0.676530,0.661187,26,15,0.590909,0.340909,"((1,2),(3,(4,5)))"
11,45,0.00484887,0.676530,0.661187,26,15,0.577778,0.333333,"((1,2),(3,(4,5)))"
11,46,0.00436398,0.646573,0.646573,27,15,0.586957,0.326087,"((1,2),((3,4),5))"
11,47,0.00392758,0.645562,0.645562,28,15,0.595745,0.319149,"((1,2),((3,4),5))"
11,48,0.00353483,0.644291,0.644291,29,15,0.604167,0.312500,"((1,2),((3,4),5))"
11,49,0.00318134,0.644291,0.644291,29,15,0.591837,0.306122,"((1,2),((3,4),5))"
11,50,0.00286321,0.642145,0.642145,30,15,0.600000,0.300000,"((1,2),((3,4),5))"
11,51,0.00257689,0.642145,0.642145,30,15,0.588235,0.294118,"((1,2),((3,4),5))"
11,52,0.00231920,0.642145,0.642145,30,15,0.576923,0.288462,"((1,2),((3,4),5))"
11,53,0.00208728,0.641436,0.641436,31,15,0.584906,0.283019,"((1,2),((3,4),5))"
11,54,0.00187855,0.641436,0.641436,31,15,0.574074,0.277778,"((1,2),((3,4),5))"
11,55,0.00169070,0.641436,0.641436,31,15,0.563636,0.272727,"((1,2),((3,4),5))"
11,56,0.00152163,0.641436,0.641436,31,15,0.553571,0.267857,"((1,2),((3,4),5))"
11,57,0.00136946,0.641436,0.641436,31,15,0.543860,0.263158,"((1,2),((3,4),5))"
11,58,0.00123252,0.641436,0.641436,31,15,0.534483,0.258621,"((1,2),((3,4),5))"
11,59,0.00110927,0.641436,0.641436,31,15,0.525424,0.254237,"((1,2),((3,4),5))"
11,60,0.00099834,0.641436,0.641436,31,15,0.516667,0.250000,"((1,2),((3,4),5))"
11,61,0.00089851,0.638077,0.638077,32,15,0.524590,0.245902,"((1,2),((3,4),5))"
11,62,0.00080865,0.638077,0.638077,32,15,0.516129,0.241935,"((1,2),((3,4),5))"
11,63,0.00072779,0.638077,0.638077,32,15,0.507937,0.238095,"((1,2),((3,4),5))"
11,64,0.00065501,0.638543,0.638077,33,16,0.515625,0.250000,"((1,2),((3,4),5))"
11,65,0.00058951,0.638543,0.638077,33,16,0.507692,0.246154,"((1,2),((3,4),5))"
11,66,0.00053056,0.638543,0.638077,33,16,0.500000,0.242424,"((1,2),((3,4),5))"
11,67,0.00047750,0.638543,0.638077,33,16,0.492537,0.238806,"((1,2),((3,4),5))"
11,68,0.00042975,0.638543,0.638077,33,16,0.485294,0.235294,"((1,2),((3,4),5))"
11,69,0.00038678,0.638543,0.638077,33,16,0.478261,0.231884,"((1,2),((3,4),5))"
11,70,0.00034810,0.637644,0.637644,34,16,0.485714,0.228571,"((1,2),((3,4),5))"
11,71,0.00031329,0.637644,0.637644,34,16,0.478873,0.225352,"((1,2),((3,4),5))"
11,72,0.00028196,0.637644,0.637644,34,16,0.472222,0.222222,"((1,2),((3,4),5))"
11,73,0.00025376,0.637644,0.637644,34,16,0.465753,0.219178,"((1,2),((3,4),5))"
11,74,0.00022839,0.630235,0.630235,35,16,0.472973,0.216216,"((1,2),((3,4),5))"
11,75,0.00020555,0.630235,0.630235,35,16,0.466667,0.213333,"((1,2),((3,4),5))"
11,76,0.00018499,0.630235,0.630235,35,16,0.460526,0.210526,"((1,2),((3,4),5))"
11,77,0.00016649,0.629488,0.629488,36,16,0.467532,0.207792,"((1,2),((3,4),5))"
11,78,0.00014985,0.629488,0.629488,36,16,0.461538,0.205128,"((1,2),((3,4),5))"
11,79,0.00013486,0.629488,0.629488,36,16,0.455696,0.202532,"((1,2),((3,4),5))"
11,80,0.00012137,0.629488,0.629488,36,16,0.450000,0.200000,"((1,2),((3,4),5))"
11,81,0.00010924,0.629488,0.629488,36,16,0.444444,0.197531,"((1,2),((3,4),5))"
11,82,0.00009831,0.629488,0.629488,36,16,0.439024,0.195122,"((1,2),((3,4),5))"
11,83,0.00008848,0.629488,0.629488,36,16,0.433735,0.192771,"((1,2),((3,4),5))"
11,84,0.00007963,0.629488,0.629488,36,16,0.428571,0.190476,"((1,2),((3,4),5))"
11,85,0.00007167,0.627622,0.627622,37,16,0.435294,0.188235,"((1,2),((3,4),5))"
11,86,0.00006450,0.625710,0.625710,38,16,0.441860,0.186047,"((1,2),((3,4),5))"
11,87,0.00005805,0.624441,0.624441,39,16,0.448276,0.183908,"((1,2),((3,4),5))"
11,88,0.00005225,0.624441,0.624441,39,16,0.443182,0.181818,"((1,2),((3,4),5))"
11,89,0.00004702,0.624441,0.624441,40,16,0.449438,0.179775,"((1,2),((3,4),5))"
11,90,0.00004232,0.624441,0.624441,40,16,0.444444,0.177778,"((1,2),((3,4),5))"
11,91,0.00003809,0.624441,0.624441,40,16,0.439560,0.175824,"((1,2),((3,4),5))"
11,92,0.00003428,0.624441,0.624441,40,16,0.434783,0.173913,"((1,2),((3,4),5))"
11,93,0.00003085,0.624441,0.624441,40,16,0.430108,0.172043,"((1,2),((3,4),5))"
11,94,0.00002777,0.624441,0.624441,40,16,0.425532,0.170213,"((1,2),((3,4),5))"
11,95,0.00002499,0.624441,0.624441,40,16,0.421053,0.168421,"((1,2),((3,4),5))"
11,96,0.00002249,0.624441,0.624441,40,16,0.416667,0.166667,"((1,2),((3,4),5))"
11,97,0.00002024,0.624441,0.624441,40,16,0.412371,0.164948,"((1,2),((3,4),5))"
11,98,0.00001822,0.624441,0.624441,40,16,0.408163,0.163265,"((1,2),((3,4),5))"
11,99,0.00001640,0.624441,0.624441,40,16,0.404040,0.161616,"((1,2),((3,4),5))"
11,100,0.00001476,0.624441,0.624441,40,16,0.400000,0.160000,"((1,2),((3,4),5))"
11,101,0.00001328,0.624441,0.624441,40,16,0.396040,0.158416,"((1,2),((3,4),5))"
11,102,0.00001195,0.624441,0.624441,40,16,0.392157,0.156863,"((1,2),((3,4),5))"
11,103,0.00001076,0.624441,0.624441,40,16,0.388350,0.155340,"((1,2),((3,4),5))"
11,104,0.00000968,0.624441,0.624441,40,16,0.384615,0.153846,"((1,2),((3,4),5))"
11,105,0.00000871,0.624441,0.624441,40,16,0.380952,0.152381,"((1,2),((3,4),5))"
11,106,0.00000784,0.624441,0.624441,40,16,0.377358,0.150943,"((1,2),((3,4),5))"
11,107,0.00000706,0.624441,0.624441,40,16,0.373832,0.149533,"((1,2),((3,4),5))"
11,108,0.00000635,0.624441,0.624441,40,16,0.370370,0.148148,"((1,2),((3,4),5))"
11,109,0.00000572,0.624441,0.624441,40,16,0.366972,0.146789,"((1,2),((3,4),5))"
11,110,0.00000515,0.624441,0.624441,40,16,0.363636,0.145455,"((1,2),((3,4),5))"
11,111,0.00000463,0.624441,0.624441,40,16,0.360360,0.144144,"((1,2),((3,4),5))"
11,112,0.00000417,0.624441,0.624441,40,16,0.357143,0.142857,"((1,2),((3,4),5))"
11,113,0.00000375,0.624441,0.624441,40,16,0.353982,0.141593,"((1,2),((3,4),5))"
11,114,0.00000338,0.624441,0.624441,40,16,0.350877,0.140351,"((1,2),((3,4),5))"
11,115,0.00000304,0.624441,0.624441,40,16,0.347826,0.139130,"((1,2),((3,4),5))"
11,116,0.00000273,0.624441,0.624441,40,16,0.344828,0.137931,"((1,2),((3,4),5))"
11,117,0.00000246,0.624441,0.624441,40,16,0.341880,0.136752,"((1,2),((3,4),5))"
11,118,0.00000221,0.624441,0.624441,40,16,0.338983,0.135593,"((1,2),((3,4),5))"
11,119,0.00000199,0.624077,0.624077,41,16,0.344538,0.134454,"((1,2),((3,4),5))"
11,120,0.00000179,0.624077,0.624077,41,16,0.341667,0.133333,"((1,2),((3,4),5))"
11,121,0.00000161,0.624077,0.624077,41,16,0.338843,0.132231,"((1,2),((3,4),5))"
11,122,0.00000145,0.624077,0.624077,41,16,0.336066,0.131148,"((1,2),((3,4),5))"
11,123,0.00000131,0.624077,0.624077,41,16,0.333333,0.130081,"((1,2),((3,4),5))"
11,124,0.00000118,0.623969,0.623969,42,16,0.338710,0.129032,"((1,2),((3,4),5))"
11,125,0.00000106,0.623969,0.623969,42,16,0.336000,0.128000,"((1,2),((3,4),5))"
11,126,0.00000095,0.623969,0.623969,42,16,0.333333,0.126984,"((1,2),((3,4),5))"
11,127,0.00000086,0.623969,0.623969,42,16,0.330709,0.125984,"((1,2),((3,4),5))"
11,128,0.00000077,0.623969,0.623969,42,16,0.328125,0.125000,"((1,2),((3,4),5))"
11,129,0.00000070,0.623969,0.623969,42,16,0.325581,0.124031,"((1,2),((3,4),5))"
11,130,0.00000063,0.623969,0.623969,42,16,0.323077,0.123077,"((1,2),((3,4),5))"
11,131,0.00000056,0.623744,0.623744,43,16,0.328244,0.122137,"((1,2),((3,4),5))"
11,132,0.00000051,0.623744,0.623744,43,16,0.325758,0.121212,"((1,2),((3,4),5))"
11,133,0.00000046,0.623744,0.623744,43,16,0.323308,0.120301,"((1,2),((3,4),5))"
11,134,0.00000041,0.623735,0.623735,44,16,0.328358,0.119403,"((1,2),((3,4),5))"
11,135,0.00000037,0.623735,0.623735,44,16,0.325926,0.118519,"((1,2),((3,4),5))"
11,136,0.00000033,0.623735,0.623735,44,16,0.323529,0.117647,"((1,2),((3,4),5))"
11,137,0.00000030,0.623735,0.623735,44,16,0.321168,0.116788,"((1,2),((3,4),5))"
11,138,0.00000027,0.623735,0.623735,44,16,0.318841,0.115942,"((1,2),((3,4),5))"
11,139,0.00000024,0.623735,0.623735,44,16,0.316547,0.115108,"((1,2),((3,4),5))"
11,140,0.00000022,0.623735,0.623735,44,16,0.314286,0.114286,"((1,2),((3,4),5))"
11,141,0.00000020,0.623735,0.623735,44,16,0.312057,0.113475,"((1,2),((3,4),5))"
11,142,0.00000018,0.623735,0.623735,44,16,0.309859,0.112676,"((1,2),((3,4),5))"
11,143,0.00000016,0.623540,0.623540,45,16,0.314685,0.111888,"((1,2),((3,4),5))"
11,144,0.00000014,0.623540,0.623540,45,16,0.312500,0.111111,"((1,2),((3,4),5))"
11,145,0.00000013,0.623540,0.623540,45,16,0.310345,0.110345,"((1,2),((3,4),5))"
11,146,0.00000012,0.623540,0.623540,45,16,0.308219,0.109589,"((1,2),((3,4),5))"
11,147,0.00000010,0.623540,0.623540,45,16,0.306122,0.108844,"((1,2),((3,4),5))"
11,148,0.00000009,0.623540,0.623540,45,16,0.304054,0.108108,"((1,2),((3,4),5))"
11,149,0.00000008,0.623540,0.623540,45,16,0.302013,0.107383,"((1,2),((3,4),5))"
11,150,0.00000008,0.623540,0.623540,45,16,0.300000,0.106667,"((1,2),((3,4),5))"
12,0,0.50000000,0.680770,0.680770,0,0,0.000000,0.000000,"((1,2),((3,4),5))"
12,1,0.50000000,0.678047,0.678047,1,0,1.000000,0.000000,"((1,2),((3,4),5))"
12,2,0.45000000,0.677389,0.677389,2,0,1.000000,0.000000,"((1,2),((3,4),5))"
12,3,0.40500000,0.677389,0.677389,2,0,0.666667,0.000000,"((1,2),((3,4),5))"
12,4,0.36450000,0.697351,0.677389,3,1,0.750000,0.250000,"((1,2),((3,4),5))"
12,5,0.32805000,0.727054,0.677389,4,2,0.800000,0.400000,"((1,2),((3,4),5))"
12,6,0.29524500,0.731515,0.677389,5,3,0.833333,0.500000,"((1,2),((3,4),5))"
12,7,0.26572050,0.731515,0.677389,5,3,0.714286,0.428571,"((1,2),((3,4),5))"
12,8,0.23914845,0.760608,0.677389,6,4,0.750000,0.500000,"((1,2),((3,4),5))"
12,9,0.21523361,0.759444,0.677389,7,4,0.777778,0.444444,"((1,2),((3,4),5))"
12,10,0.19371024,0.759444,0.677389,7,4,0.700000,0.400000,"((1,2),((3,4),5))"
12,11,0.17433922,0.778327,0.677389,8,5,0.727273,0.454545,"((1,2),((3,4),5))"
12,12,0.15690530,0.778327,0.677389,8,5,0.666667,0.416667,"((1,2),((3,4),5))"
12,13,0.14121477,0.830990,0.677389,9,6,0.692308,0.461538,"((1,2),((3,4),5))"
12,14,0.12709329,0.762928,0.677389,10,6,0.714286,0.428571,"((1,2),((3,4),5))"
12,15,0.11438396,0.746310,0.677389,11,6,0.733333,0.400000,"((1,2),((3,4),5))"
12,16,0.10294557,0.746310,0.677389,11,6,0.687500,0.375000,"((1,2),((3,4),5))"
12,17,0.09265101,0.734747,0.677389,12,6,0.705882,0.352941,"((1,2),((3,4),5))"
12,18,0.08338591,0.661547,0.661547,13,6,0.722222,0.333333,"((1,2),(3,(4,5)))"
12,19,0.07504732,0.661547,0.661547,13,6,0.684211,0.315789,"((1,2),(3,(4,5)))"
12,20,0.06754259,0.664602,0.661547,14,7,0.700000,0.350000,"((1,2),(3,(4,5)))"
12,21,0.06078833,0.664602,0.661547,14,7,0.666667,0.333333,"((1,2),(3,(4,5)))"
12,22,0.05470949,0.664769,0.661547,15,8,0.681818,0.363636,"((1,2),(3,(4,5)))"
12,23,0.04923855,0.665151,0.661547,16,9,0.695652,0.391304,"((1,2),(3,(4,5)))"
12,24,0.04431469,0.665151,0.661547,16,9,0.666667,0.375000,"((1,2),(3,(4,5)))"
12,25,0.03988322,0.674981,0.661547,17,10,0.680000,0.400000,"((1,2),(3,(4,5)))"
12,26,0.03589490,0.674981,0.661547,17,10,0.653846,0.384615,"((1,2),(3,(4,5)))"
12,27,0.03230541,0.674981,0.661547,17,10,0.629630,0.370370,"((1,2),(3,(4,5)))"
12,28,0.02907487,0.674981,0.661547,18,10,0.642857,0.357143,"((1,2),(3,(4,5)))"
12,29,0.02616738,0.673774,0.661547,19,10,0.655172,0.344828,"((1,2),(3,(4,5)))"
12,30,0.02355064,0.673779,0.661547,20,11,0.666667,0.366667,"((1,2),(3,(4,5)))"
12,31,0.02119558,0.671425,0.661547,21,11,0.677419,0.354839,"((1,2),(3,(4,5)))"
12,32,0.01907602,0.674490,0.661547,22,12,0.687500,0.375000,"((1,2),(3,(4,5)))"
12,33,0.01716842,0.671947,0.661547,23,12,0.696970,0.363636,"((1,2),(3,(4,5)))"
12,34,0.01545158,0.666948,0.661547,24,12,0.705882,0.352941,"((1,2),(3,(4,5)))"
12,35,0.01390642,0.641734,0.641734,25,12,0.714286,0.342857,"((1,2),(3,(4,5)))"
12,36,0.01251578,0.641734,0.641734,26,12,0.722222,0.333333,"((1,2),(3,(4,5)))"
12,37,0.01126420,0.641387,0.641387,27,12,0.729730,0.324324,"((1,2),(3,(4,5)))"
12,38,0.01013778,0.641387,0.641387,27,12,0.710526,0.315789,"((1,2),(3,(4,5)))"
12,39,0.00912400,0.632294,0.632294,28,12,0.717949,0.307692,"((1,2),(3,(4,5)))"
12,40,0.00821160,0.632294,0.632294,28,12,0.700000,0.300000,"((1,2),(3,(4,5)))"
12,41,0.00739044,0.632294,0.632294,28,12,0.682927,0.292683,"((1,2),(3,(4,5)))"
12,42,0.00665140,0.634267,0.632294,29,13,0.690476,0.309524,"((1,2),(3,(4,5)))"
12,43,0.00598626,0.634267,0.632294,29,13,0.674419,0.302326,"((1,2),(3,(4,5)))"
12,44,0.00538763,0.633400,0.632294,30,13,0.681818,0.295455,"((1,2),(3,(4,5)))"
12,45,0.00484887,0.633400,0.632294,30,13,0.666667,0.288889,"((1,2),(3,(4,5)))"
12,46,0.00436398,0.633400,0.632294,30,13,0.652174,0.282609,"((1,2),(3,(4,5)))"
12,47,0.00392758,0.636022,0.632294,31,14,0.659574,0.297872,"((1,2),(3,(4,5)))"
12,48,0.00353483,0.634916,0.632294,32,14,0.666667,0.291667,"((1,2),(3,(4,5)))"
12,49,0.00318134,0.635246,0.632294,33,15,0.673469,0.306122,"((1,2),(3,(4,5)))"
12,50,0.00286321,0.635246,0.632294,33,15,0.660000,0.300000,"((1,2),(3,(4,5)))"
12,51,0.00257689,0.635246,0.632294,33,15,0.647059,0.294118,"((1,2),(3,(4,5)))"
12,52,0.00231920,0.635246,0.632294,33,15,0.634615,0.288462,"((1,2),(3,(4,5)))"
12,53,0.00208728,0.630599,0.630599,34,15,0.641509,0.283019,"((1,2),(3,(4,5)))"
12,54,0.00187855,0.630599,0.630599,34,15,0.629630,0.277778,"((1,2),(3,(4,5)))"
12,55,0.00169070,0.625865,0.625865,35,15,0.636364,0.272727,"((1,2),(3,(4,5)))"
12,56,0.00152163,0.625865,0.625865,35,15,0.625000,0.267857,"((1,2),(3,(4,5)))"
12,57,0.00136946,0.625865,0.625865,35,15,0.614035,0.263158,"((1,2),(3,(4,5)))"
12,58,0.00123252,0.625865,0.625865,35,15,0.603448,0.258621,"((1,2),(3,(4,5)))"
12,59,0.00110927,0.625865,0.625865,35,15,0.593220,0.254237,"((1,2),(3,(4,5)))"
12,60,0.00099834,0.625865,0.625865,35,15,0.583333,0.250000,"((1,2),(3,(4,5)))"
12,61,0.00089851,0.625865,0.625865,35,15,0.573770,0.245902,"((1,2),(3,(4,5)))"
12,62,0.00080865,0.625142,0.625142,36,15,0.580645,0.241935,"((1,2),(3,(4,5)))"
12,63,0.00072779,0.625142,0.625142,36,15,0.571429,0.238095,"((1,2),(3,(4,5)))"
12,64,0.00065501,0.623788,0.623788,37,15,0.578125,0.234375,"((1,2),(3,(4,5)))"
12,65,0.00058951,0.623788,0.623788,37,15,0.569231,0.230769,"((1,2),(3,(4,5)))"
12,66,0.00053056,0.623788,0.623788,37,15,0.560606,0.227273,"((1,2),(3,(4,5)))"
12,67,0.00047750,0.623788,0.623788,37,15,0.552239,0.223881,"((1,2),(3,(4,5)))"
12,68,0.00042975,0.623788,0.623788,37,15,0.544118,0.220588,"((1,2),(3,(4,5)))"
12,69,0.00038678,0.623788,0.623788,37,15,0.536232,0.217391,"((1,2),(3,(4,5)))"
12,70,0.00034810,0.623788,0.623788,37,15,0.528571,0.214286,"((1,2),(3,(4,5)))"
12,71,0.00031329,0.623788,0.623788,37,15,0.521127,0.211268,"((1,2),(3,(4,5)))"
12,72,0.00028196,0.623788,0.623788,37,15,0.513889,0.208333,"((1,2),(3,(4,5)))"
12,73,0.00025376,0.623788,0.623788,37,15,0.506849,0.205479,"((1,2),(3,(4,5)))"
12,74,0.00022839,0.623719,0.623719,38,15,0.513514,0.202703,"((1,2),(3,(4,5)))"
12,75,0.00020555,0.623719,0.623719,38,15,0.506667,0.200000,"((1,2),(3,(4,5)))"
12,76,0.00018499,0.623737,0.623719,39,16,0.513158,0.210526,"((1,2),(3,(4,5)))"
12,77,0.00016649,0.623737,0.623719,39,16,0.506494,0.207792,"((1,2),(3,(4,5)))"
12,78,0.00014985,0.623737,0.623719,39,16,0.500000,0.205128,"((1,2),(3,(4,5)))"
12,79,0.00013486,0.623737,0.623719,39,16,0.493671,0.202532,"((1,2),(3,(4,5)))"
12,80,0.00012137,0.623737,0.623719,39,16,0.487500,0.200000,"((1,2),(3,(4,5)))"
12,81,0.00010924,0.623737,0.623719,39,16,0.481481,0.197531,"((1,2),(3,(4,5)))"
12,82,0.00009831,0.623737,0.623719,39,16,0.475610,0.195122,"((1,2),(3,(4,5)))"
12,83,0.00008848,0.623737,0.623719,39,16,0.469880,0.192771,"((1,2),(3,(4,5)))"
12,84,0.00007963,0.623737,0.623719,39,16,0.464286,0.190476,"((1,2),(3,(4,5)))"
12,85,0.00007167,0.623737,0.623719,39,16,0.458824,0.188235,"((1,2),(3,(4,5)))"
12,86,0.00006450,0.623737,0.623719,39,16,0.453488,0.186047,"((1,2),(3,(4,5)))"
12,87,0.00005805,0.623737,0.623719,39,16,0.448276,0.183908,"((1,2),(3,(4,5)))"
12,88,0.00005225,0.623737,0.623719,40,16,0.454545,0.181818,"((1,2),(3,(4,5)))"
12,89,0.00004702,0.623737,0.623719,40,16,0.449438,0.179775,"((1,2),(3,(4,5)))"
12,90,0.00004232,0.623737,0.623719,40,16,0.444444,0.177778,"((1,2),(3,(4,5)))"
12,91,0.00003809,0.623737,0.623719,40,16,0.439560,0.175824,"((1,2),(3,(4,5)))"
12,92,0.00003428,0.623737,0.623719,40,16,0.434783,0.173913,"((1,2),(3,(4,5)))"
12,93,0.00003085,0.623737,0.623719,40,16,0.430108,0.172043,"((1,2),(3,(4,5)))"
12,94,0.00002777,0.623737,0.623719,40,16,0.425532,0.170213,"((1,2),(3,(4,5)))"
12,95,0.00002499,0.623737,0.623719,40,16,0.421053,0.168421,"((1,2),(3,(4,5)))"
12,96,0.00002249,0.623737,0.623719,40,16,0.416667,0.166667,"((1,2),(3,(4,5)))"
12,97,0.00002024,0.623737,0.623719,40,16,0.412371,0.164948,"((1,2),(3,(4,5)))"
12,98,0.00001822,0.623737,0.623719,40,16,0.408163,0.163265,"((1,2),(3,(4,5)))"
12,99,0.00001640,0.623737,0.623719,40,16,0.404040,0.161616,"((1,2),(3,(4,5)))"
12,100,0.00001476,0.623305,0.623305,41,16,0.410000,0.160000,"((1,2),(3,(4,5)))"
12,101,0.00001328,0.623305,0.623305,41,16,0.405941,0.158416,"((1,2),(3,(4,5)))"
12,102,0.00001195,0.623305,0.623305,41,16,0.401961,0.156863,"((1,2),(3,(4,5)))"
12,103,0.00001076,0.623305,0.623305,41,16,0.398058,0.155340,"((1,2),(3,(4,5)))"
12,104,0.00000968,0.623305,0.623305,41,16,0.394231,0.153846,"((1,2),(3,(4,5)))"
12,105,0.00000871,0.623305,0.623305,41,16,0.390476,0.152381,"((1,2),(3,(4,5)))"
12,106,0.00000784,0.623305,0.623305,41,16,0.386792,0.150943,"((1,2),(3,(4,5)))"
12,107,0.00000706,0.623305,0.623305,41,16,0.383178,0.149533,"((1,2),(3,(4,5)))"
12,108,0.00000635,0.623305,0.623305,41,16,0.379630,0.148148,"((1,2),(3,(4,5)))"
12,109,0.00000572,0.623305,0.623305,41,16,0.376147,0.146789,"((1,2),(3,(4,5)))"
12,110,0.00000515,0.621154,0.621154,42,16,0.381818,0.145455,"((1,2),(3,(4,5)))"
12,111,0.00000463,0.621154,0.621154,42,16,0.378378,0.144144,"((1,2),(3,(4,5)))"
12,112,0.00000417,0.621154,0.621154,42,16,0.375000,0.142857,"((1,2),(3,(4,5)))"
12,113,0.00000375,0.621154,0.621154,42,16,0.371681,0.141593,"((1,2),(3,(4,5)))"
12,114,0.00000338,0.621154,0.621154,42,16,0.368421,0.140351,"((1,2),(3,(4,5)))"
12,115,0.00000304,0.621154,0.621154,42,16,0.365217,0.139130,"((1,2),(3,(4,5)))"
12,116,0.00000273,0.621154,0.621154,42,16,0.362069,0.137931,"((1,2),(3,(4,5)))"
12,117,0.00000246,0.621154,0.621154,42,16,0.358974,0.136752,"((1,2),(3,(4,5)))"
12,118,0.00000221,0.621154,0.621154,42,16,0.355932,0.135593,"((1,2),(3,(4,5)))"
12,119,0.00000199,0.621154,0.621154,42,16,0.352941,0.134454,"((1,2),(3,(4,5)))"
12,120,0.00000179,0.621154,0.621154,42,16,0.350000,0.133333,"((1,2),(3,(4,5)))"
12,121,0.00000161,0.621154,0.621154,42,16,0.347107,0.132231,"((1,2),(3,(4,5)))"
12,122,0.00000145,0.621154,0.621154,42,16,0.344262,0.131148,"((1,2),(3,(4,5)))"
12,123,0.00000131,0.621154,0.621154,42,16,0.341463,0.130081,"((1,2),(3,(4,5)))"
12,124,0.00000118,0.621154,0.621154,42,16,0.338710,0.129032,"((1,2),(3,(4,5)))"
12,125,0.00000106,0.621154,0.621154,42,16,0.336000,0.128000,"((1,2),(3,(4,5)))"
12,126,0.00000095,0.621154,0.621154,42,16,0.333333,0.126984,"((1,2),(3,(4,5)))"
12,127,0.00000086,0.621154,0.621154,42,16,0.330709,0.125984,"((1,2),(3,(4,5)))"
12,128,0.00000077,0.620976,0.620976,43,16,0.335938,0.125000,"((1,2),(3,(4,5)))"
12,129,0.00000070,0.620976,0.620976,43,16,0.333333,0.124031,"((1,2),(3,(4,5)))"
12,130,0.00000063,0.620976,0.620976,43,16,0.330769,0.123077,"((1,2),(3,(4,5)))"
12,131,0.00000056,0.620976,0.620976,43,16,0.328244,0.122137,"((1,2),(3,(4,5)))"
12,132,0.00000051,0.620976,0.620976,43,16,0.325758,0.121212,"((1,2),(3,(4,5)))"
12,133,0.00000046,0.620976,0.620976,43,16,0.323308,0.120301,"((1,2),(3,(4,5)))"
12,134,0.00000041,0.620976,0.620976,43,16,0.320896,0.119403,"((1,2),(3,(4,5)))"
12,135,0.00000037,0.620976,0.620976,43,16,0.318519,0.118519,"((1,2),(3,(4,5)))"
12,136,0.00000033,0.620976,0.620976,43,16,0.316176,0.117647,"((1,2),(3,(4,5)))"
12,137,0.00000030,0.620976,0.620976,43,16,0.313869,0.116788,"((1,2),(3,(4,5)))"
12,138,0.00000027,0.620976,0.620976,43,16,0.311594,0.115942,"((1,2),(3,(4,5)))"
12,139,0.00000024,0.620976,0.620976,43,16,0.309353,0.115108,"((1,2),(3,(4,5)))"
12,140,0.00000022,0.620976,0.620976,43,16,0.307143,0.114286,"((1,2),(3,(4,5)))"
12,141,0.00000020,0.620976,0.620976,43,16,0.304965,0.113475,"((1,2),(3,(4,5)))"
12,142,0.00000018,0.620976,0.620976,43,16,0.302817,0.112676,"((1,2),(3,(4,5)))"
12,143,0.00000016,0.620976,0.620976,43,16,0.300699,0.111888,"((1,2),(3,(4,5)))"
12,144,0.00000014,0.620904,0.620904,44,16,0.305556,0.111111,"((1,2),(3,(4,5)))"
12,145,0.00000013,0.620904,0.620904,44,16,0.303448,0.110345,"((1,2),(3,(4,5)))"
12,146,0.00000012,0.620904,0.620904,44,16,0.301370,0.109589,"((1,2),(3,(4,5)))"
12,147,0.00000010,0.620904,0.620904,44,16,0.299320,0.108844,"((1,2),(3,(4,5)))"
12,148,0.00000009,0.620904,0.620904,44,16,0.297297,0.108108,"((1,2),(3,(4,5)))"
12,149,0.00000008,0.620904,0.620904,44,16,0.295302,0.107383,"((1,2),(3,(4,5)))"
12,150,0.00000008,0.620904,0.620904,44,16,0.293333,0.106667,"((1,2),(3,(4,5)))"
13,0,0.50000000,0.817164,0.817164,0,0,0.000000,0.000000,"(1,((2,3),(4,5)))"
13,1,0.50000000,0.817534,0.817164,1,1,1.000000,1.000000,"(1,((2,3),(4,5)))"
13,2,0.45000000,0.782242,0.782242,2,1,1.000000,0.500000,"(1,((2,3),(4,5)))"
13,3,0.40500000,0.817518,0.782242,3,2,1.000000,0.666667,"(1,((2,3),(4,5)))"
13,4,0.36450000,0.838195,0.782242,4,3,1.000000,0.750000,"(1,((2,3),(4,5)))"
13,5,0.32805000,0.920169,0.782242,5,4,1.000000,0.800000,"(1,((2,3),(4,5)))"
13,6,0.29524500,0.827366,0.782242,6,4,1.000000,0.666667,"(1,((2,3),(4,5)))"
13,7,0.26572050,0.803044,0.782242,7,4,1.000000,0.571429,"(1,((2,3),(4,5)))"
13,8,0.23914845,0.800016,0.782242,8,4,1.000000,0.500000,"(1,((2,3),(4,5)))"
13,9,0.21523361,0.799706,0.782242,9,4,1.000000,0.444444,"(1,((2,3),(4,5)))"
13,10,0.19371024,0.799706,0.782242,9,4,0.900000,0.400000,"(1,((2,3),(4,5)))"
13,11,0.17433922,0.802357,0.782242,10,5,0.909091,0.454545,"(1,((2,3),(4,5)))"
13,12,0.15690530,0.726752,0.726752,11,5,0.916667,0.416667,"(1,((2,3),(4,5)))"
13,13,0.14121477,0.726752,0.726752,11,5,0.846154,0.384615,"(1,((2,3),(4,5)))"
13,14,0.12709329,0.726752,0.726752,11,5,0.785714,0.357143,"(1,((2,3),(4,5)))"
13,15,0.11438396,0.707653,0.707653,12,5,0.800000,0.333333,"((1,(2,3)),(4,5))"
13,16,0.10294557,0.707653,0.707653,12,5,0.750000,0.312500,"((1,(2,3)),(4,5))"
13,17,0.09265101,0.706134,0.706134,13,5,0.764706,0.294118,"((1,(2,3)),(4,5))"
13,18,0.08338591,0.701542,0.701542,14,5,0.777778,0.277778,"((1,(2,3)),(4,5))"
13,19,0.07504732,0.711361,0.701542,15,6,0.789474,0.315789,"((1,(2,3)),(4,5))"
13,20,0.06754259,0.700281,0.700281,16,6,0.800000,0.300000,"(1,((2,3),(4,5)))"
13,21,0.06078833,0.710068,0.700281,17,7,0.809524,0.333333,"(1,((2,3),(4,5)))"
13,22,0.05470949,0.814243,0.700281,18,8,0.818182,0.363636,"(1,((2,3),(4,5)))"
13,23,0.04923855,0.814243,0.700281,18,8,0.782609,0.347826,"(1,((2,3),(4,5)))"
13,24,0.04431469,0.797323,0.700281,19,8,0.791667,0.333333,"(1,((2,3),(4,5)))"
13,25,0.03988322,0.797323,0.700281,19,8,0.760000,0.320000,"(1,((2,3),(4,5)))"
13,26,0.03589490,0.791121,0.700281,20,8,0.769231,0.307692,"(1,((2,3),(4,5)))"
13,27,0.03230541,0.767670,0.700281,21,8,0.777778,0.296296,"(1,((2,3),(4,5)))"
13,28,0.02907487,0.767670,0.700281,21,8,0.750000,0.285714,"(1,((2,3),(4,5)))"
13,29,0.02616738,0.767670,0.700281,21,8,0.724138,0.275862,"(1,((2,3),(4,5)))"
13,30,0.02355064,0.767670,0.700281,21,8,0.700000,0.266667,"(1,((2,3),(4,5)))"
13,31,0.02119558,0.769536,0.700281,22,9,0.709677,0.290323,"(1,((2,3),(4,5)))"
13,32,0.01907602,0.769536,0.700281,22,9,0.687500,0.281250,"(1,((2,3),(4,5)))"
13,33,0.01716842,0.769536,0.700281,22,9,0.666667,0.272727,"(1,((2,3),(4,5)))"
13,34,0.01545158,0.760321,0.700281,23,9,0.676471,0.264706,"(1,((2,3),(4,5)))"
13,35,0.01390642,0.769175,0.700281,24,10,0.685714,0.285714,"(1,((2,3),(4,5)))"
13,36,0.01251578,0.769175,0.700281,24,10,0.666667,0.277778,"(1,((2,3),(4,5)))"
13,37,0.01126420,0.770864,0.700281,25,11,0.675676,0.297297,"(1,((2,3),(4,5)))"
13,38,0.01013778,0.746152,0.700281,26,11,0.684211,0.289474,"(1,((2,3),(4,5)))"
13,39,0.00912400,0.753445,0.700281,27,12,0.692308,0.307692,"(1,((2,3),(4,5)))"
13,40,0.00821160,0.747183,0.700281,28,12,0.700000,0.300000,"(1,((2,3),(4,5)))"
13,41,0.00739044,0.747183,0.700281,28,12,0.682927,0.292683,"(1,((2,3),(4,5)))"
13,42,0.00665140,0.747183,0.700281,28,12,0.666667,0.285714,"(1,((2,3),(4,5)))"
13,43,0.00598626,0.745811,0.700281,29,12,0.674419,0.279070,"(1,((2,3),(4,5)))"
13,44,0.00538763,0.745811,0.700281,29,12,0.659091,0.272727,"(1,((2,3),(4,5)))"
13,45,0.00484887,0.745811,0.700281,29,12,0.644444,0.266667,"(1,((2,3),(4,5)))"
13,46,0.00436398,0.745811,0.700281,29,12,0.630435,0.260870,"(1,((2,3),(4,5)))"
13,47,0.00392758,0.747709,0.700281,30,13,0.638298,0.276596,"(1,((2,3),(4,5)))"
13,48,0.00353483,0.747709,0.700281,30,13,0.625000,0.270833,"(1,((2,3),(4,5)))"
13,49,0.00318134,0.747709,0.700281,30,13,0.612245,0.265306,"(1,((2,3),(4,5)))"
13,50,0.00286321,0.747709,0.700281,30,13,0.600000,0.260000,"(1,((2,3),(4,5)))"
13,51,0.00257689,0.747709,0.700281,30,13,0.588235,0.254902,"(1,((2,3),(4,5)))"
13,52,0.00231920,0.747709,0.700281,30,13,0.576923,0.250000,"(1,((2,3),(4,5)))"
13,53,0.00208728,0.747709,0.700281,30,13,0.566038,0.245283,"(1,((2,3),(4,5)))"
13,54,0.00187855,0.748239,0.700281,31,14,0.574074,0.259259,"(1,((2,3),(4,5)))"
13,55,0.00169070,0.748239,0.700281,31,14,0.563636,0.254545,"(1,((2,3),(4,5)))"
13,56,0.00152163,0.736754,0.700281,32,14,0.571429,0.250000,"(1,((2,3),(4,5)))"
13,57,0.00136946,0.736754,0.700281,32,14,0.561404,0.245614,"(1,((2,3),(4,5)))"
13,58,0.00123252,0.736754,0.700281,32,14,0.551724,0.241379,"(1,((2,3),(4,5)))"
13,59,0.00110927,0.736754,0.700281,32,14,0.542373,0.237288,"(1,((2,3),(4,5)))"
13,60,0.00099834,0.736754,0.700281,32,14,0.533333,0.233333,"(1,((2,3),(4,5)))"
13,61,0.00089851,0.736754,0.700281,32,14,0.524590,0.229508,"(1,((2,3),(4,5)))"
13,62,0.00080865,0.723985,0.700281,33,14,0.532258,0.225806,"(1,((2,3),(4,5)))"
13,63,0.00072779,0.723985,0.700281,33,14,0.523810,0.222222,"(1,((2,3),(4,5)))"
13,64,0.00065501,0.723985,0.700281,33,14,0.515625,0.218750,"(1,((2,3),(4,5)))"
13,65,0.00058951,0.723985,0.700281,33,14,0.507692,0.215385,"(1,((2,3),(4,5)))"
13,66,0.00053056,0.696797,0.696797,34,14,0.515152,0.212121,"(1,(2,(3,(4,5))))"
13,67,0.00047750,0.696797,0.696797,34,14,0.507463,0.208955,"(1,(2,(3,(4,5))))"
13,68,0.00042975,0.693402,0.693402,35,14,0.514706,0.205882,"(1,(2,(3,(4,5))))"
13,69,0.00038678,0.691144,0.691144,36,14,0.521739,0.202899,"(1,(2,(3,(4,5))))"
13,70,0.00034810,0.691144,0.691144,36,14,0.514286,0.200000,"(1,(2,(3,(4,5))))"
13,71,0.00031329,0.691144,0.691144,36,14,0.507042,0.197183,"(1,(2,(3,(4,5))))"
13,72,0.00028196,0.691144,0.691144,36,14,0.500000,0.194444,"(1,(2,(3,(4,5))))"
13,73,0.00025376,0.690323,0.690323,37,14,0.506849,0.191781,"(1,(2,(3,(4,5))))"
13,74,0.00022839,0.677702,0.677702,38,14,0.513514,0.189189,"(1,(2,(3,(4,5))))"
13,75,0.00020555,0.677702,0.677702,38,14,0.506667,0.186667,"(1,(2,(3,(4,5))))"
13,76,0.00018499,0.677702,0.677702,38,14,0.500000,0.184211,"(1,(2,(3,(4,5))))"
13,77,0.00016649,0.677702,0.677702,38,14,0.493506,0.181818,"(1,(2,(3,(4,5))))"
13,78,0.00014985,0.677702,0.677702,38,14,0.487179,0.179487,"(1,(2,(3,(4,5))))"
13,79,0.00013486,0.669329,0.669329,39,14,0.493671,0.177215,"(1,(2,((3,4),5)))"
13,80,0.00012137,0.669329,0.669329,39,14,0.487500,0.175000,"(1,(2,((3,4),5)))"
13,81,0.00010924,0.654449,0.654449,40,14,0.493827,0.172840,"(1,(2,((3,4),5)))"
13,82,0.00009831,0.644924,0.644924,41,14,0.500000,0.170732,"(1,(2,((3,4),5)))"
13,83,0.00008848,0.644924,0.644924,41,14,0.493976,0.168675,"(1,(2,((3,4),5)))"
13,84,0.00007963,0.629027,0.629027,42,14,0.500000,0.166667,"((1,2),((3,4),5))"
13,85,0.00007167,0.628802,0.628802,43,14,0.505882,0.164706,"((1,2),((3,4),5))"
13,86,0.00006450,0.628802,0.628802,43,14,0.500000,0.162791,"((1,2),((3,4),5))"
13,87,0.00005805,0.628802,0.628802,43,14,0.494253,0.160920,"((1,2),((3,4),5))"
13,88,0.00005225,0.628638,0.628638,44,14,0.500000,0.159091,"((1,2),((3,4),5))"
13,89,0.00004702,0.628638,0.628638,44,14,0.494382,0.157303,"((1,2),((3,4),5))"
13,90,0.00004232,0.628638,0.628638,44,14,0.488889,0.155556,"((1,2),((3,4),5))"
13,91,0.00003809,0.628638,0.628638,44,14,0.483516,0.153846,"((1,2),((3,4),5))"
13,92,0.00003428,0.628638,0.628638,44,14,0.478261,0.152174,"((1,2),((3,4),5))"
13,93,0.00003085,0.628638,0.628638,44,14,0.473118,0.150538,"((1,2),((3,4),5))"
13,94,0.00002777,0.628638,0.628638,44,14,0.468085,0.148936,"((1,2),((3,4),5))"
13,95,0.00002499,0.628638,0.628638,44,14,0.463158,0.147368,"((1,2),((3,4),5))"
13,96,0.00002249,0.628638,0.628638,44,14,0.458333,0.145833,"((1,2),((3,4),5))"
13,97,0.00002024,0.628638,0.628638,44,14,0.453608,0.144330,"((1,2),((3,4),5))"
13,98,0.00001822,0.628638,0.628638,44,14,0.448980,0.142857,"((1,2),((3,4),5))"
13,99,0.00001640,0.628638,0.628638,44,14,0.444444,0.141414,"((1,2),((3,4),5))"
13,100,0.00001476,0.628638,0.628638,44,14,0.440000,0.140000,"((1,2),((3,4),5))"
13,101,0.00001328,0.628638,0.628638,44,14,0.435644,0.138614,"((1,2),((3,4),5))"
13,102,0.00001195,0.625732,0.625732,45,14,0.441176,0.137255,"((1,2),((3,4),5))"
13,103,0.00001076,0.625732,0.625732,45,14,0.436893,0.135922,"((1,2),((3,4),5))"
13,104,0.00000968,0.625671,0.625671,46,14,0.442308,0.134615,"((1,2),((3,4),5))"
13,105,0.00000871,0.625671,0.625671,46,14,0.438095,0.133333,"((1,2),((3,4),5))"
13,106,0.00000784,0.625318,0.625318,47,14,0.443396,0.132075,"((1,2),((3,4),5))"
13,107,0.00000706,0.625318,0.625318,47,14,0.439252,0.130841,"((1,2),((3,4),5))"
13,108,0.00000635,0.625318,0.625318,47,14,0.435185,0.129630,"((1,2),((3,4),5))"
13,109,0.00000572,0.625318,0.625318,47,14,0.431193,0.128440,"((1,2),((3,4),5))"
13,110,0.00000515,0.625318,0.625318,47,14,0.427273,0.127273,"((1,2),((3,4),5))"
13,111,0.00000463,0.625318,0.625318,47,14,0.423423,0.126126,"((1,2),((3,4),5))"
13,112,0.00000417,0.625318,0.625318,47,14,0.419643,0.125000,"((1,2),((3,4),5))"
13,113,0.00000375,0.625297,0.625297,48,14,0.424779,0.123894,"((1,2),((3,4),5))"
13,114,0.00000338,0.625297,0.625297,48,14,0.421053,0.122807,"((1,2),((3,4),5))"
13,115,0.00000304,0.625297,0.625297,48,14,0.417391,0.121739,"((1,2),((3,4),5))"
13,116,0.00000273,0.625297,0.625297,48,14,0.413793,0.120690,"((1,2),((3,4),5))"
13,117,0.00000246,0.625297,0.625297,48,14,0.410256,0.119658,"((1,2),((3,4),5))"
13,118,0.00000221,0.625143,0.625143,49,14,0.415254,0.118644,"((1,2),((3,4),5))"
13,119,0.00000199,0.625074,0.625074,50,14,0.420168,0.117647,"((1,2),((3,4),5))"
13,120,0.00000179,0.625074,0.625074,50,14,0.416667,0.116667,"((1,2),((3,4),5))"
13,121,0.00000161,0.625074,0.625074,50,14,0.413223,0.115702,"((1,2),((3,4),5))"
13,122,0.00000145,0.625074,0.625074,50,14,0.409836,0.114754,"((1,2),((3,4),5))"
13,123,0.00000131,0.625074,0.625074,50,14,0.406504,0.113821,"((1,2),((3,4),5))"
13,124,0.00000118,0.625074,0.625074,50,14,0.403226,0.112903,"((1,2),((3,4),5))"
13,125,0.00000106,0.625074,0.625074,50,14,0.400000,0.112000,"((1,2),((3,4),5))"
13,126,0.00000095,0.625074,0.625074,50,14,0.396825,0.111111,"((1,2),((3,4),5))"
13,127,0.00000086,0.625074,0.625074,50,14,0.393701,0.110236,"((1,2),((3,4),5))"
13,128,0.00000077,0.624676,0.624676,51,14,0.398438,0.109375,"((1,2),((3,4),5))"
13,129,0.00000070,0.624676,0.624676,51,14,0.395349,0.108527,"((1,2),((3,4),5))"
13,130,0.00000063,0.624676,0.624676,51,14,0.392308,0.107692,"((1,2),((3,4),5))"
13,131,0.00000056,0.624676,0.624676,51,14,0.389313,0.106870,"((1,2),((3,4),5))"
13,132,0.00000051,0.624676,0.624676,51,14,0.386364,0.106061,"((1,2),((3,4),5))"
13,133,0.00000046,0.624676,0.624676,51,14,0.383459,0.105263,"((1,2),((3,4),5))"
13,134,0.00000041,0.624676,0.624676,51,14,0.380597,0.104478,"((1,2),((3,4),5))"
13,135,0.00000037,0.624676,0.624676,51,14,0.377778,0.103704,"((1,2),((3,4),5))"
13,136,0.00000033,0.624676,0.624676,51,14,0.375000,0.102941,"((1,2),((3,4),5))"
13,137,0.00000030,0.624676,0.624676,51,14,0.372263,0.102190,"((1,2),((3,4),5))"
13,138,0.00000027,0.624676,0.624676,51,14,0.369565,0.101449,"((1,2),((3,4),5))"
13,139,0.00000024,0.624676,0.624676,51,14,0.366906,0.100719,"((1,2),((3,4),5))"
13,140,0.00000022,0.624676,0.624676,51,14,0.364286,0.100000,"((1,2),((3,4),5))"
13,141,0.00000020,0.624676,0.624676,52,14,0.368794,0.099291,"((1,2),((3,4),5))"
13,142,0.00000018,0.624676,0.624676,52,14,0.366197,0.098592,"((1,2),((3,4),5))"
13,143,0.00000016,0.624676,0.624676,52,14,0.363636,0.097902,"((1,2),((3,4),5))"
13,144,0.00000014,0.624676,0.624676,52,14,0.361111,0.097222,"((1,2),((3,4),5))"
13,145,0.00000013,0.624676,0.624676,52,14,0.358621,0.096552,"((1,2),((3,4),5))"
13,146,0.00000012,0.624676,0.624676,52,14,0.356164,0.095890,"((1,2),((3,4),5))"
13,147,0.00000010,0.624676,0.624676,52,14,0.353741,0.095238,"((1,2),((3,4),5))"
13,148,0.00000009,0.624676,0.624676,52,14,0.351351,0.094595,"((1,2),((3,4),5))"
13,149,0.00000008,0.624676,0.624676,52,14,0.348993,0.093960,"((1,2),((3,4),5))"
13,150,0.00000008,0.624676,0.624676,52,14,0.346667,0.093333,"((1,2),((3,4),5))"
14,0,0.50000000,0.748155,0.748155,0,0,0.000000,0.000000,"(((1,2),3),(4,5))"
14,1,0.50000000,0.735218,0.735218,1,0,1.000000,0.000000,"(((1,2),3),(4,5))"
14,2,0.45000000,0.755921,0.735218,2,1,1.000000,0.500000,"(((1,2),3),(4,5))"
14,3,0.40500000,0.761455,0.735218,3,2,1.000000,0.666667,"(((1,2),3),(4,5))"
14,4,0.36450000,0.769536,0.735218,4,3,1.000000,0.750000,"(((1,2),3),(4,5))"
14,5,0.32805000,0.736025,0.735218,5,3,1.000000,0.600000,"(((1,2),3),(4,5))"
14,6,0.29524500,0.803987,0.735218,6,4,1.000000,0.666667,"(((1,2),3),(4,5))"
14,7,0.26572050,0.757282,0.735218,7,4,1.000000,0.571429,"(((1,2),3),(4,5))"
14,8,0.23914845,0.738434,0.735218,8,4,1.000000,0.500000,"(((1,2),3),(4,5))"
14,9,0.21523361,0.734646,0.734646,9,4,1.000000,0.444444,"(((1,2),3),(4,5))"
14,10,0.19371024,0.734646,0.734646,9,4,0.900000,0.400000,"(((1,2),3),(4,5))"
14,11,0.17433922,0.731485,0.731485,10,4,0.909091,0.363636,"(((1,2),3),(4,5))"
14,12,0.15690530,0.731485,0.731485,10,4,0.833333,0.333333,"(((1,2),3),(4,5))"
14,13,0.14121477,0.826673,0.731485,11,5,0.846154,0.384615,"(((1,2),3),(4,5))"
14,14,0.12709329,0.826673,0.731485,11,5,0.785714,0.357143,"(((1,2),3),(4,5))"
14,15,0.11438396,0.826673,0.731485,11,5,0.733333,0.333333,"(((1,2),3),(4,5))"
14,16,0.10294557,0.822094,0.731485,12,5,0.750000,0.312500,"(((1,2),3),(4,5))"
14,17,0.09265101,0.814388,0.731485,13,5,0.764706,0.294118,"(((1,2),3),(4,5))"
14,18,0.08338591,0.790867,0.731485,14,5,0.777778,0.277778,"(((1,2),3),(4,5))"
14,19,0.07504732,0.788856,0.731485,15,5,0.789474,0.263158,"(((1,2),3),(4,5))"
14,20,0.06754259,0.788856,0.731485,15,5,0.750000,0.250000,"(((1,2),3),(4,5))"
14,21,0.06078833,0.788856,0.731485,15,5,0.714286,0.238095,"(((1,2),3),(4,5))"
14,22,0.05470949,0.788856,0.731485,15,5,0.681818,0.227273,"(((1,2),3),(4,5))"
14,23,0.04923855,0.790387,0.731485,16,6,0.695652,0.260870,"(((1,2),3),(4,5))"
14,24,0.04431469,0.805156,0.731485,17,7,0.708333,0.291667,"(((1,2),3),(4,5))"
14,25,0.03988322,0.805156,0.731485,17,7,0.680000,0.280000,"(((1,2),3),(4,5))"
14,26,0.03589490,0.829080,0.731485,18,8,0.692308,0.307692,"(((1,2),3),(4,5))"
14,27,0.03230541,0.804730,0.731485,19,8,0.703704,0.296296,"(((1,2),3),(4,5))"
14,28,0.02907487,0.737300,0.731485,20,8,0.714286,0.285714,"(((1,2),3),(4,5))"
14,29,0.02616738,0.737300,0.731485,20,8,0.689655,0.275862,"(((1,2),3),(4,5))"
14,30,0.02355064,0.731278,0.731278,21,8,0.700000,0.266667,"(((1,2),3),(4,5))"
14,31,0.02119558,0.725755,0.725755,22,8,0.709677,0.258065,"(((1,2),3),(4,5))"
14,32,0.01907602,0.736340,0.725755,23,9,0.718750,0.281250,"(((1,2),3),(4,5))"
14,33,0.01716842,0.689402,0.689402,24,9,0.727273,0.272727,"((1,2),(3,(4,5)))"
14,34,0.01545158,0.689402,0.689402,24,9,0.705882,0.264706,"((1,2),(3,(4,5)))"
14,35,0.01390642,0.689402,0.689402,24,9,0.685714,0.257143,"((1,2),(3,(4,5)))"
14,36,0.01251578,0.688344,0.688344,25,9,0.694444,0.250000,"((1,2),(3,(4,5)))"
14,37,0.01126420,0.687306,0.687306,26,9,0.702703,0.243243,"((1,2),(3,(4,5)))"
14,38,0.01013778,0.687306,0.687306,26,9,0.684211,0.236842,"((1,2),(3,(4,5)))"
14,39,0.00912400,0.683181,0.683181,27,9,0.692308,0.230769,"((1,2),(3,(4,5)))"
14,40,0.00821160,0.674345,0.674345,28,9,0.700000,0.225000,"((1,2),(3,(4,5)))"
14,41,0.00739044,0.674576,0.674345,29,10,0.707317,0.243902,"((1,2),(3,(4,5)))"
14,42,0.00665140,0.673196,0.673196,30,10,0.714286,0.238095,"((1,2),((3,4),5))"
14,43,0.00598626,0.636735,0.636735,31,10,0.720930,0.232558,"((1,2),(3,(4,5)))"
14,44,0.00538763,0.636647,0.636647,32,10,0.727273,0.227273,"((1,2),(3,(4,5)))"
14,45,0.00484887,0.636647,0.636647,32,10,0.711111,0.222222,"((1,2),(3,(4,5)))"
14,46,0.00436398,0.638077,0.636647,33,11,0.717391,0.239130,"((1,2),(3,(4,5)))"
14,47,0.00392758,0.638301,0.636647,34,12,0.723404,0.255319,"((1,2),(3,(4,5)))"
14,48,0.00353483,0.638077,0.636647,35,12,0.729167,0.250000,"((1,2),(3,(4,5)))"
14,49,0.00318134,0.638077,0.636647,36,12,0.734694,0.244898,"((1,2),(3,(4,5)))"
14,50,0.00286321,0.638077,0.636647,36,12,0.720000,0.240000,"((1,2),(3,(4,5)))"
14,51,0.00257689,0.638176,0.636647,37,13,0.725490,0.254902,"((1,2),(3,(4,5)))"
14,52,0.00231920,0.638225,0.636647,38,14,0.730769,0.269231,"((1,2),(3,(4,5)))"
14,53,0.00208728,0.638077,0.636647,39,14,0.735849,0.264151,"((1,2),(3,(4,5)))"
14,54,0.00187855,0.638274,0.636647,40,15,0.740741,0.277778,"((1,2),(3,(4,5)))"
14,55,0.00169070,0.626600,0.626600,41,15,0.745455,0.272727,"((1,2),(3,(4,5)))"
14,56,0.00152163,0.626600,0.626600,41,15,0.732143,0.267857,"((1,2),(3,(4,5)))"
14,57,0.00136946,0.626600,0.626600,41,15,0.719298,0.263158,"((1,2),(3,(4,5)))"
14,58,0.00123252,0.626600,0.626600,41,15,0.706897,0.258621,"((1,2),(3,(4,5)))"
14,59,0.00110927,0.626600,0.626600,41,15,0.694915,0.254237,"((1,2),(3,(4,5)))"
14,60,0.00099834,0.626808,0.626600,42,16,0.700000,0.266667,"((1,2),(3,(4,5)))"
14,61,0.00089851,0.626808,0.626600,42,16,0.688525,0.262295,"((1,2),(3,(4,5)))"
14,62,0.00080865,0.627231,0.626600,43,17,0.693548,0.274194,"((1,2),(3,(4,5)))"
14,63,0.00072779,0.627309,0.626600,44,18,0.698413,0.285714,"((1,2),(3,(4,5)))"
14,64,0.00065501,0.627309,0.626600,44,18,0.687500,0.281250,"((1,2),(3,(4,5)))"
14,65,0.00058951,0.626702,0.626600,45,18,0.692308,0.276923,"((1,2),(3,(4,5)))"
14,66,0.00053056,0.626936,0.626600,46,19,0.696970,0.287879,"((1,2),(3,(4,5)))"
14,67,0.00047750,0.626936,0.626600,46,19,0.686567,0.283582,"((1,2),(3,(4,5)))"
14,68,0.00042975,0.626860,0.626600,47,19,0.691176,0.279412,"((1,2),(3,(4,5)))"
14,69,0.00038678,0.626860,0.626600,47,19,0.681159,0.275362,"((1,2),(3,(4,5)))"
14,70,0.00034810,0.626747,0.626600,48,19,0.685714,0.271429,"((1,2),(3,(4,5)))"
14,71,0.00031329,0.626747,0.626600,48,19,0.676056,0.267606,"((1,2),(3,(4,5)))"
14,72,0.00028196,0.626550,0.626550,49,19,0.680556,0.263889,"((1,2),(3,(4,5)))"
14,73,0.00025376,0.626550,0.626550,49,19,0.671233,0.260274,"((1,2),(3,(4,5)))"
14,74,0.00022839,0.626550,0.626550,49,19,0.662162,0.256757,"((1,2),(3,(4,5)))"
14,75,0.00020555,0.626550,0.626550,49,19,0.653333,0.253333,"((1,2),(3,(4,5)))"
14,76,0.00018499,0.626550,0.626550,49,19,0.644737,0.250000,"((1,2),(3,(4,5)))"
14,77,0.00016649,0.626550,0.626550,49,19,0.636364,0.246753,"((1,2),(3,(4,5)))"
14,78,0.00014985,0.626550,0.626550,49,19,0.628205,0.243590,"((1,2),(3,(4,5)))"
14,79,0.00013486,0.626550,0.626550,49,19,0.620253,0.240506,"((1,2),(3,(4,5)))"
14,80,0.00012137,0.626550,0.626550,49,19,0.612500,0.237500,"((1,2),(3,(4,5)))"
14,81,0.00010924,0.626550,0.626550,49,19,0.604938,0.234568,"((1,2),(3,(4,5)))"
14,82,0.00009831,0.626550,0.626550,49,19,0.597561,0.231707,"((1,2),(3,(4,5)))"
14,83,0.00008848,0.626550,0.626550,49,19,0.590361,0.228916,"((1,2),(3,(4,5)))"
14,84,0.00007963,0.626550,0.626550,49,19,0.583333,0.226190,"((1,2),(3,(4,5)))"
14,85,0.00007167,0.626550,0.626550,49,19,0.576471,0.223529,"((1,2),(3,(4,5)))"
14,86,0.00006450,0.626550,0.626550,49,19,0.569767,0.220930,"((1,2),(3,(4,5)))"
14,87,0.00005805,0.626550,0.626550,49,19,0.563218,0.218391,"((1,2),(3,(4,5)))"
14,88,0.00005225,0.626550,0.626550,49,19,0.556818,0.215909,"((1,2),(3,(4,5)))"
14,89,0.00004702,0.626550,0.626550,49,19,0.550562,0.213483,"((1,2),(3,(4,5)))"
14,90,0.00004232,0.626550,0.626550,49,19,0.544444,0.211111,"((1,2),(3,(4,5)))"
14,91,0.00003809,0.626550,0.626550,49,19,0.538462,0.208791,"((1,2),(3,(4,5)))"
14,92,0.00003428,0.626550,0.626550,49,19,0.532609,0.206522,"((1,2),(3,(4,5)))"
14,93,0.00003085,0.626550,0.626550,49,19,0.526882,0.204301,"((1,2),(3,(4,5)))"
14,94,0.00002777,0.626550,0.626550,50,19,0.531915,0.202128,"((1,2),(3,(4,5)))"
14,95,0.00002499,0.626550,0.626550,50,19,0.526316,0.200000,"((1,2),(3,(4,5)))"
14,96,0.00002249,0.626550,0.626550,51,19,0.531250,0.197917,"((1,2),(3,(4,5)))"
14,97,0.00002024,0.626550,0.626550,51,19,0.525773,0.195876,"((1,2),(3,(4,5)))"
14,98,0.00001822,0.626550,0.626550,51,19,0.520408,0.193878,"((1,2),(3,(4,5)))"
14,99,0.00001640,0.626550,0.626550,51,19,0.515152,0.191919,"((1,2),(3,(4,5)))"
14,100,0.00001476,0.626550,0.626550,51,19,0.510000,0.190000,"((1,2),(3,(4,5)))"
14,101,0.00001328,0.626550,0.626550,51,19,0.504950,0.188119,"((1,2),(3,(4,5)))"
14,102,0.00001195,0.626550,0.626550,51,19,0.500000,0.186275,"((1,2),(3,(4,5)))"
14,103,0.00001076,0.626550,0.626550,51,19,0.495146,0.184466,"((1,2),(3,(4,5)))"
14,104,0.00000968,0.626550,0.626550,52,19,0.500000,0.182692,"((1,2),(3,(4,5)))"
14,105,0.00000871,0.626550,0.626550,52,19,0.495238,0.180952,"((1,2),(3,(4,5)))"
14,106,0.00000784,0.626550,0.626550,52,19,0.490566,0.179245,"((1,2),(3,(4,5)))"
14,107,0.00000706,0.626550,0.626550,52,19,0.485981,0.177570,"((1,2),(3,(4,5)))"
14,108,0.00000635,0.626550,0.626550,52,19,0.481481,0.175926,"((1,2),(3,(4,5)))"
14,109,0.00000572,0.626550,0.626550,52,19,0.477064,0.174312,"((1,2),(3,(4,5)))"
14,110,0.00000515,0.626550,0.626550,52,19,0.472727,0.172727,"((1,2),(3,(4,5)))"
14,111,0.00000463,0.626550,0.626550,52,19,0.468468,0.171171,"((1,2),(3,(4,5)))"
14,112,0.00000417,0.626550,0.626550,52,19,0.464286,0.169643,"((1,2),(3,(4,5)))"
14,113,0.00000375,0.626550,0.626550,52,19,0.460177,0.168142,"((1,2),(3,(4,5)))"
14,114,0.00000338,0.626550,0.626550,52,19,0.456140,0.166667,"((1,2),(3,(4,5)))"
14,115,0.00000304,0.626550,0.626550,52,19,0.452174,0.165217,"((1,2),(3,(4,5)))"
14,116,0.00000273,0.626550,0.626550,52,19,0.448276,0.163793,"((1,2),(3,(4,5)))"
14,117,0.00000246,0.626550,0.626550,52,19,0.444444,0.162393,"((1,2),(3,(4,5)))"
14,118,0.00000221,0.626550,0.626550,52,19,0.440678,0.161017,"((1,2),(3,(4,5)))"
14,119,0.00000199,0.626550,0.626550,53,19,0.445378,0.159664,"((1,2),(3,(4,5)))"
14,120,0.00000179,0.626550,0.626550,53,19,0.441667,0.158333,"((1,2),(3,(4,5)))"
14,121,0.00000161,0.626550,0.626550,53,19,0.438017,0.157025,"((1,2),(3,(4,5)))"
14,122,0.00000145,0.626550,0.626550,53,19,0.434426,0.155738,"((1,2),(3,(4,5)))"
14,123,0.00000131,0.624260,0.624260,54,19,0.439024,0.154472,"((1,2),(3,(4,5)))"
14,124,0.00000118,0.624260,0.624260,54,19,0.435484,0.153226,"((1,2),(3,(4,5)))"
14,125,0.00000106,0.624260,0.624260,54,19,0.432000,0.152000,"((1,2),(3,(4,5)))"
14,126,0.00000095,0.624260,0.624260,54,19,0.428571,0.150794,"((1,2),(3,(4,5)))"
14,127,0.00000086,0.624260,0.624260,54,19,0.425197,0.149606,"((1,2),(3,(4,5)))"
14,128,0.00000077,0.623962,0.623962,55,19,0.429688,0.148438,"((1,2),(3,(4,5)))"
14,129,0.00000070,0.623962,0.623962,55,19,0.426357,0.147287,"((1,2),(3,(4,5)))"
14,130,0.00000063,0.623962,0.623962,55,19,0.423077,0.146154,"((1,2),(3,(4,5)))"
14,131,0.00000056,0.622096,0.622096,56,19,0.427481,0.145038,"((1,2),(3,(4,5)))"
14,132,0.00000051,0.622086,0.622086,57,19,0.431818,0.143939,"((1,2),(3,(4,5)))"
14,133,0.00000046,0.622086,0.622086,57,19,0.428571,0.142857,"((1,2),(3,(4,5)))"
14,134,0.00000041,0.622086,0.622086,57,19,0.425373,0.141791,"((1,2),(3,(4,5)))"
14,135,0.00000037,0.622086,0.622086,57,19,0.422222,0.140741,"((1,2),(3,(4,5)))"
14,136,0.00000033,0.622086,0.622086,57,19,0.419118,0.139706,"((1,2),(3,(4,5)))"
14,137,0.00000030,0.622086,0.622086,57,19,0.416058,0.138686,"((1,2),(3,(4,5)))"
14,138,0.00000027,0.622086,0.622086,57,19,0.413043,0.137681,"((1,2),(3,(4,5)))"
14,139,0.00000024,0.622086,0.622086,57,19,0.410072,0.136691,"((1,2),(3,(4,5)))"
14,140,0.00000022,0.622086,0.622086,57,19,0.407143,0.135714,"((1,2),(3,(4,5)))"
14,141,0.00000020,0.622086,0.622086,57,19,0.404255,0.134752,"((1,2),(3,(4,5)))"
14,142,0.00000018,0.622086,0.622086,57,19,0.401408,0.133803,"((1,2),(3,(4,5)))"
14,143,0.00000016,0.622086,0.622086,57,19,0.398601,0.132867,"((1,2),(3,(4,5)))"
14,144,0.00000014,0.622086,0.622086,57,19,0.395833,0.131944,"((1,2),(3,(4,5)))"
14,145,0.00000013,0.622086,0.622086,57,19,0.393103,0.131034,"((1,2),(3,(4,5)))"
14,146,0.00000012,0.622086,0.622086,57,19,0.390411,0.130137,"((1,2),(3,(4,5)))"
14,147,0.00000010,0.622086,0.622086,57,19,0.387755,0.129252,"((1,2),(3,(4,5)))"
14,148,0.00000009,0.622086,0.622086,57,19,0.385135,0.128378,"((1,2),(3,(4,5)))"
14,149,0.00000008,0.622086,0.622086,57,19,0.382550,0.127517,"((1,2),(3,(4,5)))"
14,150,0.00000008,0.622086,0.622086,57,19,0.380000,0.126667,"((1,2),(3,(4,5)))"
15,0,0.50000000,0.748155,0.748155,0,0,0.000000,0.000000,"(((1,2),3),(4,5))"
15,1,0.50000000,0.750120,0.748155,1,1,1.000000,1.000000,"(((1,2),3),(4,5))"
15,2,0.45000000,0.737296,0.737296,2,1,1.000000,0.500000,"(((1,2),3),(4,5))"
15,3,0.40500000,0.699515,0.699515,3,1,1.000000,0.333333,"((1,(2,3)),(4,5))"
15,4,0.36450000,0.676277,0.676277,4,1,1.000000,0.250000,"((1,(2,3)),(4,5))"
15,5,0.32805000,0.695517,0.676277,5,2,1.000000,0.400000,"((1,(2,3)),(4,5))"
15,6,0.29524500,0.695517,0.676277,5,2,0.833333,0.333333,"((1,(2,3)),(4,5))"
15,7,0.26572050,0.704972,0.676277,6,3,0.857143,0.428571,"((1,(2,3)),(4,5))"
15,8,0.23914845,0.697916,0.676277,7,3,0.875000,0.375000,"((1,(2,3)),(4,5))"
15,9,0.21523361,0.747549,0.676277,8,4,0.888889,0.444444,"((1,(2,3)),(4,5))"
15,10,0.19371024,0.747549,0.676277,8,4,0.800000,0.400000,"((1,(2,3)),(4,5))"
15,11,0.17433922,0.735745,0.676277,9,4,0.818182,0.363636,"((1,(2,3)),(4,5))"
15,12,0.15690530,0.757311,0.676277,10,5,0.833333,0.416667,"((1,(2,3)),(4,5))"
15,13,0.14121477,0.735041,0.676277,11,5,0.846154,0.384615,"((1,(2,3)),(4,5))"
15,14,0.12709329,0.737930,0.676277,12,6,0.857143,0.428571,"((1,(2,3)),(4,5))"
15,15,0.11438396,0.737930,0.676277,12,6,0.800000,0.400000,"((1,(2,3)),(4,5))"
15,16,0.10294557,0.694339,0.676277,13,6,0.812500,0.375000,"((1,(2,3)),(4,5))"
15,17,0.09265101,0.725832,0.676277,14,7,0.823529,0.411765,"((1,(2,3)),(4,5))"
15,18,0.08338591,0.721067,0.676277,15,7,0.833333,0.388889,"((1,(2,3)),(4,5))"
15,19,0.07504732,0.721067,0.676277,15,7,0.789474,0.368421,"((1,(2,3)),(4,5))"
15,20,0.06754259,0.699306,0.676277,16,7,0.800000,0.350000,"((1,(2,3)),(4,5))"
15,21,0.06078833,0.713378,0.676277,17,8,0.809524,0.380952,"((1,(2,3)),(4,5))"
15,22,0.05470949,0.713378,0.676277,17,8,0.772727,0.363636,"((1,(2,3)),(4,5))"
15,23,0.04923855,0.708489,0.676277,18,8,0.782609,0.347826,"((1,(2,3)),(4,5))"
15,24,0.04431469,0.712917,0.676277,19,9,0.791667,0.375000,"((1,(2,3)),(4,5))"
15,25,0.03988322,0.659135,0.659135,20,9,0.800000,0.360000,"((1,2),(3,(4,5)))"
15,26,0.03589490,0.654452,0.654452,21,9,0.807692,0.346154,"((1,2),(3,(4,5)))"
15,27,0.03230541,0.654452,0.654452,21,9,0.777778,0.333333,"((1,2),(3,(4,5)))"
15,28,0.02907487,0.654452,0.654452,21,9,0.750000,0.321429,"((1,2),(3,(4,5)))"
15,29,0.02616738,0.654452,0.654452,21,9,0.724138,0.310345,"((1,2),(3,(4,5)))"
15,30,0.02355064,0.655746,0.654452,22,10,0.733333,0.333333,"((1,2),(3,(4,5)))"
15,31,0.02119558,0.651623,0.651623,23,10,0.741935,0.322581,"((1,2),(3,(4,5)))"
15,32,0.01907602,0.651623,0.651623,23,10,0.718750,0.312500,"((1,2),(3,(4,5)))"
15,33,0.01716842,0.652471,0.651623,24,11,0.727273,0.333333,"((1,2),(3,(4,5)))"
15,34,0.01545158,0.649964,0.649964,25,11,0.735294,0.323529,"((1,2),(3,(4,5)))"
15,35,0.01390642,0.649964,0.649964,25,11,0.714286,0.314286,"((1,2),(3,(4,5)))"
15,36,0.01251578,0.649627,0.649627,26,11,0.722222,0.305556,"((1,2),(3,(4,5)))"
15,37,0.01126420,0.645722,0.645722,27,11,0.729730,0.297297,"((1,2),(3,(4,5)))"
15,38,0.01013778,0.647083,0.645722,28,12,0.736842,0.315789,"((1,2),(3,(4,5)))"
15,39,0.00912400,0.648297,0.645722,29,13,0.743590,0.333333,"((1,2),(3,(4,5)))"
15,40,0.00821160,0.648297,0.645722,29,13,0.725000,0.325000,"((1,2),(3,(4,5)))"
15,41,0.00739044,0.648297,0.645722,29,13,0.707317,0.317073,"((1,2),(3,(4,5)))"
15,42,0.00665140,0.648297,0.645722,29,13,0.690476,0.309524,"((1,2),(3,(4,5)))"
15,43,0.00598626,0.648297,0.645722,29,13,0.674419,0.302326,"((1,2),(3,(4,5)))"
15,44,0.00538763,0.648297,0.645722,29,13,0.659091,0.295455,"((1,2),(3,(4,5)))"
15,45,0.00484887,0.648297,0.645722,29,13,0.644444,0.288889,"((1,2),(3,(4,5)))"
15,46,0.00436398,0.648297,0.645722,29,13,0.630435,0.282609,"((1,2),(3,(4,5)))"
15,47,0.00392758,0.648297,0.645722,29,13,0.617021,0.276596,"((1,2),(3,(4,5)))"
15,48,0.00353483,0.648297,0.645722,29,13,0.604167,0.270833,"((1,2),(3,(4,5)))"
15,49,0.00318134,0.647366,0.645722,30,13,0.612245,0.265306,"((1,2),(3,(4,5)))"
15,50,0.00286321,0.647366,0.645722,30,13,0.600000,0.260000,"((1,2),(3,(4,5)))"
15,51,0.00257689,0.647680,0.645722,31,14,0.607843,0.274510,"((1,2),(3,(4,5)))"
15,52,0.00231920,0.647680,0.645722,31,14,0.596154,0.269231,"((1,2),(3,(4,5)))"
15,53,0.00208728,0.647680,0.645722,31,14,0.584906,0.264151,"((1,2),(3,(4,5)))"
15,54,0.00187855,0.647680,0.645722,31,14,0.574074,0.259259,"((1,2),(3,(4,5)))"
15,55,0.00169070,0.634796,0.634796,32,14,0.581818,0.254545,"((1,2),(3,(4,5)))"
15,56,0.00152163,0.634796,0.634796,32,14,0.571429,0.250000,"((1,2),(3,(4,5)))"
15,57,0.00136946,0.634796,0.634796,32,14,0.561404,0.245614,"((1,2),(3,(4,5)))"
15,58,0.00123252,0.634796,0.634796,32,14,0.551724,0.241379,"((1,2),(3,(4,5)))"
15,59,0.00110927,0.634419,0.634419,33,14,0.559322,0.237288,"((1,2),(3,(4,5)))"
15,60,0.00099834,0.634419,0.634419,33,14,0.550000,0.233333,"((1,2),(3,(4,5)))"
15,61,0.00089851,0.634419,0.634419,33,14,0.540984,0.229508,"((1,2),(3,(4,5)))"
15,62,0.00080865,0.634419,0.634419,33,14,0.532258,0.225806,"((1,2),(3,(4,5)))"
15,63,0.00072779,0.634419,0.634419,33,14,0.523810,0.222222,"((1,2),(3,(4,5)))"
15,64,0.00065501,0.634419,0.634419,33,14,0.515625,0.218750,"((1,2),(3,(4,5)))"
15,65,0.00058951,0.634419,0.634419,33,14,0.507692,0.215385,"((1,2),(3,(4,5)))"
15,66,0.00053056,0.634419,0.634419,33,14,0.500000,0.212121,"((1,2),(3,(4,5)))"
15,67,0.00047750,0.634419,0.634419,33,14,0.492537,0.208955,"((1,2),(3,(4,5)))"
15,68,0.00042975,0.634419,0.634419,33,14,0.485294,0.205882,"((1,2),(3,(4,5)))"
15,69,0.00038678,0.634419,0.634419,33,14,0.478261,0.202899,"((1,2),(3,(4,5)))"
15,70,0.00034810,0.634419,0.634419,33,14,0.471429,0.200000,"((1,2),(3,(4,5)))"
15,71,0.00031329,0.634419,0.634419,33,14,0.464789,0.197183,"((1,2),(3,(4,5)))"
15,72,0.00028196,0.634419,0.634419,33,14,0.458333,0.194444,"((1,2),(3,(4,5)))"
15,73,0.00025376,0.631948,0.631948,34,14,0.465753,0.191781,"((1,2),(3,(4,5)))"
15,74,0.00022839,0.630229,0.630229,35,14,0.472973,0.189189,"((1,2),(3,(4,5)))"
15,75,0.00020555,0.630221,0.630221,36,14,0.480000,0.186667,"((1,2),(3,(4,5)))"
15,76,0.00018499,0.630221,0.630221,36,14,0.473684,0.184211,"((1,2),(3,(4,5)))"
15,77,0.00016649,0.630221,0.630221,36,14,0.467532,0.181818,"((1,2),(3,(4,5)))"
15,78,0.00014985,0.630221,0.630221,36,14,0.461538,0.179487,"((1,2),(3,(4,5)))"
15,79,0.00013486,0.630221,0.630221,36,14,0.455696,0.177215,"((1,2),(3,(4,5)))"
15,80,0.00012137,0.629569,0.629569,37,14,0.462500,0.175000,"((1,2),(3,(4,5)))"
15,81,0.00010924,0.629272,0.629272,38,14,0.469136,0.172840,"((1,2),(3,(4,5)))"
15,82,0.00009831,0.629272,0.629272,38,14,0.463415,0.170732,"((1,2),(3,(4,5)))"
15,83,0.00008848,0.626301,0.626301,39,14,0.469880,0.168675,"((1,2),(3,(4,5)))"
15,84,0.00007963,0.626301,0.626301,39,14,0.464286,0.166667,"((1,2),(3,(4,5)))"
15,85,0.00007167,0.626301,0.626301,39,14,0.458824,0.164706,"((1,2),(3,(4,5)))"
15,86,0.00006450,0.626301,0.626301,39,14,0.453488,0.162791,"((1,2),(3,(4,5)))"
15,87,0.00005805,0.624358,0.624358,40,14,0.459770,0.160920,"((1,2),(3,(4,5)))"
15,88,0.00005225,0.624358,0.624358,40,14,0.454545,0.159091,"((1,2),(3,(4,5)))"
15,89,0.00004702,0.624358,0.624358,40,14,0.449438,0.157303,"((1,2),(3,(4,5)))"
15,90,0.00004232,0.624358,0.624358,40,14,0.444444,0.155556,"((1,2),(3,(4,5)))"
15,91,0.00003809,0.624358,0.624358,40,14,0.439560,0.153846,"((1,2),(3,(4,5)))"
15,92,0.00003428,0.624358,0.624358,40,14,0.434783,0.152174,"((1,2),(3,(4,5)))"
15,93,0.00003085,0.624358,0.624358,40,14,0.430108,0.150538,"((1,2),(3,(4,5)))"
15,94,0.00002777,0.624239,0.624239,41,14,0.436170,0.148936,"((1,2),(3,(4,5)))"
15,95,0.00002499,0.624198,0.624198,42,14,0.442105,0.147368,"((1,2),(3,(4,5)))"
15,96,0.00002249,0.624198,0.624198,42,14,0.437500,0.145833,"((1,2),(3,(4,5)))"
15,97,0.00002024,0.624198,0.624198,42,14,0.432990,0.144330,"((1,2),(3,(4,5)))"
15,98,0.00001822,0.621699,0.621699,43,14,0.438776,0.142857,"((1,2),(3,(4,5)))"
15,99,0.00001640,0.621699,0.621699,43,14,0.434343,0.141414,"((1,2),(3,(4,5)))"
15,100,0.00001476,0.621699,0.621699,43,14,0.430000,0.140000,"((1,2),(3,(4,5)))"
15,101,0.00001328,0.621699,0.621699,43,14,0.425743,0.138614,"((1,2),(3,(4,5)))"
15,102,0.00001195,0.621699,0.621699,43,14,0.421569,0.137255,"((1,2),(3,(4,5)))"
15,103,0.00001076,0.621699,0.621699,43,14,0.417476,0.135922,"((1,2),(3,(4,5)))"
15,104,0.00000968,0.620935,0.620935,44,14,0.423077,0.134615,"((1,2),(3,(4,5)))"
15,105,0.00000871,0.620935,0.620935,44,14,0.419048,0.133333,"((1,2),(3,(4,5)))"
15,106,0.00000784,0.620935,0.620935,44,14,0.415094,0.132075,"((1,2),(3,(4,5)))"
15,107,0.00000706,0.620935,0.620935,44,14,0.411215,0.130841,"((1,2),(3,(4,5)))"
15,108,0.00000635,0.620935,0.620935,44,14,0.407407,0.129630,"((1,2),(3,(4,5)))"
15,109,0.00000572,0.620935,0.620935,44,14,0.403670,0.128440,"((1,2),(3,(4,5)))"
15,110,0.00000515,0.620935,0.620935,44,14,0.400000,0.127273,"((1,2),(3,(4,5)))"
15,111,0.00000463,0.620935,0.620935,44,14,0.396396,0.126126,"((1,2),(3,(4,5)))"
15,112,0.00000417,0.620935,0.620935,44,14,0.392857,0.125000,"((1,2),(3,(4,5)))"
15,113,0.00000375,0.620935,0.620935,44,14,0.389381,0.123894,"((1,2),(3,(4,5)))"
15,114,0.00000338,0.620935,0.620935,44,14,0.385965,0.122807,"((1,2),(3,(4,5)))"
15,115,0.00000304,0.620935,0.620935,44,14,0.382609,0.121739,"((1,2),(3,(4,5)))"
15,116,0.00000273,0.620935,0.620935,44,14,0.379310,0.120690,"((1,2),(3,(4,5)))"
15,117,0.00000246,0.620935,0.620935,44,14,0.376068,0.119658,"((1,2),(3,(4,5)))"
15,118,0.00000221,0.620935,0.620935,44,14,0.372881,0.118644,"((1,2),(3,(4,5)))"
15,119,0.00000199,0.620935,0.620935,44,14,0.369748,0.117647,"((1,2),(3,(4,5)))"
15,120,0.00000179,0.620651,0.620651,45,14,0.375000,0.116667,"((1,2),(3,(4,5)))"
15,121,0.00000161,0.620651,0.620651,45,14,0.371901,0.115702,"((1,2),(3,(4,5)))"
15,122,0.00000145,0.620651,0.620651,45,14,0.368852,0.114754,"((1,2),(3,(4,5)))"
15,123,0.00000131,0.620651,0.620651,45,14,0.365854,0.113821,"((1,2),(3,(4,5)))"
15,124,0.00000118,0.620651,0.620651,45,14,0.362903,0.112903,"((1,2),(3,(4,5)))"
15,125,0.00000106,0.620651,0.620651,45,14,0.360000,0.112000,"((1,2),(3,(4,5)))"
15,126,0.00000095,0.620651,0.620651,45,14,0.357143,0.111111,"((1,2),(3,(4,5)))"
15,127,0.00000086,0.620651,0.620651,45,14,0.354331,0.110236,"((1,2),(3,(4,5)))"
15,128,0.00000077,0.620651,0.620651,45,14,0.351562,0.109375,"((1,2),(3,(4,5)))"
15,129,0.00000070,0.620651,0.620651,45,14,0.348837,0.108527,"((1,2),(3,(4,5)))"
15,130,0.00000063,0.620651,0.620651,45,14,0.346154,0.107692,"((1,2),(3,(4,5)))"
15,131,0.00000056,0.620651,0.620651,45,14,0.343511,0.106870,"((1,2),(3,(4,5)))"
15,132,0.00000051,0.620651,0.620651,45,14,0.340909,0.106061,"((1,2),(3,(4,5)))"
15,133,0.00000046,0.620541,0.620541,46,14,0.345865,0.105263,"((1,2),(3,(4,5)))"
15,134,0.00000041,0.620541,0.620541,46,14,0.343284,0.104478,"((1,2),(3,(4,5)))"
15,135,0.00000037,0.620541,0.620541,46,14,0.340741,0.103704,"((1,2),(3,(4,5)))"
15,136,0.00000033,0.620541,0.620541,46,14,0.338235,0.102941,"((1,2),(3,(4,5)))"
15,137,0.00000030,0.620541,0.620541,46,14,0.335766,0.102190,"((1,2),(3,(4,5)))"
15,138,0.00000027,0.620196,0.620196,47,14,0.340580,0.101449,"((1,2),(3,(4,5)))"
15,139,0.00000024,0.620196,0.620196,47,14,0.338129,0.100719,"((1,2),(3,(4,5)))"
15,140,0.00000022,0.620196,0.620196,47,14,0.335714,0.100000,"((1,2),(3,(4,5)))"
15,141,0.00000020,0.620196,0.620196,47,14,0.333333,0.099291,"((1,2),(3,(4,5)))"
15,142,0.00000018,0.620196,0.620196,47,14,0.330986,0.098592,"((1,2),(3,(4,5)))"
15,143,0.00000016,0.620196,0.620196,47,14,0.328671,0.097902,"((1,2),(3,(4,5)))"
15,144,0.00000014,0.620187,0.620187,48,14,0.333333,0.097222,"((1,2),(3,(4,5)))"
15,145,0.00000013,0.620187,0.620187,48,14,0.331034,0.096552,"((1,2),(3,(4,5)))"
15,146,0.00000012,0.620187,0.620187,48,14,0.328767,0.095890,"((1,2),(3,(4,5)))"
15,147,0.00000010,0.620187,0.620187,48,14,0.326531,0.095238,"((1,2),(3,(4,5)))"
15,148,0.00000009,0.620187,0.620187,48,14,0.324324,0.094595,"((1,2),(3,(4,5)))"
15,149,0.00000008,0.620187,0.620187,48,14,0.322148,0.093960,"((1,2),(3,(4,5)))"
15,150,0.00000008,0.620187,0.620187,48,14,0.320000,0.093333,"((1,2),(3,(4,5)))"
16,0,0.50000000,0.661798,0.661798,0,0,0.000000,0.000000,"((1,2),(3,(4,5)))"
16,1,0.50000000,0.662004,0.661798,1,1,1.000000,1.000000,"((1,2),(3,(4,5)))"
16,2,0.45000000,0.656597,0.656597,2,1,1.000000,0.500000,"((1,2),(3,(4,5)))"
16,3,0.40500000,0.635495,0.635495,3,1,1.000000,0.333333,"((1,2),(3,(4,5)))"
16,4,0.36450000,0.634811,0.634811,4,1,1.000000,0.250000,"((1,2),(3,(4,5)))"
16,5,0.32805000,0.630054,0.630054,5,1,1.000000,0.200000,"((1,2),(3,(4,5)))"
16,6,0.29524500,0.632566,0.630054,6,2,1.000000,0.333333,"((1,2),(3,(4,5)))"
16,7,0.26572050,0.696540,0.630054,7,3,1.000000,0.428571,"((1,2),(3,(4,5)))"
16,8,0.23914845,0.631508,0.630054,8,3,1.000000,0.375000,"((1,2),(3,(4,5)))"
16,9,0.21523361,0.642512,0.630054,9,4,1.000000,0.444444,"((1,2),(3,(4,5)))"
16,10,0.19371024,0.642512,0.630054,9,4,0.900000,0.400000,"((1,2),(3,(4,5)))"
16,11,0.17433922,0.651727,0.630054,10,5,0.909091,0.454545,"((1,2),(3,(4,5)))"
16,12,0.15690530,0.683210,0.630054,11,6,0.916667,0.500000,"((1,2),(3,(4,5)))"
16,13,0.14121477,0.669409,0.630054,12,6,0.923077,0.461538,"((1,2),(3,(4,5)))"
16,14,0.12709329,0.669942,0.630054,13,7,0.928571,0.500000,"((1,2),(3,(4,5)))"
16,15,0.11438396,0.714837,0.630054,14,8,0.933333,0.533333,"((1,2),(3,(4,5)))"
16,16,0.10294557,0.714837,0.630054,14,8,0.875000,0.500000,"((1,2),(3,(4,5)))"
16,17,0.09265101,0.728025,0.630054,15,9,0.882353,0.529412,"((1,2),(3,(4,5)))"
16,18,0.08338591,0.733653,0.630054,16,10,0.888889,0.555556,"((1,2),(3,(4,5)))"
16,19,0.07504732,0.713777,0.630054,17,10,0.894737,0.526316,"((1,2),(3,(4,5)))"
16,20,0.06754259,0.725661,0.630054,18,11,0.900000,0.550000,"((1,2),(3,(4,5)))"
16,21,0.06078833,0.718882,0.630054,19,11,0.904762,0.523810,"((1,2),(3,(4,5)))"
16,22,0.05470949,0.723804,0.630054,20,12,0.909091,0.545455,"((1,2),(3,(4,5)))"
16,23,0.04923855,0.734598,0.630054,21,13,0.913043,0.565217,"((1,2),(3,(4,5)))"
16,24,0.04431469,0.734598,0.630054,21,13,0.875000,0.541667,"((1,2),(3,(4,5)))"
16,25,0.03988322,0.734598,0.630054,21,13,0.840000,0.520000,"((1,2),(3,(4,5)))"
16,26,0.03589490,0.657508,0.630054,22,13,0.846154,0.500000,"((1,2),(3,(4,5)))"
16,27,0.03230541,0.657508,0.630054,22,13,0.814815,0.481481,"((1,2),(3,(4,5)))"
16,28,0.02907487,0.657508,0.630054,22,13,0.785714,0.464286,"((1,2),(3,(4,5)))"
16,29,0.02616738,0.652646,0.630054,23,13,0.793103,0.448276,"((1,2),(3,(4,5)))"
16,30,0.02355064,0.652646,0.630054,23,13,0.766667,0.433333,"((1,2),(3,(4,5)))"
16,31,0.02119558,0.652646,0.630054,23,13,0.741935,0.419355,"((1,2),(3,(4,5)))"
16,32,0.01907602,0.644871,0.630054,24,13,0.750000,0.406250,"((1,2),(3,(4,5)))"
16,33,0.01716842,0.644871,0.630054,24,13,0.727273,0.393939,"((1,2),(3,(4,5)))"
16,34,0.01545158,0.644871,0.630054,24,13,0.705882,0.382353,"((1,2),(3,(4,5)))"
16,35,0.01390642,0.645151,0.630054,25,14,0.714286,0.400000,"((1,2),(3,(4,5)))"
16,36,0.01251578,0.645151,0.630054,25,14,0.694444,0.388889,"((1,2),(3,(4,5)))"
16,37,0.01126420,0.645151,0.630054,25,14,0.675676,0.378378,"((1,2),(3,(4,5)))"
16,38,0.01013778,0.645151,0.630054,25,14,0.657895,0.368421,"((1,2),(3,(4,5)))"
16,39,0.00912400,0.645151,0.630054,25,14,0.641026,0.358974,"((1,2),(3,(4,5)))"
16,40,0.00821160,0.645151,0.630054,25,14,0.625000,0.350000,"((1,2),(3,(4,5)))"
16,41,0.00739044,0.645151,0.630054,25,14,0.609756,0.341463,"((1,2),(3,(4,5)))"
16,42,0.00665140,0.645151,0.630054,25,14,0.595238,0.333333,"((1,2),(3,(4,5)))"
16,43,0.00598626,0.648405,0.630054,26,15,0.604651,0.348837,"((1,2),(3,(4,5)))"
16,44,0.00538763,0.648405,0.630054,26,15,0.590909,0.340909,"((1,2),(3,(4,5)))"
16,45,0.00484887,0.648405,0.630054,26,15,0.577778,0.333333,"((1,2),(3,(4,5)))"
16,46,0.00436398,0.647258,0.630054,27,15,0.586957,0.326087,"((1,2),(3,(4,5)))"
16,47,0.00392758,0.647258,0.630054,27,15,0.574468,0.319149,"((1,2),(3,(4,5)))"
16,48,0.00353483,0.647258,0.630054,27,15,0.562500,0.312500,"((1,2),(3,(4,5)))"
16,49,0.00318134,0.647258,0.630054,27,15,0.551020,0.306122,"((1,2),(3,(4,5)))"
16,50,0.00286321,0.643399,0.630054,28,15,0.560000,0.300000,"((1,2),(3,(4,5)))"
16,51,0.00257689,0.643399,0.630054,28,15,0.549020,0.294118,"((1,2),(3,(4,5)))"
16,52,0.00231920,0.638615,0.630054,29,15,0.557692,0.288462,"((1,2),(3,(4,5)))"
16,53,0.00208728,0.638615,0.630054,29,15,0.547170,0.283019,"((1,2),(3,(4,5)))"
16,54,0.00187855,0.638890,0.630054,30,16,0.555556,0.296296,"((1,2),(3,(4,5)))"
16,55,0.00169070,0.638890,0.630054,30,16,0.545455,0.290909,"((1,2),(3,(4,5)))"
16,56,0.00152163,0.638890,0.630054,30,16,0.535714,0.285714,"((1,2),(3,(4,5)))"
16,57,0.00136946,0.638890,0.630054,30,16,0.526316,0.280702,"((1,2),(3,(4,5)))"
16,58,0.00123252,0.638890,0.630054,30,16,0.517241,0.275862,"((1,2),(3,(4,5)))"
16,59,0.00110927,0.638253,0.630054,31,16,0.525424,0.271186,"((1,2),(3,(4,5)))"
16,60,0.00099834,0.638253,0.630054,31,16,0.516667,0.266667,"((1,2),(3,(4,5)))"
16,61,0.00089851,0.638169,0.630054,32,16,0.524590,0.262295,"((1,2),(3,(4,5)))"
16,62,0.00080865,0.638169,0.630054,32,16,0.516129,0.258065,"((1,2),(3,(4,5)))"
16,63,0.00072779,0.638169,0.630054,32,16,0.507937,0.253968,"((1,2),(3,(4,5)))"
16,64,0.00065501,0.638169,0.630054,32,16,0.500000,0.250000,"((1,2),(3,(4,5)))"
16,65,0.00058951,0.638348,0.630054,33,17,0.507692,0.261538,"((1,2),(3,(4,5)))"
16,66,0.00053056,0.638348,0.630054,33,17,0.500000,0.257576,"((1,2),(3,(4,5)))"
16,67,0.00047750,0.638099,0.630054,34,17,0.507463,0.253731,"((1,2),(3,(4,5)))"
16,68,0.00042975,0.638099,0.630054,34,17,0.500000,0.250000,"((1,2),(3,(4,5)))"
16,69,0.00038678,0.636623,0.630054,35,17,0.507246,0.246377,"((1,2),(3,(4,5)))"
16,70,0.00034810,0.636404,0.630054,36,17,0.514286,0.242857,"((1,2),(3,(4,5)))"
16,71,0.00031329,0.636404,0.630054,36,17,0.507042,0.239437,"((1,2),(3,(4,5)))"
16,72,0.00028196,0.622787,0.622787,37,17,0.513889,0.236111,"((1,2),(3,(4,5)))"
16,73,0.00025376,0.622787,0.622787,37,17,0.506849,0.232877,"((1,2),(3,(4,5)))"
16,74,0.00022839,0.622787,0.622787,37,17,0.500000,0.229730,"((1,2),(3,(4,5)))"
16,75,0.00020555,0.622787,0.622787,37,17,0.493333,0.226667,"((1,2),(3,(4,5)))"
16,76,0.00018499,0.622787,0.622787,37,17,0.486842,0.223684,"((1,2),(3,(4,5)))"
16,77,0.00016649,0.621364,0.621364,38,17,0.493506,0.220779,"((1,2),(3,(4,5)))"
16,78,0.00014985,0.621364,0.621364,38,17,0.487179,0.217949,"((1,2),(3,(4,5)))"
16,79,0.00013486,0.621404,0.621364,39,18,0.493671,0.227848,"((1,2),(3,(4,5)))"
16,80,0.00012137,0.621404,0.621364,39,18,0.487500,0.225000,"((1,2),(3,(4,5)))"
16,81,0.00010924,0.621404,0.621364,39,18,0.481481,0.222222,"((1,2),(3,(4,5)))"
16,82,0.00009831,0.621404,0.621364,39,18,0.475610,0.219512,"((1,2),(3,(4,5)))"
16,83,0.00008848,0.621404,0.621364,39,18,0.469880,0.216867,"((1,2),(3,(4,5)))"
16,84,0.00007963,0.621404,0.621364,39,18,0.464286,0.214286,"((1,2),(3,(4,5)))"
16,85,0.00007167,0.621404,0.621364,39,18,0.458824,0.211765,"((1,2),(3,(4,5)))"
16,86,0.00006450,0.621404,0.621364,39,18,0.453488,0.209302,"((1,2),(3,(4,5)))"
16,87,0.00005805,0.621404,0.621364,39,18,0.448276,0.206897,"((1,2),(3,(4,5)))"
16,88,0.00005225,0.619800,0.619800,40,18,0.454545,0.204545,"((1,2),(3,(4,5)))"
16,89,0.00004702,0.619800,0.619800,40,18,0.449438,0.202247,"((1,2),(3,(4,5)))"
16,90,0.00004232,0.619800,0.619800,40,18,0.444444,0.200000,"((1,2),(3,(4,5)))"
16,91,0.00003809,0.619800,0.619800,40,18,0.439560,0.197802,"((1,2),(3,(4,5)))"
16,92,0.00003428,0.619800,0.619800,40,18,0.434783,0.195652,"((1,2),(3,(4,5)))"
16,93,0.00003085,0.619800,0.619800,40,18,0.430108,0.193548,"((1,2),(3,(4,5)))"
16,94,0.00002777,0.619800,0.619800,40,18,0.425532,0.191489,"((1,2),(3,(4,5)))"
16,95,0.00002499,0.619800,0.619800,40,18,0.421053,0.189474,"((1,2),(3,(4,5)))"
16,96,0.00002249,0.619800,0.619800,40,18,0.416667,0.187500,"((1,2),(3,(4,5)))"
16,97,0.00002024,0.619688,0.619688,41,18,0.422680,0.185567,"((1,2),(3,(4,5)))"
16,98,0.00001822,0.619649,0.619649,42,18,0.428571,0.183673,"((1,2),(3,(4,5)))"
16,99,0.00001640,0.619649,0.619649,42,18,0.424242,0.181818,"((1,2),(3,(4,5)))"
16,100,0.00001476,0.619649,0.619649,42,18,0.420000,0.180000,"((1,2),(3,(4,5)))"
16,101,0.00001328,0.619649,0.619649,42,18,0.415842,0.178218,"((1,2),(3,(4,5)))"
16,102,0.00001195,0.619649,0.619649,42,18,0.411765,0.176471,"((1,2),(3,(4,5)))"
16,103,0.00001076,0.619649,0.619649,42,18,0.407767,0.174757,"((1,2),(3,(4,5)))"
16,104,0.00000968,0.619649,0.619649,42,18,0.403846,0.173077,"((1,2),(3,(4,5)))"
16,105,0.00000871,0.619649,0.619649,42,18,0.400000,0.171429,"((1,2),(3,(4,5)))"
16,106,0.00000784,0.619649,0.619649,42,18,0.396226,0.169811,"((1,2),(3,(4,5)))"
16,107,0.00000706,0.619649,0.619649,42,18,0.392523,0.168224,"((1,2),(3,(4,5)))"
16,108,0.00000635,0.619649,0.619649,42,18,0.388889,0.166667,"((1,2),(3,(4,5)))"
16,109,0.00000572,0.619649,0.619649,42,18,0.385321,0.165138,"((1,2),(3,(4,5)))"
16,110,0.00000515,0.619649,0.619649,42,18,0.381818,0.163636,"((1,2),(3,(4,5)))"
16,111,0.00000463,0.619649,0.619649,42,18,0.378378,0.162162,"((1,2),(3,(4,5)))"
16,112,0.00000417,0.619649,0.619649,43,18,0.383929,0.160714,"((1,2),(3,(4,5)))"
16,113,0.00000375,0.619649,0.619649,44,18,0.389381,0.159292,"((1,2),(3,(4,5)))"
16,114,0.00000338,0.619649,0.619649,44,18,0.385965,0.157895,"((1,2),(3,(4,5)))"
16,115,0.00000304,0.619649,0.619649,44,18,0.382609,0.156522,"((1,2),(3,(4,5)))"
16,116,0.00000273,0.619649,0.619649,44,18,0.379310,0.155172,"((1,2),(3,(4,5)))"
16,117,0.00000246,0.619649,0.619649,44,18,0.376068,0.153846,"((1,2),(3,(4,5)))"
16,118,0.00000221,0.619649,0.619649,44,18,0.372881,0.152542,"((1,2),(3,(4,5)))"
16,119,0.00000199,0.619649,0.619649,44,18,0.369748,0.151261,"((1,2),(3,(4,5)))"
16,120,0.00000179,0.618648,0.618648,45,18,0.375000,0.150000,"((1,2),(3,(4,5)))"
16,121,0.00000161,0.618648,0.618648,46,18,0.380165,0.148760,"((1,2),(3,(4,5)))"
16,122,0.00000145,0.618648,0.618648,46,18,0.377049,0.147541,"((1,2),(3,(4,5)))"
16,123,0.00000131,0.618648,0.618648,47,18,0.382114,0.146341,"((1,2),(3,(4,5)))"
16,124,0.00000118,0.618648,0.618648,47,18,0.379032,0.145161,"((1,2),(3,(4,5)))"
16,125,0.00000106,0.618648,0.618648,47,18,0.376000,0.144000,"((1,2),(3,(4,5)))"
16,126,0.00000095,0.618648,0.618648,47,18,0.373016,0.142857,"((1,2),(3,(4,5)))"
16,127,0.00000086,0.618648,0.618648,47,18,0.370079,0.141732,"((1,2),(3,(4,5)))"
16,128,0.00000077,0.618648,0.618648,47,18,0.367188,0.140625,"((1,2),(3,(4,5)))"
16,129,0.00000070,0.618648,0.618648,47,18,0.364341,0.139535,"((1,2),(3,(4,5)))"
16,130,0.00000063,0.618648,0.618648,47,18,0.361538,0.138462,"((1,2),(3,(4,5)))"
16,131,0.00000056,0.618648,0.618648,47,18,0.358779,0.137405,"((1,2),(3,(4,5)))"
16,132,0.00000051,0.618648,0.618648,47,18,0.356061,0.136364,"((1,2),(3,(4,5)))"
16,133,0.00000046,0.618648,0.618648,47,18,0.353383,0.135338,"((1,2),(3,(4,5)))"
16,134,0.00000041,0.618648,0.618648,47,18,0.350746,0.134328,"((1,2),(3,(4,5)))"
16,135,0.00000037,0.618648,0.618648,47,18,0.348148,0.133333,"((1,2),(3,(4,5)))"
16,136,0.00000033,0.618648,0.618648,47,18,0.345588,0.132353,"((1,2),(3,(4,5)))"
16,137,0.00000030,0.618648,0.618648,47,18,0.343066,0.131387,"((1,2),(3,(4,5)))"
16,138,0.00000027,0.618648,0.618648,47,18,0.340580,0.130435,"((1,2),(3,(4,5)))"
16,139,0.00000024,0.618648,0.618648,47,18,0.338129,0.129496,"((1,2),(3,(4,5)))"
16,140,0.00000022,0.618648,0.618648,48,18,0.342857,0.128571,"((1,2),(3,(4,5)))"
16,141,0.00000020,0.618648,0.618648,48,18,0.340426,0.127660,"((1,2),(3,(4,5)))"
16,142,0.00000018,0.618648,0.618648,48,18,0.338028,0.126761,"((1,2),(3,(4,5)))"
16,143,0.00000016,0.618648,0.618648,49,18,0.342657,0.125874,"((1,2),(3,(4,5)))"
16,144,0.00000014,0.618648,0.618648,49,18,0.340278,0.125000,"((1,2),(3,(4,5)))"
16,145,0.00000013,0.618648,0.618648,49,18,0.337931,0.124138,"((1,2),(3,(4,5)))"
16,146,0.00000012,0.618648,0.618648,49,18,0.335616,0.123288,"((1,2),(3,(4,5)))"
16,147,0.00000010,0.618578,0.618578,50,18,0.340136,0.122449,"((1,2),(3,(4,5)))"
16,148,0.00000009,0.618578,0.618578,50,18,0.337838,0.121622,"((1,2),(3,(4,5)))"
16,149,0.00000008,0.618578,0.618578,50,18,0.335570,0.120805,"((1,2),(3,(4,5)))"
16,150,0.00000008,0.618578,0.618578,51,18,0.340000,0.120000,"((1,2),(3,(4,5)))"
17,0,0.50000000,0.680770,0.680770,0,0,0.000000,0.000000,"((1,2),((3,4),5))"
17,1,0.50000000,0.810837,0.680770,1,1,1.000000,1.000000,"((1,2),((3,4),5))"
17,2,0.45000000,0.784462,0.680770,2,1,1.000000,0.500000,"((1,2),((3,4),5))"
17,3,0.40500000,0.784462,0.680770,2,1,0.666667,0.333333,"((1,2),((3,4),5))"
17,4,0.36450000,0.682461,0.680770,3,1,0.750000,0.250000,"((1,2),((3,4),5))"
17,5,0.32805000,0.685098,0.680770,4,2,0.800000,0.400000,"((1,2),((3,4),5))"
17,6,0.29524500,0.685098,0.680770,4,2,0.666667,0.333333,"((1,2),((3,4),5))"
17,7,0.26572050,0.685098,0.680770,4,2,0.571429,0.285714,"((1,2),((3,4),5))"
17,8,0.23914845,0.672537,0.672537,5,2,0.625000,0.250000,"((1,2),((3,4),5))"
17,9,0.21523361,0.762677,0.672537,6,3,0.666667,0.333333,"((1,2),((3,4),5))"
17,10,0.19371024,0.761916,0.672537,7,3,0.700000,0.300000,"((1,2),((3,4),5))"
17,11,0.17433922,0.761916,0.672537,7,3,0.636364,0.272727,"((1,2),((3,4),5))"
17,12,0.15690530,0.761200,0.672537,8,3,0.666667,0.250000,"((1,2),((3,4),5))"
17,13,0.14121477,0.761200,0.672537,8,3,0.615385,0.230769,"((1,2),((3,4),5))"
17,14,0.12709329,0.687112,0.672537,9,3,0.642857,0.214286,"((1,2),((3,4),5))"
17,15,0.11438396,0.686146,0.672537,10,3,0.666667,0.200000,"((1,2),((3,4),5))"
17,16,0.10294557,0.691355,0.672537,11,4,0.687500,0.250000,"((1,2),((3,4),5))"
17,17,0.09265101,0.835814,0.672537,12,5,0.705882,0.294118,"((1,2),((3,4),5))"
17,18,0.08338591,0.844530,0.672537,13,6,0.722222,0.333333,"((1,2),((3,4),5))"
17,19,0.07504732,0.798346,0.672537,14,6,0.736842,0.315789,"((1,2),((3,4),5))"
17,20,0.06754259,0.812241,0.672537,15,7,0.750000,0.350000,"((1,2),((3,4),5))"
17,21,0.06078833,0.738464,0.672537,16,7,0.761905,0.333333,"((1,2),((3,4),5))"
17,22,0.05470949,0.738464,0.672537,16,7,0.727273,0.318182,"((1,2),((3,4),5))"
17,23,0.04923855,0.731391,0.672537,17,7,0.739130,0.304348,"((1,2),((3,4),5))"
17,24,0.04431469,0.738545,0.672537,18,8,0.750000,0.333333,"((1,2),((3,4),5))"
17,25,0.03988322,0.738545,0.672537,18,8,0.720000,0.320000,"((1,2),((3,4),5))"
17,26,0.03589490,0.710413,0.672537,19,8,0.730769,0.307692,"((1,2),((3,4),5))"
17,27,0.03230541,0.709392,0.672537,20,8,0.740741,0.296296,"((1,2),((3,4),5))"
17,28,0.02907487,0.709392,0.672537,20,8,0.714286,0.285714,"((1,2),((3,4),5))"
17,29,0.02616738,0.714657,0.672537,21,9,0.724138,0.310345,"((1,2),((3,4),5))"
17,30,0.02355064,0.698087,0.672537,22,9,0.733333,0.300000,"((1,2),((3,4),5))"
17,31,0.02119558,0.692953,0.672537,23,9,0.741935,0.290323,"((1,2),((3,4),5))"
17,32,0.01907602,0.692953,0.672537,23,9,0.718750,0.281250,"((1,2),((3,4),5))"
17,33,0.01716842,0.692953,0.672537,23,9,0.696970,0.272727,"((1,2),((3,4),5))"
17,34,0.01545158,0.658704,0.658704,24,9,0.705882,0.264706,"((1,2),(3,(4,5)))"
17,35,0.01390642,0.661201,0.658704,25,10,0.714286,0.285714,"((1,2),(3,(4,5)))"
17,36,0.01251578,0.662214,0.658704,26,11,0.722222,0.305556,"((1,2),(3,(4,5)))"
17,37,0.01126420,0.663062,0.658704,27,12,0.729730,0.324324,"((1,2),(3,(4,5)))"
17,38,0.01013778,0.662969,0.658704,28,12,0.736842,0.315789,"((1,2),(3,(4,5)))"
17,39,0.00912400,0.677922,0.658704,29,13,0.743590,0.333333,"((1,2),(3,(4,5)))"
17,40,0.00821160,0.677503,0.658704,30,13,0.750000,0.325000,"((1,2),(3,(4,5)))"
17,41,0.00739044,0.677292,0.658704,31,13,0.756098,0.317073,"((1,2),(3,(4,5)))"
17,42,0.00665140,0.677912,0.658704,32,14,0.761905,0.333333,"((1,2),(3,(4,5)))"
17,43,0.00598626,0.672982,0.658704,33,14,0.767442,0.325581,"((1,2),(3,(4,5)))"
17,44,0.00538763,0.672028,0.658704,34,14,0.772727,0.318182,"((1,2),(3,(4,5)))"
17,45,0.00484887,0.672028,0.658704,34,14,0.755556,0.311111,"((1,2),(3,(4,5)))"
17,46,0.00436398,0.661080,0.658704,35,14,0.760870,0.304348,"((1,2),(3,(4,5)))"
17,47,0.00392758,0.645434,0.645434,36,14,0.765957,0.297872,"((1,2),(3,(4,5)))"
17,48,0.00353483,0.645434,0.645434,36,14,0.750000,0.291667,"((1,2),(3,(4,5)))"
17,49,0.00318134,0.645434,0.645434,37,14,0.755102,0.285714,"((1,2),(3,(4,5)))"
17,50,0.00286321,0.645434,0.645434,37,14,0.740000,0.280000,"((1,2),(3,(4,5)))"
17,51,0.00257689,0.645434,0.645434,38,14,0.745098,0.274510,"((1,2),(3,(4,5)))"
17,52,0.00231920,0.645434,0.645434,38,14,0.730769,0.269231,"((1,2),(3,(4,5)))"
17,53,0.00208728,0.645434,0.645434,38,14,0.716981,0.264151,"((1,2),(3,(4,5)))"
17,54,0.00187855,0.645434,0.645434,38,14,0.703704,0.259259,"((1,2),(3,(4,5)))"
17,55,0.00169070,0.646135,0.645434,39,15,0.709091,0.272727,"((1,2),(3,(4,5)))"
17,56,0.00152163,0.646135,0.645434,39,15,0.696429,0.267857,"((1,2),(3,(4,5)))"
17,57,0.00136946,0.647580,0.645434,40,16,0.701754,0.280702,"((1,2),(3,(4,5)))"
17,58,0.00123252,0.647580,0.645434,40,16,0.689655,0.275862,"((1,2),(3,(4,5)))"
17,59,0.00110927,0.647580,0.645434,40,16,0.677966,0.271186,"((1,2),(3,(4,5)))"
17,60,0.00099834,0.647580,0.645434,40,16,0.666667,0.266667,"((1,2),(3,(4,5)))"
17,61,0.00089851,0.647580,0.645434,40,16,0.655738,0.262295,"((1,2),(3,(4,5)))"
17,62,0.00080865,0.647580,0.645434,40,16,0.645161,0.258065,"((1,2),(3,(4,5)))"
17,63,0.00072779,0.647580,0.645434,40,16,0.634921,0.253968,"((1,2),(3,(4,5)))"
17,64,0.00065501,0.647580,0.645434,41,16,0.640625,0.250000,"((1,2),(3,(4,5)))"
17,65,0.00058951,0.647580,0.645434,41,16,0.630769,0.246154,"((1,2),(3,(4,5)))"
17,66,0.00053056,0.647580,0.645434,41,16,0.621212,0.242424,"((1,2),(3,(4,5)))"
17,67,0.00047750,0.647471,0.645434,42,16,0.626866,0.238806,"((1,2),(3,(4,5)))"
17,68,0.00042975,0.647223,0.645434,43,16,0.632353,0.235294,"((1,2),(3,(4,5)))"
17,69,0.00038678,0.647223,0.645434,43,16,0.623188,0.231884,"((1,2),(3,(4,5)))"
17,70,0.00034810,0.647223,0.645434,43,16,0.614286,0.228571,"((1,2),(3,(4,5)))"
17,71,0.00031329,0.647223,0.645434,43,16,0.605634,0.225352,"((1,2),(3,(4,5)))"
17,72,0.00028196,0.647223,0.645434,43,16,0.597222,0.222222,"((1,2),(3,(4,5)))"
17,73,0.00025376,0.647223,0.645434,43,16,0.589041,0.219178,"((1,2),(3,(4,5)))"
17,74,0.00022839,0.647223,0.645434,43,16,0.581081,0.216216,"((1,2),(3,(4,5)))"
17,75,0.00020555,0.647223,0.645434,43,16,0.573333,0.213333,"((1,2),(3,(4,5)))"
17,76,0.00018499,0.647223,0.645434,43,16,0.565789,0.210526,"((1,2),(3,(4,5)))"
17,77,0.00016649,0.647254,0.645434,44,17,0.571429,0.220779,"((1,2),(3,(4,5)))"
17,78,0.00014985,0.647254,0.645434,44,17,0.564103,0.217949,"((1,2),(3,(4,5)))"
17,79,0.00013486,0.647254,0.645434,44,17,0.556962,0.215190,"((1,2),(3,(4,5)))"
17,80,0.00012137,0.646374,0.645434,45,17,0.562500,0.212500,"((1,2),(3,(4,5)))"
17,81,0.00010924,0.646374,0.645434,46,17,0.567901,0.209877,"((1,2),(3,(4,5)))"
17,82,0.00009831,0.644405,0.644405,47,17,0.573171,0.207317,"((1,2),(3,(4,5)))"
17,83,0.00008848,0.644405,0.644405,48,17,0.578313,0.204819,"((1,2),(3,(4,5)))"
17,84,0.00007963,0.644417,0.644405,49,18,0.583333,0.214286,"((1,2),(3,(4,5)))"
17,85,0.00007167,0.644417,0.644405,49,18,0.576471,0.211765,"((1,2),(3,(4,5)))"
17,86,0.00006450,0.644417,0.644405,49,18,0.569767,0.209302,"((1,2),(3,(4,5)))"
17,87,0.00005805,0.644417,0.644405,49,18,0.563218,0.206897,"((1,2),(3,(4,5)))"
17,88,0.00005225,0.644417,0.644405,49,18,0.556818,0.204545,"((1,2),(3,(4,5)))"
17,89,0.00004702,0.644417,0.644405,49,18,0.550562,0.202247,"((1,2),(3,(4,5)))"
17,90,0.00004232,0.644417,0.644405,49,18,0.544444,0.200000,"((1,2),(3,(4,5)))"
17,91,0.00003809,0.643680,0.643680,50,18,0.549451,0.197802,"((1,2),(3,(4,5)))"
17,92,0.00003428,0.643504,0.643504,51,18,0.554348,0.195652,"((1,2),(3,(4,5)))"
17,93,0.00003085,0.643504,0.643504,51,18,0.548387,0.193548,"((1,2),(3,(4,5)))"
17,94,0.00002777,0.643504,0.643504,51,18,0.542553,0.191489,"((1,2),(3,(4,5)))"
17,95,0.00002499,0.643504,0.643504,51,18,0.536842,0.189474,"((1,2),(3,(4,5)))"
17,96,0.00002249,0.643504,0.643504,51,18,0.531250,0.187500,"((1,2),(3,(4,5)))"
17,97,0.00002024,0.643140,0.643140,52,18,0.536082,0.185567,"((1,2),(3,(4,5)))"
17,98,0.00001822,0.642929,0.642929,53,18,0.540816,0.183673,"((1,2),(3,(4,5)))"
17,99,0.00001640,0.642929,0.642929,53,18,0.535354,0.181818,"((1,2),(3,(4,5)))"
17,100,0.00001476,0.641771,0.641771,54,18,0.540000,0.180000,"((1,2),(3,(4,5)))"
17,101,0.00001328,0.641771,0.641771,54,18,0.534653,0.178218,"((1,2),(3,(4,5)))"
17,102,0.00001195,0.641771,0.641771,54,18,0.529412,0.176471,"((1,2),(3,(4,5)))"
17,103,0.00001076,0.641771,0.641771,54,18,0.524272,0.174757,"((1,2),(3,(4,5)))"
17,104,0.00000968,0.641677,0.641677,55,18,0.528846,0.173077,"((1,2),(3,(4,5)))"
17,105,0.00000871,0.641677,0.641677,55,18,0.523810,0.171429,"((1,2),(3,(4,5)))"
17,106,0.00000784,0.641404,0.641404,56,18,0.528302,0.169811,"((1,2),(3,(4,5)))"
17,107,0.00000706,0.641404,0.641404,56,18,0.523364,0.168224,"((1,2),(3,(4,5)))"
17,108,0.00000635,0.641132,0.641132,57,18,0.527778,0.166667,"((1,2),(3,(4,5)))"
17,109,0.00000572,0.641132,0.641132,57,18,0.522936,0.165138,"((1,2),(3,(4,5)))"
17,110,0.00000515,0.641132,0.641132,58,18,0.527273,0.163636,"((1,2),(3,(4,5)))"
17,111,0.00000463,0.641132,0.641132,58,18,0.522523,0.162162,"((1,2),(3,(4,5)))"
17,112,0.00000417,0.641132,0.641132,58,18,0.517857,0.160714,"((1,2),(3,(4,5)))"
17,113,0.00000375,0.640496,0.640496,59,18,0.522124,0.159292,"((1,2),(3,(4,5)))"
17,114,0.00000338,0.640496,0.640496,59,18,0.517544,0.157895,"((1,2),(3,(4,5)))"
17,115,0.00000304,0.640496,0.640496,59,18,0.513043,0.156522,"((1,2),(3,(4,5)))"
17,116,0.00000273,0.640496,0.640496,59,18,0.508621,0.155172,"((1,2),(3,(4,5)))"
17,117,0.00000246,0.640496,0.640496,59,18,0.504274,0.153846,"((1,2),(3,(4,5)))"
17,118,0.00000221,0.639383,0.639383,60,18,0.508475,0.152542,"((1,2),(3,(4,5)))"
17,119,0.00000199,0.639383,0.639383,60,18,0.504202,0.151261,"((1,2),(3,(4,5)))"
17,120,0.00000179,0.639383,0.639383,60,18,0.500000,0.150000,"((1,2),(3,(4,5)))"
17,121,0.00000161,0.639383,0.639383,60,18,0.495868,0.148760,"((1,2),(3,(4,5)))"
17,122,0.00000145,0.639383,0.639383,60,18,0.491803,0.147541,"((1,2),(3,(4,5)))"
17,123,0.00000131,0.639383,0.639383,60,18,0.487805,0.146341,"((1,2),(3,(4,5)))"
17,124,0.00000118,0.639383,0.639383,60,18,0.483871,0.145161,"((1,2),(3,(4,5)))"
17,125,0.00000106,0.639383,0.639383,60,18,0.480000,0.144000,"((1,2),(3,(4,5)))"
17,126,0.00000095,0.639369,0.639369,61,18,0.484127,0.142857,"((1,2),(3,(4,5)))"
17,127,0.00000086,0.639369,0.639369,61,18,0.480315,0.141732,"((1,2),(3,(4,5)))"
17,128,0.00000077,0.639369,0.639369,61,18,0.476562,0.140625,"((1,2),(3,(4,5)))"
17,129,0.00000070,0.639369,0.639369,61,18,0.472868,0.139535,"((1,2),(3,(4,5)))"
17,130,0.00000063,0.639369,0.639369,61,18,0.469231,0.138462,"((1,2),(3,(4,5)))"
17,131,0.00000056,0.639369,0.639369,61,18,0.465649,0.137405,"((1,2),(3,(4,5)))"
17,132,0.00000051,0.639369,0.639369,61,18,0.462121,0.136364,"((1,2),(3,(4,5)))"
17,133,0.00000046,0.639369,0.639369,61,18,0.458647,0.135338,"((1,2),(3,(4,5)))"
17,134,0.00000041,0.639369,0.639369,61,18,0.455224,0.134328,"((1,2),(3,(4,5)))"
17,135,0.00000037,0.638860,0.638860,62,18,0.459259,0.133333,"((1,2),(3,(4,5)))"
17,136,0.00000033,0.638860,0.638860,62,18,0.455882,0.132353,"((1,2),(3,(4,5)))"
17,137,0.00000030,0.638860,0.638860,62,18,0.452555,0.131387,"((1,2),(3,(4,5)))"
17,138,0.00000027,0.638860,0.638860,62,18,0.449275,0.130435,"((1,2),(3,(4,5)))"
17,139,0.00000024,0.638860,0.638860,62,18,0.446043,0.129496,"((1,2),(3,(4,5)))"
17,140,0.00000022,0.638860,0.638860,62,18,0.442857,0.128571,"((1,2),(3,(4,5)))"
17,141,0.00000020,0.638860,0.638860,62,18,0.439716,0.127660,"((1,2),(3,(4,5)))"
17,142,0.00000018,0.638860,0.638860,62,18,0.436620,0.126761,"((1,2),(3,(4,5)))"
17,143,0.00000016,0.638860,0.638860,62,18,0.433566,0.125874,"((1,2),(3,(4,5)))"
17,144,0.00000014,0.638716,0.638716,63,18,0.437500,0.125000,"((1,2),(3,(4,5)))"
17,145,0.00000013,0.638716,0.638716,63,18,0.434483,0.124138,"((1,2),(3,(4,5)))"
17,146,0.00000012,0.638716,0.638716,63,18,0.431507,0.123288,"((1,2),(3,(4,5)))"
17,147,0.00000010,0.638716,0.638716,63,18,0.428571,0.122449,"((1,2),(3,(4,5)))"
17,148,0.00000009,0.638716,0.638716,63,18,0.425676,0.121622,"((1,2),(3,(4,5)))"
17,149,0.00000008,0.638716,0.638716,63,18,0.422819,0.120805,"((1,2),(3,(4,5)))"
17,150,0.00000008,0.638550,0.638550,64,18,0.426667,0.120000,"((1,2),(3,(4,5)))"
18,0,0.50000000,0.782070,0.782070,0,0,0.000000,0.000000,"(1,((2,(3,4)),5))"
18,1,0.50000000,0.802714,0.782070,1,1,1.000000,1.000000,"(1,((2,(3,4)),5))"
18,2,0.45000000,0.802714,0.782070,1,1,0.500000,0.500000,"(1,((2,(3,4)),5))"
18,3,0.40500000,0.802714,0.782070,1,1,0.333333,0.333333,"(1,((2,(3,4)),5))"
18,4,0.36450000,0.802714,0.782070,1,1,0.250000,0.250000,"(1,((2,(3,4)),5))"
18,5,0.32805000,0.735501,0.735501,2,1,0.400000,0.200000,"(1,(2,((3,4),5)))"
18,6,0.29524500,0.730660,0.730660,3,1,0.500000,0.166667,"(1,(2,((3,4),5)))"
18,7,0.26572050,0.730981,0.730660,4,2,0.571429,0.285714,"(1,(2,((3,4),5)))"
18,8,0.23914845,0.737698,0.730660,5,3,0.625000,0.375000,"(1,(2,((3,4),5)))"
18,9,0.21523361,0.641633,0.641633,6,3,0.666667,0.333333,"((1,2),((3,4),5))"
18,10,0.19371024,0.643293,0.641633,7,4,0.700000,0.400000,"((1,2),((3,4),5))"
18,11,0.17433922,0.642846,0.641633,8,4,0.727273,0.363636,"((1,2),((3,4),5))"
18,12,0.15690530,0.641977,0.641633,9,4,0.750000,0.333333,"((1,2),((3,4),5))"
18,13,0.14121477,0.641907,0.641633,10,4,0.769231,0.307692,"((1,2),((3,4),5))"
18,14,0.12709329,0.623765,0.623765,11,4,0.785714,0.285714,"((1,2),((3,4),5))"
18,15,0.11438396,0.623765,0.623765,11,4,0.733333,0.266667,"((1,2),((3,4),5))"
18,16,0.10294557,0.666112,0.623765,12,5,0.750000,0.312500,"((1,2),((3,4),5))"
18,17,0.09265101,0.666112,0.623765,12,5,0.705882,0.294118,"((1,2),((3,4),5))"
18,18,0.08338591,0.666102,0.623765,13,5,0.722222,0.277778,"((1,2),((3,4),5))"
18,19,0.07504732,0.660413,0.623765,14,5,0.736842,0.263158,"((1,2),((3,4),5))"
18,20,0.06754259,0.653425,0.623765,15,5,0.750000,0.250000,"((1,2),((3,4),5))"
18,21,0.06078833,0.709805,0.623765,16,6,0.761905,0.285714,"((1,2),((3,4),5))"
18,22,0.05470949,0.690730,0.623765,17,6,0.772727,0.272727,"((1,2),((3,4),5))"
18,23,0.04923855,0.690730,0.623765,17,6,0.739130,0.260870,"((1,2),((3,4),5))"
18,24,0.04431469,0.690730,0.623765,18,6,0.750000,0.250000,"((1,2),((3,4),5))"
18,25,0.03988322,0.631300,0.623765,19,6,0.760000,0.240000,"((1,2),((3,4),5))"
18,26,0.03589490,0.632920,0.623765,20,7,0.769231,0.269231,"((1,2),((3,4),5))"
18,27,0.03230541,0.623890,0.623765,21,7,0.777778,0.259259,"((1,2),((3,4),5))"
18,28,0.02907487,0.623890,0.623765,21,7,0.750000,0.250000,"((1,2),((3,4),5))"
18,29,0.02616738,0.623882,0.623765,22,7,0.758621,0.241379,"((1,2),((3,4),5))"
18,30,0.02355064,0.623882,0.623765,22,7,0.733333,0.233333,"((1,2),((3,4),5))"
18,31,0.02119558,0.623882,0.623765,22,7,0.709677,0.225806,"((1,2),((3,4),5))"
18,32,0.01907602,0.623653,0.623653,23,7,0.718750,0.218750,"((1,2),(3,(4,5)))"
18,33,0.01716842,0.623702,0.623653,24,8,0.727273,0.242424,"((1,2),(3,(4,5)))"
18,34,0.01545158,0.623712,0.623653,25,9,0.735294,0.264706,"((1,2),(3,(4,5)))"
18,35,0.01390642,0.623712,0.623653,25,9,0.714286,0.257143,"((1,2),(3,(4,5)))"
18,36,0.01251578,0.623980,0.623653,26,10,0.722222,0.277778,"((1,2),(3,(4,5)))"
18,37,0.01126420,0.623929,0.623653,27,10,0.729730,0.270270,"((1,2),(3,(4,5)))"
18,38,0.01013778,0.632897,0.623653,28,11,0.736842,0.289474,"((1,2),(3,(4,5)))"
18,39,0.00912400,0.633949,0.623653,29,12,0.743590,0.307692,"((1,2),(3,(4,5)))"
18,40,0.00821160,0.633949,0.623653,29,12,0.725000,0.300000,"((1,2),(3,(4,5)))"
18,41,0.00739044,0.633869,0.623653,30,12,0.731707,0.292683,"((1,2),(3,(4,5)))"
18,42,0.00665140,0.634745,0.623653,31,13,0.738095,0.309524,"((1,2),(3,(4,5)))"
18,43,0.00598626,0.634745,0.623653,31,13,0.720930,0.302326,"((1,2),(3,(4,5)))"
18,44,0.00538763,0.634745,0.623653,31,13,0.704545,0.295455,"((1,2),(3,(4,5)))"
18,45,0.00484887,0.634745,0.623653,31,13,0.688889,0.288889,"((1,2),(3,(4,5)))"
18,46,0.00436398,0.633338,0.623653,32,13,0.695652,0.282609,"((1,2),(3,(4,5)))"
18,47,0.00392758,0.633108,0.623653,33,13,0.702128,0.276596,"((1,2),(3,(4,5)))"
18,48,0.00353483,0.633108,0.623653,33,13,0.687500,0.270833,"((1,2),(3,(4,5)))"
18,49,0.00318134,0.632278,0.623653,34,13,0.693878,0.265306,"((1,2),(3,(4,5)))"
18,50,0.00286321,0.632277,0.623653,35,13,0.700000,0.260000,"((1,2),(3,(4,5)))"
18,51,0.00257689,0.631050,0.623653,36,13,0.705882,0.254902,"((1,2),(3,(4,5)))"
18,52,0.00231920,0.631050,0.623653,36,13,0.692308,0.250000,"((1,2),(3,(4,5)))"
18,53,0.00208728,0.632288,0.623653,37,14,0.698113,0.264151,"((1,2),(3,(4,5)))"
18,54,0.00187855,0.632572,0.623653,38,15,0.703704,0.277778,"((1,2),(3,(4,5)))"
18,55,0.00169070,0.632572,0.623653,38,15,0.690909,0.272727,"((1,2),(3,(4,5)))"
18,56,0.00152163,0.632533,0.623653,39,15,0.696429,0.267857,"((1,2),(3,(4,5)))"
18,57,0.00136946,0.631840,0.623653,40,15,0.701754,0.263158,"((1,2),(3,(4,5)))"
18,58,0.00123252,0.631840,0.623653,40,15,0.689655,0.258621,"((1,2),(3,(4,5)))"
18,59,0.00110927,0.631561,0.623653,41,15,0.694915,0.254237,"((1,2),(3,(4,5)))"
18,60,0.00099834,0.629287,0.623653,42,15,0.700000,0.250000,"((1,2),(3,(4,5)))"
18,61,0.00089851,0.629106,0.623653,43,15,0.704918,0.245902,"((1,2),(3,(4,5)))"
18,62,0.00080865,0.629106,0.623653,43,15,0.693548,0.241935,"((1,2),(3,(4,5)))"
18,63,0.00072779,0.629043,0.623653,44,15,0.698413,0.238095,"((1,2),(3,(4,5)))"
18,64,0.00065501,0.628538,0.623653,45,15,0.703125,0.234375,"((1,2),(3,(4,5)))"
18,65,0.00058951,0.628538,0.623653,45,15,0.692308,0.230769,"((1,2),(3,(4,5)))"
18,66,0.00053056,0.628538,0.623653,45,15,0.681818,0.227273,"((1,2),(3,(4,5)))"
18,67,0.00047750,0.628538,0.623653,45,15,0.671642,0.223881,"((1,2),(3,(4,5)))"
18,68,0.00042975,0.630179,0.623653,46,16,0.676471,0.235294,"((1,2),(3,(4,5)))"
18,69,0.00038678,0.630179,0.623653,46,16,0.666667,0.231884,"((1,2),(3,(4,5)))"
18,70,0.00034810,0.624182,0.623653,47,16,0.671429,0.228571,"((1,2),(3,(4,5)))"
18,71,0.00031329,0.621536,0.621536,48,16,0.676056,0.225352,"((1,2),(3,(4,5)))"
18,72,0.00028196,0.621536,0.621536,48,16,0.666667,0.222222,"((1,2),(3,(4,5)))"
18,73,0.00025376,0.620850,0.620850,49,16,0.671233,0.219178,"((1,2),(3,(4,5)))"
18,74,0.00022839,0.620850,0.620850,49,16,0.662162,0.216216,"((1,2),(3,(4,5)))"
18,75,0.00020555,0.620850,0.620850,49,16,0.653333,0.213333,"((1,2),(3,(4,5)))"
18,76,0.00018499,0.620850,0.620850,49,16,0.644737,0.210526,"((1,2),(3,(4,5)))"
18,77,0.00016649,0.620850,0.620850,49,16,0.636364,0.207792,"((1,2),(3,(4,5)))"
18,78,0.00014985,0.620850,0.620850,49,16,0.628205,0.205128,"((1,2),(3,(4,5)))"
18,79,0.00013486,0.620850,0.620850,49,16,0.620253,0.202532,"((1,2),(3,(4,5)))"
18,80,0.00012137,0.620850,0.620850,49,16,0.612500,0.200000,"((1,2),(3,(4,5)))"
18,81,0.00010924,0.620850,0.620850,49,16,0.604938,0.197531,"((1,2),(3,(4,5)))"
18,82,0.00009831,0.620850,0.620850,49,16,0.597561,0.195122,"((1,2),(3,(4,5)))"
18,83,0.00008848,0.620850,0.620850,49,16,0.590361,0.192771,"((1,2),(3,(4,5)))"
18,84,0.00007963,0.620850,0.620850,49,16,0.583333,0.190476,"((1,2),(3,(4,5)))"
18,85,0.00007167,0.620850,0.620850,49,16,0.576471,0.188235,"((1,2),(3,(4,5)))"
18,86,0.00006450,0.620850,0.620850,49,16,0.569767,0.186047,"((1,2),(3,(4,5)))"
18,87,0.00005805,0.620850,0.620850,49,16,0.563218,0.183908,"((1,2),(3,(4,5)))"
18,88,0.00005225,0.620829,0.620829,50,16,0.568182,0.181818,"((1,2),(3,(4,5)))"
18,89,0.00004702,0.620829,0.620829,50,16,0.561798,0.179775,"((1,2),(3,(4,5)))"
18,90,0.00004232,0.620829,0.620829,50,16,0.555556,0.177778,"((1,2),(3,(4,5)))"
18,91,0.00003809,0.620829,0.620829,50,16,0.549451,0.175824,"((1,2),(3,(4,5)))"
18,92,0.00003428,0.620829,0.620829,50,16,0.543478,0.173913,"((1,2),(3,(4,5)))"
18,93,0.00003085,0.620829,0.620829,50,16,0.537634,0.172043,"((1,2),(3,(4,5)))"
18,94,0.00002777,0.620829,0.620829,50,16,0.531915,0.170213,"((1,2),(3,(4,5)))"
18,95,0.00002499,0.620829,0.620829,50,16,0.526316,0.168421,"((1,2),(3,(4,5)))"
18,96,0.00002249,0.620730,0.620730,51,16,0.531250,0.166667,"((1,2),(3,(4,5)))"
18,97,0.00002024,0.620730,0.620730,51,16,0.525773,0.164948,"((1,2),(3,(4,5)))"
18,98,0.00001822,0.620730,0.620730,51,16,0.520408,0.163265,"((1,2),(3,(4,5)))"
18,99,0.00001640,0.620730,0.620730,51,16,0.515152,0.161616,"((1,2),(3,(4,5)))"
18,100,0.00001476,0.620730,0.620730,51,16,0.510000,0.160000,"((1,2),(3,(4,5)))"
18,101,0.00001328,0.620730,0.620730,51,16,0.504950,0.158416,"((1,2),(3,(4,5)))"
18,102,0.00001195,0.620730,0.620730,51,16,0.500000,0.156863,"((1,2),(3,(4,5)))"
18,103,0.00001076,0.620730,0.620730,51,16,0.495146,0.155340,"((1,2),(3,(4,5)))"
18,104,0.00000968,0.620730,0.620730,51,16,0.490385,0.153846,"((1,2),(3,(4,5)))"
18,105,0.00000871,0.620730,0.620730,51,16,0.485714,0.152381,"((1,2),(3,(4,5)))"
18,106,0.00000784,0.620730,0.620730,51,16,0.481132,0.150943,"((1,2),(3,(4,5)))"
18,107,0.00000706,0.620730,0.620730,51,16,0.476636,0.149533,"((1,2),(3,(4,5)))"
18,108,0.00000635,0.620493,0.620493,52,16,0.481481,0.148148,"((1,2),(3,(4,5)))"
18,109,0.00000572,0.620493,0.620493,52,16,0.477064,0.146789,"((1,2),(3,(4,5)))"
18,110,0.00000515,0.620493,0.620493,52,16,0.472727,0.145455,"((1,2),(3,(4,5)))"
18,111,0.00000463,0.620493,0.620493,52,16,0.468468,0.144144,"((1,2),(3,(4,5)))"
18,112,0.00000417,0.620493,0.620493,52,16,0.464286,0.142857,"((1,2),(3,(4,5)))"
18,113,0.00000375,0.620493,0.620493,52,16,0.460177,0.141593,"((1,2),(3,(4,5)))"
18,114,0.00000338,0.620493,0.620493,52,16,0.456140,0.140351,"((1,2),(3,(4,5)))"
18,115,0.00000304,0.620169,0.620169,53,16,0.460870,0.139130,"((1,2),(3,(4,5)))"
18,116,0.00000273,0.620169,0.620169,53,16,0.456897,0.137931,"((1,2),(3,(4,5)))"
18,117,0.00000246,0.620169,0.620169,53,16,0.452991,0.136752,"((1,2),(3,(4,5)))"
18,118,0.00000221,0.620169,0.620169,54,16,0.457627,0.135593,"((1,2),(3,(4,5)))"
18,119,0.00000199,0.620169,0.620169,54,16,0.453782,0.134454,"((1,2),(3,(4,5)))"
18,120,0.00000179,0.620169,0.620169,54,16,0.450000,0.133333,"((1,2),(3,(4,5)))"
18,121,0.00000161,0.620169,0.620169,54,16,0.446281,0.132231,"((1,2),(3,(4,5)))"
18,122,0.00000145,0.620169,0.620169,54,16,0.442623,0.131148,"((1,2),(3,(4,5)))"
18,123,0.00000131,0.619548,0.619548,55,16,0.447154,0.130081,"((1,2),(3,(4,5)))"
18,124,0.00000118,0.619548,0.619548,55,16,0.443548,0.129032,"((1,2),(3,(4,5)))"
18,125,0.00000106,0.619548,0.619548,55,16,0.440000,0.128000,"((1,2),(3,(4,5)))"
18,126,0.00000095,0.619548,0.619548,56,16,0.444444,0.126984,"((1,2),(3,(4,5)))"
18,127,0.00000086,0.619548,0.619548,56,16,0.440945,0.125984,"((1,2),(3,(4,5)))"
18,128,0.00000077,0.619548,0.619548,56,16,0.437500,0.125000,"((1,2),(3,(4,5)))"
18,129,0.00000070,0.619548,0.619548,56,16,0.434109,0.124031,"((1,2),(3,(4,5)))"
18,130,0.00000063,0.619548,0.619548,56,16,0.430769,0.123077,"((1,2),(3,(4,5)))"
18,131,0.00000056,0.619548,0.619548,56,16,0.427481,0.122137,"((1,2),(3,(4,5)))"
18,132,0.00000051,0.619548,0.619548,56,16,0.424242,0.121212,"((1,2),(3,(4,5)))"
18,133,0.00000046,0.619548,0.619548,56,16,0.421053,0.120301,"((1,2),(3,(4,5)))"
18,134,0.00000041,0.619548,0.619548,56,16,0.417910,0.119403,"((1,2),(3,(4,5)))"
18,135,0.00000037,0.619548,0.619548,56,16,0.414815,0.118519,"((1,2),(3,(4,5)))"
18,136,0.00000033,0.619548,0.619548,56,16,0.411765,0.117647,"((1,2),(3,(4,5)))"
18,137,0.00000030,0.619548,0.619548,57,16,0.416058,0.116788,"((1,2),(3,(4,5)))"
18,138,0.00000027,0.619548,0.619548,58,16,0.420290,0.115942,"((1,2),(3,(4,5)))"
18,139,0.00000024,0.619548,0.619548,58,16,0.417266,0.115108,"((1,2),(3,(4,5)))"
18,140,0.00000022,0.619548,0.619548,58,16,0.414286,0.114286,"((1,2),(3,(4,5)))"
18,141,0.00000020,0.619548,0.619548,58,16,0.411348,0.113475,"((1,2),(3,(4,5)))"
18,142,0.00000018,0.619548,0.619548,58,16,0.408451,0.112676,"((1,2),(3,(4,5)))"
18,143,0.00000016,0.619548,0.619548,58,16,0.405594,0.111888,"((1,2),(3,(4,5)))"
18,144,0.00000014,0.619548,0.619548,59,16,0.409722,0.111111,"((1,2),(3,(4,5)))"
18,145,0.00000013,0.619548,0.619548,59,16,0.406897,0.110345,"((1,2),(3,(4,5)))"
18,146,0.00000012,0.619548,0.619548,59,16,0.404110,0.109589,"((1,2),(3,(4,5)))"
18,147,0.00000010,0.619548,0.619548,59,16,0.401361,0.108844,"((1,2),(3,(4,5)))"
18,148,0.00000009,0.619548,0.619548,59,16,0.398649,0.108108,"((1,2),(3,(4,5)))"
18,149,0.00000008,0.619548,0.619548,59,16,0.395973,0.107383,"((1,2),(3,(4,5)))"
18,150,0.00000008,0.619548,0.619548,59,16,0.393333,0.106667,"((1,2),(3,(4,5)))"
19,0,0.50000000,0.661798,0.661798,0,0,0.000000,0.000000,"((1,2),(3,(4,5)))"
19,1,0.50000000,0.662437,0.661798,1,1,1.000000,1.000000,"((1,2),(3,(4,5)))"
19,2,0.45000000,0.696034,0.661798,2,2,1.000000,1.000000,"((1,2),(3,(4,5)))"
19,3,0.40500000,0.696279,0.661798,3,3,1.000000,1.000000,"((1,2),(3,(4,5)))"
19,4,0.36450000,0.704285,0.661798,4,4,1.000000,1.000000,"((1,2),(3,(4,5)))"
19,5,0.32805000,0.704045,0.661798,5,4,1.000000,0.800000,"((1,2),(3,(4,5)))"
19,6,0.29524500,0.677878,0.661798,6,4,1.000000,0.666667,"((1,2),(3,(4,5)))"
19,7,0.26572050,0.751992,0.661798,7,5,1.000000,0.714286,"((1,2),(3,(4,5)))"
19,8,0.23914845,0.785477,0.661798,8,6,1.000000,0.750000,"((1,2),(3,(4,5)))"
19,9,0.21523361,0.789618,0.661798,9,7,1.000000,0.777778,"((1,2),(3,(4,5)))"
19,10,0.19371024,0.768996,0.661798,10,7,1.000000,0.700000,"((1,2),(3,(4,5)))"
19,11,0.17433922,0.768996,0.661798,10,7,0.909091,0.636364,"((1,2),(3,(4,5)))"
19,12,0.15690530,0.775348,0.661798,11,8,0.916667,0.666667,"((1,2),(3,(4,5)))"
19,13,0.14121477,0.709790,0.661798,12,8,0.923077,0.615385,"((1,2),(3,(4,5)))"
19,14,0.12709329,0.709790,0.661798,12,8,0.857143,0.571429,"((1,2),(3,(4,5)))"
19,15,0.11438396,0.744288,0.661798,13,9,0.866667,0.600000,"((1,2),(3,(4,5)))"
19,16,0.10294557,0.745376,0.661798,14,10,0.875000,0.625000,"((1,2),(3,(4,5)))"
19,17,0.09265101,0.750046,0.661798,15,11,0.882353,0.647059,"((1,2),(3,(4,5)))"
19,18,0.08338591,0.710724,0.661798,16,11,0.888889,0.611111,"((1,2),(3,(4,5)))"
19,19,0.07504732,0.710515,0.661798,17,11,0.894737,0.578947,"((1,2),(3,(4,5)))"
19,20,0.06754259,0.708123,0.661798,18,11,0.900000,0.550000,"((1,2),(3,(4,5)))"
19,21,0.06078833,0.705234,0.661798,19,11,0.904762,0.523810,"((1,2),(3,(4,5)))"
19,22,0.05470949,0.692460,0.661798,20,11,0.909091,0.500000,"((1,2),(3,(4,5)))"
19,23,0.04923855,0.692460,0.661798,20,11,0.869565,0.478261,"((1,2),(3,(4,5)))"
19,24,0.04431469,0.692460,0.661798,20,11,0.833333,0.458333,"((1,2),(3,(4,5)))"
19,25,0.03988322,0.692460,0.661798,20,11,0.800000,0.440000,"((1,2),(3,(4,5)))"
19,26,0.03589490,0.689730,0.661798,21,11,0.807692,0.423077,"((1,2),(3,(4,5)))"
19,27,0.03230541,0.675785,0.661798,22,11,0.814815,0.407407,"((1,2),(3,(4,5)))"
19,28,0.02907487,0.675785,0.661798,22,11,0.785714,0.392857,"((1,2),(3,(4,5)))"
19,29,0.02616738,0.675785,0.661798,22,11,0.758621,0.379310,"((1,2),(3,(4,5)))"
19,30,0.02355064,0.675785,0.661798,22,11,0.733333,0.366667,"((1,2),(3,(4,5)))"
19,31,0.02119558,0.650881,0.650881,23,11,0.741935,0.354839,"(1,(2,(3,(4,5))))"
19,32,0.01907602,0.650881,0.650881,23,11,0.718750,0.343750,"(1,(2,(3,(4,5))))"
19,33,0.01716842,0.653116,0.650881,24,12,0.727273,0.363636,"(1,(2,(3,(4,5))))"
19,34,0.01545158,0.653116,0.650881,24,12,0.705882,0.352941,"(1,(2,(3,(4,5))))"
19,35,0.01390642,0.653116,0.650881,24,12,0.685714,0.342857,"(1,(2,(3,(4,5))))"
19,36,0.01251578,0.653116,0.650881,24,12,0.666667,0.333333,"(1,(2,(3,(4,5))))"
19,37,0.01126420,0.655169,0.650881,25,13,0.675676,0.351351,"(1,(2,(3,(4,5))))"
19,38,0.01013778,0.655169,0.650881,25,13,0.657895,0.342105,"(1,(2,(3,(4,5))))"
19,39,0.00912400,0.655169,0.650881,25,13,0.641026,0.333333,"(1,(2,(3,(4,5))))"
19,40,0.00821160,0.655047,0.650881,26,13,0.650000,0.325000,"(1,(2,(3,(4,5))))"
19,41,0.00739044,0.646998,0.646998,27,13,0.658537,0.317073,"(1,(2,(3,(4,5))))"
19,42,0.00665140,0.643444,0.643444,28,13,0.666667,0.309524,"((1,2),(3,(4,5)))"
19,43,0.00598626,0.645098,0.643444,29,14,0.674419,0.325581,"((1,2),(3,(4,5)))"
19,44,0.00538763,0.645098,0.643444,29,14,0.659091,0.318182,"((1,2),(3,(4,5)))"
19,45,0.00484887,0.632465,0.632465,30,14,0.666667,0.311111,"((1,2),(3,(4,5)))"
19,46,0.00436398,0.627653,0.627653,31,14,0.673913,0.304348,"((1,2),(3,(4,5)))"
19,47,0.00392758,0.627887,0.627653,32,15,0.680851,0.319149,"((1,2),(3,(4,5)))"
19,48,0.00353483,0.627607,0.627607,33,15,0.687500,0.312500,"((1,2),(3,(4,5)))"
19,49,0.00318134,0.627607,0.627607,33,15,0.673469,0.306122,"((1,2),(3,(4,5)))"
19,50,0.00286321,0.627607,0.627607,33,15,0.660000,0.300000,"((1,2),(3,(4,5)))"
19,51,0.00257689,0.627607,0.627607,33,15,0.647059,0.294118,"((1,2),(3,(4,5)))"
19,52,0.00231920,0.627607,0.627607,33,15,0.634615,0.288462,"((1,2),(3,(4,5)))"
19,53,0.00208728,0.627607,0.627607,33,15,0.622642,0.283019,"((1,2),(3,(4,5)))"
19,54,0.00187855,0.627607,0.627607,33,15,0.611111,0.277778,"((1,2),(3,(4,5)))"
19,55,0.00169070,0.627607,0.627607,33,15,0.600000,0.272727,"((1,2),(3,(4,5)))"
19,56,0.00152163,0.627607,0.627607,33,15,0.589286,0.267857,"((1,2),(3,(4,5)))"
19,57,0.00136946,0.627607,0.627607,33,15,0.578947,0.263158,"((1,2),(3,(4,5)))"
19,58,0.00123252,0.629105,0.627607,34,16,0.586207,0.275862,"((1,2),(3,(4,5)))"
19,59,0.00110927,0.629105,0.627607,34,16,0.576271,0.271186,"((1,2),(3,(4,5)))"
19,60,0.00099834,0.629105,0.627607,34,16,0.566667,0.266667,"((1,2),(3,(4,5)))"
19,61,0.00089851,0.629105,0.627607,34,16,0.557377,0.262295,"((1,2),(3,(4,5)))"
19,62,0.00080865,0.629105,0.627607,34,16,0.548387,0.258065,"((1,2),(3,(4,5)))"
19,63,0.00072779,0.629105,0.627607,34,16,0.539683,0.253968,"((1,2),(3,(4,5)))"
19,64,0.00065501,0.629105,0.627607,34,16,0.531250,0.250000,"((1,2),(3,(4,5)))"
19,65,0.00058951,0.629105,0.627607,34,16,0.523077,0.246154,"((1,2),(3,(4,5)))"
19,66,0.00053056,0.629105,0.627607,34,16,0.515152,0.242424,"((1,2),(3,(4,5)))"
19,67,0.00047750,0.626931,0.626931,35,16,0.522388,0.238806,"((1,2),(3,(4,5)))"
19,68,0.00042975,0.626931,0.626931,35,16,0.514706,0.235294,"((1,2),(3,(4,5)))"
19,69,0.00038678,0.626931,0.626931,35,16,0.507246,0.231884,"((1,2),(3,(4,5)))"
19,70,0.00034810,0.626931,0.626931,35,16,0.500000,0.228571,"((1,2),(3,(4,5)))"
19,71,0.00031329,0.626931,0.626931,35,16,0.492958,0.225352,"((1,2),(3,(4,5)))"
19,72,0.00028196,0.626931,0.626931,35,16,0.486111,0.222222,"((1,2),(3,(4,5)))"
19,73,0.00025376,0.626931,0.626931,35,16,0.479452,0.219178,"((1,2),(3,(4,5)))"
19,74,0.00022839,0.624985,0.624985,36,16,0.486486,0.216216,"((1,2),(3,(4,5)))"
19,75,0.00020555,0.624985,0.624985,36,16,0.480000,0.213333,"((1,2),(3,(4,5)))"
19,76,0.00018499,0.624985,0.624985,36,16,0.473684,0.210526,"((1,2),(3,(4,5)))"
19,77,0.00016649,0.624985,0.624985,36,16,0.467532,0.207792,"((1,2),(3,(4,5)))"
19,78,0.00014985,0.624985,0.624985,36,16,0.461538,0.205128,"((1,2),(3,(4,5)))"
19,79,0.00013486,0.624985,0.624985,36,16,0.455696,0.202532,"((1,2),(3,(4,5)))"
19,80,0.00012137,0.624985,0.624985,36,16,0.450000,0.200000,"((1,2),(3,(4,5)))"
19,81,0.00010924,0.624985,0.624985,36,16,0.444444,0.197531,"((1,2),(3,(4,5)))"
19,82,0.00009831,0.624985,0.624985,36,16,0.439024,0.195122,"((1,2),(3,(4,5)))"
19,83,0.00008848,0.624985,0.624985,36,16,0.433735,0.192771,"((1,2),(3,(4,5)))"
19,84,0.00007963,0.624985,0.624985,36,16,0.428571,0.190476,"((1,2),(3,(4,5)))"
19,85,0.00007167,0.624985,0.624985,36,16,0.423529,0.188235,"((1,2),(3,(4,5)))"
19,86,0.00006450,0.624616,0.624616,37,16,0.430233,0.186047,"((1,2),(3,(4,5)))"
19,87,0.00005805,0.624616,0.624616,38,16,0.436782,0.183908,"((1,2),(3,(4,5)))"
19,88,0.00005225,0.624616,0.624616,38,16,0.431818,0.181818,"((1,2),(3,(4,5)))"
19,89,0.00004702,0.624616,0.624616,38,16,0.426966,0.179775,"((1,2),(3,(4,5)))"
19,90,0.00004232,0.624616,0.624616,38,16,0.422222,0.177778,"((1,2),(3,(4,5)))"
19,91,0.00003809,0.624616,0.624616,38,16,0.417582,0.175824,"((1,2),(3,(4,5)))"
19,92,0.00003428,0.623957,0.623957,39,16,0.423913,0.173913,"((1,2),(3,(4,5)))"
19,93,0.00003085,0.622955,0.622955,40,16,0.430108,0.172043,"((1,2),(3,(4,5)))"
19,94,0.00002777,0.621754,0.621754,41,16,0.436170,0.170213,"((1,2),(3,(4,5)))"
19,95,0.00002499,0.621782,0.621754,42,17,0.442105,0.178947,"((1,2),(3,(4,5)))"
19,96,0.00002249,0.621782,0.621754,42,17,0.437500,0.177083,"((1,2),(3,(4,5)))"
19,97,0.00002024,0.621782,0.621754,42,17,0.432990,0.175258,"((1,2),(3,(4,5)))"
19,98,0.00001822,0.621782,0.621754,42,17,0.428571,0.173469,"((1,2),(3,(4,5)))"
19,99,0.00001640,0.621782,0.621754,42,17,0.424242,0.171717,"((1,2),(3,(4,5)))"
19,100,0.00001476,0.621782,0.621754,42,17,0.420000,0.170000,"((1,2),(3,(4,5)))"
19,101,0.00001328,0.621782,0.621754,42,17,0.415842,0.168317,"((1,2),(3,(4,5)))"
19,102,0.00001195,0.621327,0.621327,43,17,0.421569,0.166667,"((1,2),(3,(4,5)))"
19,103,0.00001076,0.621327,0.621327,43,17,0.417476,0.165049,"((1,2),(3,(4,5)))"
19,104,0.00000968,0.621245,0.621245,44,17,0.423077,0.163462,"((1,2),(3,(4,5)))"
19,105,0.00000871,0.621245,0.621245,44,17,0.419048,0.161905,"((1,2),(3,(4,5)))"
19,106,0.00000784,0.621162,0.621162,45,17,0.424528,0.160377,"((1,2),(3,(4,5)))"
19,107,0.00000706,0.620525,0.620525,46,17,0.429907,0.158879,"((1,2),(3,(4,5)))"
19,108,0.00000635,0.620525,0.620525,46,17,0.425926,0.157407,"((1,2),(3,(4,5)))"
19,109,0.00000572,0.620525,0.620525,46,17,0.422018,0.155963,"((1,2),(3,(4,5)))"
19,110,0.00000515,0.620525,0.620525,46,17,0.418182,0.154545,"((1,2),(3,(4,5)))"
19,111,0.00000463,0.620459,0.620459,47,17,0.423423,0.153153,"((1,2),(3,(4,5)))"
19,112,0.00000417,0.620459,0.620459,47,17,0.419643,0.151786,"((1,2),(3,(4,5)))"
19,113,0.00000375,0.620459,0.620459,47,17,0.415929,0.150442,"((1,2),(3,(4,5)))"
19,114,0.00000338,0.620459,0.620459,47,17,0.412281,0.149123,"((1,2),(3,(4,5)))"
19,115,0.00000304,0.620459,0.620459,47,17,0.408696,0.147826,"((1,2),(3,(4,5)))"
19,116,0.00000273,0.620459,0.620459,47,17,0.405172,0.146552,"((1,2),(3,(4,5)))"
19,117,0.00000246,0.619794,0.619794,48,17,0.410256,0.145299,"((1,2),(3,(4,5)))"
19,118,0.00000221,0.619794,0.619794,48,17,0.406780,0.144068,"((1,2),(3,(4,5)))"
19,119,0.00000199,0.619794,0.619794,48,17,0.403361,0.142857,"((1,2),(3,(4,5)))"
19,120,0.00000179,0.619794,0.619794,48,17,0.400000,0.141667,"((1,2),(3,(4,5)))"
19,121,0.00000161,0.619794,0.619794,48,17,0.396694,0.140496,"((1,2),(3,(4,5)))"
19,122,0.00000145,0.619794,0.619794,48,17,0.393443,0.139344,"((1,2),(3,(4,5)))"
19,123,0.00000131,0.619794,0.619794,49,17,0.398374,0.138211,"((1,2),(3,(4,5)))"
19,124,0.00000118,0.619794,0.619794,49,17,0.395161,0.137097,"((1,2),(3,(4,5)))"
19,125,0.00000106,0.619794,0.619794,49,17,0.392000,0.136000,"((1,2),(3,(4,5)))"
19,126,0.00000095,0.619794,0.619794,49,17,0.388889,0.134921,"((1,2),(3,(4,5)))"
19,127,0.00000086,0.619794,0.619794,49,17,0.385827,0.133858,"((1,2),(3,(4,5)))"
19,128,0.00000077,0.619794,0.619794,49,17,0.382812,0.132812,"((1,2),(3,(4,5)))"
19,129,0.00000070,0.619794,0.619794,49,17,0.379845,0.131783,"((1,2),(3,(4,5)))"
19,130,0.00000063,0.619794,0.619794,49,17,0.376923,0.130769,"((1,2),(3,(4,5)))"
19,131,0.00000056,0.619794,0.619794,49,17,0.374046,0.129771,"((1,2),(3,(4,5)))"
19,132,0.00000051,0.619794,0.619794,49,17,0.371212,0.128788,"((1,2),(3,(4,5)))"
19,133,0.00000046,0.619794,0.619794,49,17,0.368421,0.127820,"((1,2),(3,(4,5)))"
19,134,0.00000041,0.619794,0.619794,49,17,0.365672,0.126866,"((1,2),(3,(4,5)))"
19,135,0.00000037,0.619794,0.619794,49,17,0.362963,0.125926,"((1,2),(3,(4,5)))"
19,136,0.00000033,0.619794,0.619794,49,17,0.360294,0.125000,"((1,2),(3,(4,5)))"
19,137,0.00000030,0.619794,0.619794,49,17,0.357664,0.124088,"((1,2),(3,(4,5)))"
19,138,0.00000027,0.619794,0.619794,50,17,0.362319,0.123188,"((1,2),(3,(4,5)))"
19,139,0.00000024,0.619794,0.619794,50,17,0.359712,0.122302,"((1,2),(3,(4,5)))"
19,140,0.00000022,0.619794,0.619794,50,17,0.357143,0.121429,"((1,2),(3,(4,5)))"
19,141,0.00000020,0.619728,0.619728,51,17,0.361702,0.120567,"((1,2),(3,(4,5)))"
19,142,0.00000018,0.619728,0.619728,51,17,0.359155,0.119718,"((1,2),(3,(4,5)))"
19,143,0.00000016,0.619728,0.619728,51,17,0.356643,0.118881,"((1,2),(3,(4,5)))"
19,144,0.00000014,0.619728,0.619728,51,17,0.354167,0.118056,"((1,2),(3,(4,5)))"
19,145,0.00000013,0.619728,0.619728,51,17,0.351724,0.117241,"((1,2),(3,(4,5)))"
19,146,0.00000012,0.619728,0.619728,51,17,0.349315,0.116438,"((1,2),(3,(4,5)))"
19,147,0.00000010,0.619728,0.619728,51,17,0.346939,0.115646,"((1,2),(3,(4,5)))"
19,148,0.00000009,0.619728,0.619728,51,17,0.344595,0.114865,"((1,2),(3,(4,5)))"
19,149,0.00000008,0.619728,0.619728,51,17,0.342282,0.114094,"((1,2),(3,(4,5)))"
19,150,0.00000008,0.619728,0.619728,51,17,0.340000,0.113333,"((1,2),(3,(4,5)))"
20,0,0.50000000,0.782070,0.782070,0,0,0.000000,0.000000,"(1,((2,(3,4)),5))"
20,1,0.50000000,0.784623,0.782070,1,1,1.000000,1.000000,"(1,((2,(3,4)),5))"
20,2,0.45000000,0.796505,0.782070,2,2,1.000000,1.000000,"(1,((2,(3,4)),5))"
20,3,0.40500000,0.796505,0.782070,2,2,0.666667,0.666667,"(1,((2,(3,4)),5))"
20,4,0.36450000,0.796505,0.782070,2,2,0.500000,0.500000,"(1,((2,(3,4)),5))"
20,5,0.32805000,0.796505,0.782070,2,2,0.400000,0.400000,"(1,((2,(3,4)),5))"
20,6,0.29524500,0.796505,0.782070,2,2,0.333333,0.333333,"(1,((2,(3,4)),5))"
20,7,0.26572050,0.835813,0.782070,3,3,0.428571,0.428571,"(1,((2,(3,4)),5))"
20,8,0.23914845,0.835813,0.782070,3,3,0.375000,0.375000,"(1,((2,(3,4)),5))"
20,9,0.21523361,0.781542,0.781542,4,3,0.444444,0.333333,"(1,(((2,3),4),5))"
20,10,0.19371024,0.781542,0.781542,4,3,0.400000,0.300000,"(1,(((2,3),4),5))"
20,11,0.17433922,0.731504,0.731504,5,3,0.454545,0.272727,"(1,((2,3),(4,5)))"
20,12,0.15690530,0.716503,0.716503,6,3,0.500000,0.250000,"(1,((2,3),(4,5)))"
20,13,0.14121477,0.722655,0.716503,7,4,0.538462,0.307692,"(1,((2,3),(4,5)))"
20,14,0.12709329,0.730250,0.716503,8,5,0.571429,0.357143,"(1,((2,3),(4,5)))"
20,15,0.11438396,0.729902,0.716503,9,5,0.600000,0.333333,"(1,((2,3),(4,5)))"
20,16,0.10294557,0.738467,0.716503,10,6,0.625000,0.375000,"(1,((2,3),(4,5)))"
20,17,0.09265101,0.740956,0.716503,11,7,0.647059,0.411765,"(1,((2,3),(4,5)))"
20,18,0.08338591,0.738521,0.716503,12,7,0.666667,0.388889,"(1,((2,3),(4,5)))"
20,19,0.07504732,0.754870,0.716503,13,8,0.684211,0.421053,"(1,((2,3),(4,5)))"
20,20,0.06754259,0.754870,0.716503,13,8,0.650000,0.400000,"(1,((2,3),(4,5)))"
20,21,0.06078833,0.769753,0.716503,14,9,0.666667,0.428571,"(1,((2,3),(4,5)))"
20,22,0.05470949,0.769753,0.716503,14,9,0.636364,0.409091,"(1,((2,3),(4,5)))"
20,23,0.04923855,0.772144,0.716503,15,10,0.652174,0.434783,"(1,((2,3),(4,5)))"
20,24,0.04431469,0.769162,0.716503,16,10,0.666667,0.416667,"(1,((2,3),(4,5)))"
20,25,0.03988322,0.764981,0.716503,17,10,0.680000,0.400000,"(1,((2,3),(4,5)))"
20,26,0.03589490,0.764360,0.716503,18,10,0.692308,0.384615,"(1,((2,3),(4,5)))"
20,27,0.03230541,0.763472,0.716503,19,10,0.703704,0.370370,"(1,((2,3),(4,5)))"
20,28,0.02907487,0.763472,0.716503,19,10,0.678571,0.357143,"(1,((2,3),(4,5)))"
20,29,0.02616738,0.767028,0.716503,20,11,0.689655,0.379310,"(1,((2,3),(4,5)))"
20,30,0.02355064,0.743307,0.716503,21,11,0.700000,0.366667,"(1,((2,3),(4,5)))"
20,31,0.02119558,0.743307,0.716503,21,11,0.677419,0.354839,"(1,((2,3),(4,5)))"
20,32,0.01907602,0.743307,0.716503,21,11,0.656250,0.343750,"(1,((2,3),(4,5)))"
20,33,0.01716842,0.738232,0.716503,22,11,0.666667,0.333333,"(1,((2,3),(4,5)))"
20,34,0.01545158,0.731981,0.716503,23,11,0.676471,0.323529,"(1,((2,3),(4,5)))"
20,35,0.01390642,0.736032,0.716503,24,12,0.685714,0.342857,"(1,((2,3),(4,5)))"
20,36,0.01251578,0.731350,0.716503,25,12,0.694444,0.333333,"(1,((2,3),(4,5)))"
20,37,0.01126420,0.707977,0.707977,26,12,0.702703,0.324324,"(1,((2,3),(4,5)))"
20,38,0.01013778,0.708389,0.707977,27,13,0.710526,0.342105,"(1,((2,3),(4,5)))"
20,39,0.00912400,0.710214,0.707977,28,14,0.717949,0.358974,"(1,((2,3),(4,5)))"
20,40,0.00821160,0.702383,0.702383,29,14,0.725000,0.350000,"(1,((2,3),(4,5)))"
20,41,0.00739044,0.702481,0.702383,30,15,0.731707,0.365854,"(1,((2,3),(4,5)))"
20,42,0.00665140,0.692106,0.692106,31,15,0.738095,0.357143,"(1,((2,3),(4,5)))"
20,43,0.00598626,0.680896,0.680896,32,15,0.744186,0.348837,"(1,((2,3),(4,5)))"
20,44,0.00538763,0.680896,0.680896,32,15,0.727273,0.340909,"(1,((2,3),(4,5)))"
20,45,0.00484887,0.691548,0.680896,33,16,0.733333,0.355556,"(1,((2,3),(4,5)))"
20,46,0.00436398,0.682973,0.680896,34,16,0.739130,0.347826,"(1,((2,3),(4,5)))"
20,47,0.00392758,0.682973,0.680896,34,16,0.723404,0.340426,"(1,((2,3),(4,5)))"
20,48,0.00353483,0.682973,0.680896,34,16,0.708333,0.333333,"(1,((2,3),(4,5)))"
20,49,0.00318134,0.681784,0.680896,35,16,0.714286,0.326531,"(1,((2,3),(4,5)))"
20,50,0.00286321,0.681784,0.680896,35,16,0.700000,0.320000,"(1,((2,3),(4,5)))"
20,51,0.00257689,0.681784,0.680896,35,16,0.686275,0.313725,"(1,((2,3),(4,5)))"
20,52,0.00231920,0.681784,0.680896,35,16,0.673077,0.307692,"(1,((2,3),(4,5)))"
20,53,0.00208728,0.681784,0.680896,35,16,0.660377,0.301887,"(1,((2,3),(4,5)))"
20,54,0.00187855,0.681784,0.680896,35,16,0.648148,0.296296,"(1,((2,3),(4,5)))"
20,55,0.00169070,0.681784,0.680896,35,16,0.636364,0.290909,"(1,((2,3),(4,5)))"
20,56,0.00152163,0.673665,0.673665,36,16,0.642857,0.285714,"(1,((2,3),(4,5)))"
20,57,0.00136946,0.673665,0.673665,36,16,0.631579,0.280702,"(1,((2,3),(4,5)))"
20,58,0.00123252,0.673665,0.673665,36,16,0.620690,0.275862,"(1,((2,3),(4,5)))"
20,59,0.00110927,0.672817,0.672817,37,16,0.627119,0.271186,"(1,((2,3),(4,5)))"
20,60,0.00099834,0.672817,0.672817,37,16,0.616667,0.266667,"(1,((2,3),(4,5)))"
20,61,0.00089851,0.672817,0.672817,37,16,0.606557,0.262295,"(1,((2,3),(4,5)))"
20,62,0.00080865,0.672817,0.672817,37,16,0.596774,0.258065,"(1,((2,3),(4,5)))"
20,63,0.00072779,0.672817,0.672817,37,16,0.587302,0.253968,"(1,((2,3),(4,5)))"
20,64,0.00065501,0.672817,0.672817,37,16,0.578125,0.250000,"(1,((2,3),(4,5)))"
20,65,0.00058951,0.672817,0.672817,37,16,0.569231,0.246154,"(1,((2,3),(4,5)))"
20,66,0.00053056,0.672817,0.672817,37,16,0.560606,0.242424,"(1,((2,3),(4,5)))"
20,67,0.00047750,0.672817,0.672817,37,16,0.552239,0.238806,"(1,((2,3),(4,5)))"
20,68,0.00042975,0.672817,0.672817,37,16,0.544118,0.235294,"(1,((2,3),(4,5)))"
20,69,0.00038678,0.665168,0.665168,38,16,0.550725,0.231884,"(1,((2,3),(4,5)))"
20,70,0.00034810,0.665168,0.665168,38,16,0.542857,0.228571,"(1,((2,3),(4,5)))"
20,71,0.00031329,0.665168,0.665168,38,16,0.535211,0.225352,"(1,((2,3),(4,5)))"
20,72,0.00028196,0.665168,0.665168,38,16,0.527778,0.222222,"(1,((2,3),(4,5)))"
20,73,0.00025376,0.665168,0.665168,38,16,0.520548,0.219178,"(1,((2,3),(4,5)))"
20,74,0.00022839,0.665168,0.665168,38,16,0.513514,0.216216,"(1,((2,3),(4,5)))"
20,75,0.00020555,0.665168,0.665168,38,16,0.506667,0.213333,"(1,((2,3),(4,5)))"
20,76,0.00018499,0.665168,0.665168,38,16,0.500000,0.210526,"(1,((2,3),(4,5)))"
20,77,0.00016649,0.665168,0.665168,38,16,0.493506,0.207792,"(1,((2,3),(4,5)))"
20,78,0.00014985,0.665168,0.665168,38,16,0.487179,0.205128,"(1,((2,3),(4,5)))"
20,79,0.00013486,0.661825,0.661825,39,16,0.493671,0.202532,"(1,((2,3),(4,5)))"
20,80,0.00012137,0.661825,0.661825,39,16,0.487500,0.200000,"(1,((2,3),(4,5)))"
20,81,0.00010924,0.661825,0.661825,39,16,0.481481,0.197531,"(1,((2,3),(4,5)))"
20,82,0.00009831,0.661825,0.661825,39,16,0.475610,0.195122,"(1,((2,3),(4,5)))"
20,83,0.00008848,0.661825,0.661825,39,16,0.469880,0.192771,"(1,((2,3),(4,5)))"
20,84,0.00007963,0.656009,0.656009,40,16,0.476190,0.190476,"(1,((2,3),(4,5)))"
20,85,0.00007167,0.656009,0.656009,40,16,0.470588,0.188235,"(1,((2,3),(4,5)))"
20,86,0.00006450,0.656009,0.656009,40,16,0.465116,0.186047,"(1,((2,3),(4,5)))"
20,87,0.00005805,0.656009,0.656009,40,16,0.459770,0.183908,"(1,((2,3),(4,5)))"
20,88,0.00005225,0.656009,0.656009,40,16,0.454545,0.181818,"(1,((2,3),(4,5)))"
20,89,0.00004702,0.656052,0.656009,41,17,0.460674,0.191011,"(1,((2,3),(4,5)))"
20,90,0.00004232,0.656082,0.656009,42,18,0.466667,0.200000,"(1,((2,3),(4,5)))"
20,91,0.00003809,0.656082,0.656009,42,18,0.461538,0.197802,"(1,((2,3),(4,5)))"
20,92,0.00003428,0.656082,0.656009,42,18,0.456522,0.195652,"(1,((2,3),(4,5)))"
20,93,0.00003085,0.655650,0.655650,43,18,0.462366,0.193548,"(1,((2,3),(4,5)))"
20,94,0.00002777,0.655650,0.655650,43,18,0.457447,0.191489,"(1,((2,3),(4,5)))"
20,95,0.00002499,0.655650,0.655650,43,18,0.452632,0.189474,"(1,((2,3),(4,5)))"
20,96,0.00002249,0.655650,0.655650,43,18,0.447917,0.187500,"(1,((2,3),(4,5)))"
20,97,0.00002024,0.655650,0.655650,43,18,0.443299,0.185567,"(1,((2,3),(4,5)))"
20,98,0.00001822,0.654577,0.654577,44,18,0.448980,0.183673,"(1,((2,3),(4,5)))"
20,99,0.00001640,0.653973,0.653973,45,18,0.454545,0.181818,"(1,((2,3),(4,5)))"
20,100,0.00001476,0.653973,0.653973,45,18,0.450000,0.180000,"(1,((2,3),(4,5)))"
20,101,0.00001328,0.653973,0.653973,45,18,0.445545,0.178218,"(1,((2,3),(4,5)))"
20,102,0.00001195,0.653973,0.653973,46,18,0.450980,0.176471,"(1,((2,3),(4,5)))"
20,103,0.00001076,0.653973,0.653973,46,18,0.446602,0.174757,"(1,((2,3),(4,5)))"
20,104,0.00000968,0.653973,0.653973,46,18,0.442308,0.173077,"(1,((2,3),(4,5)))"
20,105,0.00000871,0.653973,0.653973,46,18,0.438095,0.171429,"(1,((2,3),(4,5)))"
20,106,0.00000784,0.653973,0.653973,46,18,0.433962,0.169811,"(1,((2,3),(4,5)))"
20,107,0.00000706,0.653973,0.653973,46,18,0.429907,0.168224,"(1,((2,3),(4,5)))"
20,108,0.00000635,0.653580,0.653580,47,18,0.435185,0.166667,"(1,((2,3),(4,5)))"
20,109,0.00000572,0.653580,0.653580,47,18,0.431193,0.165138,"(1,((2,3),(4,5)))"
20,110,0.00000515,0.653580,0.653580,47,18,0.427273,0.163636,"(1,((2,3),(4,5)))"
20,111,0.00000463,0.653425,0.653425,48,18,0.432432,0.162162,"(1,((2,3),(4,5)))"
20,112,0.00000417,0.653425,0.653425,48,18,0.428571,0.160714,"(1,((2,3),(4,5)))"
20,113,0.00000375,0.653425,0.653425,48,18,0.424779,0.159292,"(1,((2,3),(4,5)))"
20,114,0.00000338,0.653425,0.653425,48,18,0.421053,0.157895,"(1,((2,3),(4,5)))"
20,115,0.00000304,0.653425,0.653425,48,18,0.417391,0.156522,"(1,((2,3),(4,5)))"
20,116,0.00000273,0.653425,0.653425,48,18,0.413793,0.155172,"(1,((2,3),(4,5)))"
20,117,0.00000246,0.653425,0.653425,48,18,0.410256,0.153846,"(1,((2,3),(4,5)))"
20,118,0.00000221,0.653425,0.653425,48,18,0.406780,0.152542,"(1,((2,3),(4,5)))"
20,119,0.00000199,0.653425,0.653425,48,18,0.403361,0.151261,"(1,((2,3),(4,5)))"
20,120,0.00000179,0.653425,0.653425,48,18,0.400000,0.150000,"(1,((2,3),(4,5)))"
20,121,0.00000161,0.653425,0.653425,48,18,0.396694,0.148760,"(1,((2,3),(4,5)))"
20,122,0.00000145,0.653425,0.653425,48,18,0.393443,0.147541,"(1,((2,3),(4,5)))"
20,123,0.00000131,0.653425,0.653425,48,18,0.390244,0.146341,"(1,((2,3),(4,5)))"
20,124,0.00000118,0.653425,0.653425,48,18,0.387097,0.145161,"(1,((2,3),(4,5)))"
20,125,0.00000106,0.653425,0.653425,48,18,0.384000,0.144000,"(1,((2,3),(4,5)))"
20,126,0.00000095,0.653425,0.653425,48,18,0.380952,0.142857,"(1,((2,3),(4,5)))"
20,127,0.00000086,0.653425,0.653425,48,18,0.377953,0.141732,"(1,((2,3),(4,5)))"
20,128,0.00000077,0.653425,0.653425,48,18,0.375000,0.140625,"(1,((2,3),(4,5)))"
20,129,0.00000070,0.653425,0.653425,48,18,0.372093,0.139535,"(1,((2,3),(4,5)))"
20,130,0.00000063,0.653425,0.653425,48,18,0.369231,0.138462,"(1,((2,3),(4,5)))"
20,131,0.00000056,0.653425,0.653425,48,18,0.366412,0.137405,"(1,((2,3),(4,5)))"
20,132,0.00000051,0.644256,0.644256,49,18,0.371212,0.136364,"(1,(2,(3,(4,5))))"
20,133,0.00000046,0.644256,0.644256,49,18,0.368421,0.135338,"(1,(2,(3,(4,5))))"
20,134,0.00000041,0.630817,0.630817,50,18,0.373134,0.134328,"(1,(2,(3,(4,5))))"
20,135,0.00000037,0.630817,0.630817,50,18,0.370370,0.133333,"(1,(2,(3,(4,5))))"
20,136,0.00000033,0.630817,0.630817,50,18,0.367647,0.132353,"(1,(2,(3,(4,5))))"
20,137,0.00000030,0.630817,0.630817,50,18,0.364964,0.131387,"(1,(2,(3,(4,5))))"
20,138,0.00000027,0.630817,0.630817,50,18,0.362319,0.130435,"(1,(2,(3,(4,5))))"
20,139,0.00000024,0.630817,0.630817,50,18,0.359712,0.129496,"(1,(2,(3,(4,5))))"
20,140,0.00000022,0.629003,0.629003,51,18,0.364286,0.128571,"(1,(2,(3,(4,5))))"
20,141,0.00000020,0.628950,0.628950,52,18,0.368794,0.127660,"(1,(2,(3,(4,5))))"
20,142,0.00000018,0.628950,0.628950,52,18,0.366197,0.126761,"(1,(2,(3,(4,5))))"
20,143,0.00000016,0.628950,0.628950,52,18,0.363636,0.125874,"(1,(2,(3,(4,5))))"
20,144,0.00000014,0.628950,0.628950,52,18,0.361111,0.125000,"(1,(2,(3,(4,5))))"
20,145,0.00000013,0.628950,0.628950,52,18,0.358621,0.124138,"(1,(2,(3,(4,5))))"
20,146,0.00000012,0.628950,0.628950,52,18,0.356164,0.123288,"(1,(2,(3,(4,5))))"
20,147,0.00000010,0.628950,0.628950,52,18,0.353741,0.122449,"(1,(2,(3,(4,5))))"
20,148,0.00000009,0.628950,0.628950,52,18,0.351351,0.121622,"(1,(2,(3,(4,5))))"
20,149,0.00000008,0.625807,0.625807,53,18,0.355705,0.120805,"((1,2),(3,(4,5)))"
20,150,0.00000008,0.624498,0.624498,54,18,0.360000,0.120000,"((1,2),(3,(4,5)))"
21,0,0.50000000,0.748155,0.748155,0,0,0.000000,0.000000,"(((1,2),3),(4,5))"
21,1,0.50000000,0.745107,0.745107,1,0,1.000000,0.000000,"(((1,2),3),(4,5))"
21,2,0.45000000,0.739294,0.739294,2,0,1.000000,0.000000,"(((1,2),3),(4,5))"
21,3,0.40500000,0.734846,0.734846,3,0,1.000000,0.000000,"(((1,2),3),(4,5))"
21,4,0.36450000,0.727571,0.727571,4,0,1.000000,0.000000,"(((1,2),3),(4,5))"
21,5,0.32805000,0.760586,0.727571,5,1,1.000000,0.200000,"(((1,2),3),(4,5))"
21,6,0.29524500,0.904501,0.727571,6,2,1.000000,0.333333,"(((1,2),3),(4,5))"
21,7,0.26572050,0.904501,0.727571,6,2,0.857143,0.285714,"(((1,2),3),(4,5))"
21,8,0.23914845,0.911854,0.727571,7,3,0.875000,0.375000,"(((1,2),3),(4,5))"
21,9,0.21523361,0.921183,0.727571,8,4,0.888889,0.444444,"(((1,2),3),(4,5))"
21,10,0.19371024,0.942464,0.727571,9,5,0.900000,0.500000,"(((1,2),3),(4,5))"
21,11,0.17433922,0.902979,0.727571,10,5,0.909091,0.454545,"(((1,2),3),(4,5))"
21,12,0.15690530,0.902979,0.727571,10,5,0.833333,0.416667,"(((1,2),3),(4,5))"
21,13,0.14121477,0.902979,0.727571,10,5,0.769231,0.384615,"(((1,2),3),(4,5))"
21,14,0.12709329,0.919058,0.727571,11,6,0.785714,0.428571,"(((1,2),3),(4,5))"
21,15,0.11438396,0.919058,0.727571,11,6,0.733333,0.400000,"(((1,2),3),(4,5))"
21,16,0.10294557,0.918225,0.727571,12,6,0.750000,0.375000,"(((1,2),3),(4,5))"
21,17,0.09265101,0.918225,0.727571,12,6,0.705882,0.352941,"(((1,2),3),(4,5))"
21,18,0.08338591,0.876034,0.727571,13,6,0.722222,0.333333,"(((1,2),3),(4,5))"
21,19,0.07504732,0.896483,0.727571,14,7,0.736842,0.368421,"(((1,2),3),(4,5))"
21,20,0.06754259,0.872013,0.727571,15,7,0.750000,0.350000,"(((1,2),3),(4,5))"
21,21,0.06078833,0.872013,0.727571,15,7,0.714286,0.333333,"(((1,2),3),(4,5))"
21,22,0.05470949,0.811679,0.727571,16,7,0.727273,0.318182,"(((1,2),3),(4,5))"
21,23,0.04923855,0.813574,0.727571,17,8,0.739130,0.347826,"(((1,2),3),(4,5))"
21,24,0.04431469,0.813574,0.727571,17,8,0.708333,0.333333,"(((1,2),3),(4,5))"
21,25,0.03988322,0.804987,0.727571,18,8,0.720000,0.320000,"(((1,2),3),(4,5))"
21,26,0.03589490,0.804244,0.727571,19,8,0.730769,0.307692,"(((1,2),3),(4,5))"
21,27,0.03230541,0.801794,0.727571,20,8,0.740741,0.296296,"(((1,2),3),(4,5))"
21,28,0.02907487,0.815900,0.727571,21,9,0.750000,0.321429,"(((1,2),3),(4,5))"
21,29,0.02616738,0.817741,0.727571,22,10,0.758621,0.344828,"(((1,2),3),(4,5))"
21,30,0.02355064,0.796433,0.727571,23,10,0.766667,0.333333,"(((1,2),3),(4,5))"
21,31,0.02119558,0.796433,0.727571,23,10,0.741935,0.322581,"(((1,2),3),(4,5))"
21,32,0.01907602,0.792171,0.727571,24,10,0.750000,0.312500,"(((1,2),3),(4,5))"
21,33,0.01716842,0.777356,0.727571,25,10,0.757576,0.303030,"(((1,2),3),(4,5))"
21,34,0.01545158,0.766939,0.727571,26,10,0.764706,0.294118,"(((1,2),3),(4,5))"
21,35,0.01390642,0.767214,0.727571,27,11,0.771429,0.314286,"(((1,2),3),(4,5))"
21,36,0.01251578,0.767214,0.727571,27,11,0.750000,0.305556,"(((1,2),3),(4,5))"
21,37,0.01126420,0.767214,0.727571,27,11,0.729730,0.297297,"(((1,2),3),(4,5))"
21,38,0.01013778,0.767214,0.727571,27,11,0.710526,0.289474,"(((1,2),3),(4,5))"
21,39,0.00912400,0.762951,0.727571,28,11,0.717949,0.282051,"(((1,2),3),(4,5))"
21,40,0.00821160,0.748473,0.727571,29,11,0.725000,0.275000,"(((1,2),3),(4,5))"
21,41,0.00739044,0.749732,0.727571,30,12,0.731707,0.292683,"(((1,2),3),(4,5))"
21,42,0.00665140,0.749732,0.727571,30,12,0.714286,0.285714,"(((1,2),3),(4,5))"
21,43,0.00598626,0.749732,0.727571,30,12,0.697674,0.279070,"(((1,2),3),(4,5))"
21,44,0.00538763,0.749732,0.727571,30,12,0.681818,0.272727,"(((1,2),3),(4,5))"
21,45,0.00484887,0.749732,0.727571,30,12,0.666667,0.266667,"(((1,2),3),(4,5))"
21,46,0.00436398,0.716012,0.716012,31,12,0.673913,0.260870,"((1,(2,3)),(4,5))"
21,47,0.00392758,0.720714,0.716012,32,13,0.680851,0.276596,"((1,(2,3)),(4,5))"
21,48,0.00353483,0.720714,0.716012,32,13,0.666667,0.270833,"((1,(2,3)),(4,5))"
21,49,0.00318134,0.720714,0.716012,32,13,0.653061,0.265306,"((1,(2,3)),(4,5))"
21,50,0.00286321,0.720714,0.716012,32,13,0.640000,0.260000,"((1,(2,3)),(4,5))"
21,51,0.00257689,0.720714,0.716012,32,13,0.627451,0.254902,"((1,(2,3)),(4,5))"
21,52,0.00231920,0.720714,0.716012,32,13,0.615385,0.250000,"((1,(2,3)),(4,5))"
21,53,0.00208728,0.720714,0.716012,32,13,0.603774,0.245283,"((1,(2,3)),(4,5))"
21,54,0.00187855,0.720714,0.716012,32,13,0.592593,0.240741,"((1,(2,3)),(4,5))"
21,55,0.00169070,0.720714,0.716012,32,13,0.581818,0.236364,"((1,(2,3)),(4,5))"
21,56,0.00152163,0.713384,0.713384,33,13,0.589286,0.232143,"((1,(2,3)),(4,5))"
21,57,0.00136946,0.713384,0.713384,33,13,0.578947,0.228070,"((1,(2,3)),(4,5))"
21,58,0.00123252,0.713384,0.713384,33,13,0.568966,0.224138,"((1,(2,3)),(4,5))"
21,59,0.00110927,0.713384,0.713384,33,13,0.559322,0.220339,"((1,(2,3)),(4,5))"
21,60,0.00099834,0.713384,0.713384,33,13,0.550000,0.216667,"((1,(2,3)),(4,5))"
21,61,0.00089851,0.713384,0.713384,33,13,0.540984,0.213115,"((1,(2,3)),(4,5))"
21,62,0.00080865,0.713384,0.713384,33,13,0.532258,0.209677,"((1,(2,3)),(4,5))"
21,63,0.00072779,0.710133,0.710133,34,13,0.539683,0.206349,"((1,(2,3)),(4,5))"
21,64,0.00065501,0.710133,0.710133,34,13,0.531250,0.203125,"((1,(2,3)),(4,5))"
21,65,0.00058951,0.708387,0.708387,35,13,0.538462,0.200000,"((1,(2,3)),(4,5))"
21,66,0.00053056,0.708387,0.708387,35,13,0.530303,0.196970,"((1,(2,3)),(4,5))"
21,67,0.00047750,0.708387,0.708387,35,13,0.522388,0.194030,"((1,(2,3)),(4,5))"
21,68,0.00042975,0.708387,0.708387,35,13,0.514706,0.191176,"((1,(2,3)),(4,5))"
21,69,0.00038678,0.708387,0.708387,35,13,0.507246,0.188406,"((1,(2,3)),(4,5))"
21,70,0.00034810,0.708387,0.708387,35,13,0.500000,0.185714,"((1,(2,3)),(4,5))"
21,71,0.00031329,0.708387,0.708387,35,13,0.492958,0.183099,"((1,(2,3)),(4,5))"
21,72,0.00028196,0.707894,0.707894,36,13,0.500000,0.180556,"((1,(2,3)),(4,5))"
21,73,0.00025376,0.707894,0.707894,36,13,0.493151,0.178082,"((1,(2,3)),(4,5))"
21,74,0.00022839,0.707894,0.707894,36,13,0.486486,0.175676,"((1,(2,3)),(4,5))"
21,75,0.00020555,0.707652,0.707652,37,13,0.493333,0.173333,"((1,(2,3)),(4,5))"
21,76,0.00018499,0.707592,0.707592,38,13,0.500000,0.171053,"((1,(2,3)),(4,5))"
21,77,0.00016649,0.707592,0.707592,38,13,0.493506,0.168831,"((1,(2,3)),(4,5))"
21,78,0.00014985,0.707592,0.707592,38,13,0.487179,0.166667,"((1,(2,3)),(4,5))"
21,79,0.00013486,0.707592,0.707592,38,13,0.481013,0.164557,"((1,(2,3)),(4,5))"
21,80,0.00012137,0.707592,0.707592,38,13,0.475000,0.162500,"((1,(2,3)),(4,5))"
21,81,0.00010924,0.707592,0.707592,38,13,0.469136,0.160494,"((1,(2,3)),(4,5))"
21,82,0.00009831,0.707592,0.707592,38,13,0.463415,0.158537,"((1,(2,3)),(4,5))"
21,83,0.00008848,0.707592,0.707592,38,13,0.457831,0.156627,"((1,(2,3)),(4,5))"
21,84,0.00007963,0.707592,0.707592,38,13,0.452381,0.154762,"((1,(2,3)),(4,5))"
21,85,0.00007167,0.707592,0.707592,38,13,0.447059,0.152941,"((1,(2,3)),(4,5))"
21,86,0.00006450,0.707592,0.707592,38,13,0.441860,0.151163,"((1,(2,3)),(4,5))"
21,87,0.00005805,0.707592,0.707592,38,13,0.436782,0.149425,"((1,(2,3)),(4,5))"
21,88,0.00005225,0.707592,0.707592,38,13,0.431818,0.147727,"((1,(2,3)),(4,5))"
21,89,0.00004702,0.707592,0.707592,38,13,0.426966,0.146067,"((1,(2,3)),(4,5))"
21,90,0.00004232,0.707592,0.707592,38,13,0.422222,0.144444,"((1,(2,3)),(4,5))"
21,91,0.00003809,0.707592,0.707592,38,13,0.417582,0.142857,"((1,(2,3)),(4,5))"
21,92,0.00003428,0.705101,0.705101,39,13,0.423913,0.141304,"((1,(2,3)),(4,5))"
21,93,0.00003085,0.705101,0.705101,39,13,0.419355,0.139785,"((1,(2,3)),(4,5))"
21,94,0.00002777,0.705101,0.705101,39,13,0.414894,0.138298,"((1,(2,3)),(4,5))"
21,95,0.00002499,0.705101,0.705101,39,13,0.410526,0.136842,"((1,(2,3)),(4,5))"
21,96,0.00002249,0.705101,0.705101,39,13,0.406250,0.135417,"((1,(2,3)),(4,5))"
21,97,0.00002024,0.705101,0.705101,39,13,0.402062,0.134021,"((1,(2,3)),(4,5))"
21,98,0.00001822,0.703676,0.703676,40,13,0.408163,0.132653,"((1,(2,3)),(4,5))"
21,99,0.00001640,0.703676,0.703676,40,13,0.404040,0.131313,"((1,(2,3)),(4,5))"
21,100,0.00001476,0.703676,0.703676,40,13,0.400000,0.130000,"((1,(2,3)),(4,5))"
21,101,0.00001328,0.703676,0.703676,40,13,0.396040,0.128713,"((1,(2,3)),(4,5))"
21,102,0.00001195,0.703676,0.703676,40,13,0.392157,0.127451,"((1,(2,3)),(4,5))"
21,103,0.00001076,0.703676,0.703676,40,13,0.388350,0.126214,"((1,(2,3)),(4,5))"
21,104,0.00000968,0.703676,0.703676,40,13,0.384615,0.125000,"((1,(2,3)),(4,5))"
21,105,0.00000871,0.703676,0.703676,40,13,0.380952,0.123810,"((1,(2,3)),(4,5))"
21,106,0.00000784,0.703676,0.703676,40,13,0.377358,0.122642,"((1,(2,3)),(4,5))"
21,107,0.00000706,0.703676,0.703676,40,13,0.373832,0.121495,"((1,(2,3)),(4,5))"
21,108,0.00000635,0.703676,0.703676,40,13,0.370370,0.120370,"((1,(2,3)),(4,5))"
21,109,0.00000572,0.703676,0.703676,40,13,0.366972,0.119266,"((1,(2,3)),(4,5))"
21,110,0.00000515,0.703676,0.703676,40,13,0.363636,0.118182,"((1,(2,3)),(4,5))"
21,111,0.00000463,0.703194,0.703194,41,13,0.369369,0.117117,"((1,(2,3)),(4,5))"
21,112,0.00000417,0.703194,0.703194,41,13,0.366071,0.116071,"((1,(2,3)),(4,5))"
21,113,0.00000375,0.703194,0.703194,41,13,0.362832,0.115044,"((1,(2,3)),(4,5))"
21,114,0.00000338,0.703194,0.703194,41,13,0.359649,0.114035,"((1,(2,3)),(4,5))"
21,115,0.00000304,0.703194,0.703194,41,13,0.356522,0.113043,"((1,(2,3)),(4,5))"
21,116,0.00000273,0.703194,0.703194,41,13,0.353448,0.112069,"((1,(2,3)),(4,5))"
21,117,0.00000246,0.703194,0.703194,41,13,0.350427,0.111111,"((1,(2,3)),(4,5))"
21,118,0.00000221,0.703194,0.703194,41,13,0.347458,0.110169,"((1,(2,3)),(4,5))"
21,119,0.00000199,0.703194,0.703194,41,13,0.344538,0.109244,"((1,(2,3)),(4,5))"
21,120,0.00000179,0.703194,0.703194,41,13,0.341667,0.108333,"((1,(2,3)),(4,5))"
21,121,0.00000161,0.703194,0.703194,41,13,0.338843,0.107438,"((1,(2,3)),(4,5))"
21,122,0.00000145,0.703194,0.703194,41,13,0.336066,0.106557,"((1,(2,3)),(4,5))"
21,123,0.00000131,0.703194,0.703194,41,13,0.333333,0.105691,"((1,(2,3)),(4,5))"
21,124,0.00000118,0.677059,0.677059,42,13,0.338710,0.104839,"((1,(2,3)),(4,5))"
21,125,0.00000106,0.677059,0.677059,42,13,0.336000,0.104000,"((1,(2,3)),(4,5))"
21,126,0.00000095,0.677059,0.677059,42,13,0.333333,0.103175,"((1,(2,3)),(4,5))"
21,127,0.00000086,0.677059,0.677059,42,13,0.330709,0.102362,"((1,(2,3)),(4,5))"
21,128,0.00000077,0.677059,0.677059,42,13,0.328125,0.101562,"((1,(2,3)),(4,5))"
21,129,0.00000070,0.663922,0.663922,43,13,0.333333,0.100775,"((1,(2,3)),(4,5))"
21,130,0.00000063,0.663922,0.663922,43,13,0.330769,0.100000,"((1,(2,3)),(4,5))"
21,131,0.00000056,0.663922,0.663922,43,13,0.328244,0.099237,"((1,(2,3)),(4,5))"
21,132,0.00000051,0.663921,0.663921,44,13,0.333333,0.098485,"((1,(2,3)),(4,5))"
21,133,0.00000046,0.663921,0.663921,44,13,0.330827,0.097744,"((1,(2,3)),(4,5))"
21,134,0.00000041,0.663921,0.663921,44,13,0.328358,0.097015,"((1,(2,3)),(4,5))"
21,135,0.00000037,0.663921,0.663921,44,13,0.325926,0.096296,"((1,(2,3)),(4,5))"
21,136,0.00000033,0.663921,0.663921,44,13,0.323529,0.095588,"((1,(2,3)),(4,5))"
21,137,0.00000030,0.663921,0.663921,44,13,0.321168,0.094891,"((1,(2,3)),(4,5))"
21,138,0.00000027,0.663921,0.663921,44,13,0.318841,0.094203,"((1,(2,3)),(4,5))"
21,139,0.00000024,0.663921,0.663921,44,13,0.316547,0.093525,"((1,(2,3)),(4,5))"
21,140,0.00000022,0.663921,0.663921,44,13,0.314286,0.092857,"((1,(2,3)),(4,5))"
21,141,0.00000020,0.663921,0.663921,44,13,0.312057,0.092199,"((1,(2,3)),(4,5))"
21,142,0.00000018,0.655330,0.655330,45,13,0.316901,0.091549,"((1,(2,3)),(4,5))"
21,143,0.00000016,0.655330,0.655330,45,13,0.314685,0.090909,"((1,(2,3)),(4,5))"
21,144,0.00000014,0.655330,0.655330,45,13,0.312500,0.090278,"((1,(2,3)),(4,5))"
21,145,0.00000013,0.655330,0.655330,45,13,0.310345,0.089655,"((1,(2,3)),(4,5))"
21,146,0.00000012,0.655330,0.655330,45,13,0.308219,0.089041,"((1,(2,3)),(4,5))"
21,147,0.00000010,0.655330,0.655330,45,13,0.306122,0.088435,"((1,(2,3)),(4,5))"
21,148,0.00000009,0.655330,0.655330,45,13,0.304054,0.087838,"((1,(2,3)),(4,5))"
21,149,0.00000008,0.655330,0.655330,45,13,0.302013,0.087248,"((1,(2,3)),(4,5))"
21,150,0.00000008,0.655330,0.655330,45,13,0.300000,0.086667,"((1,(2,3)),(4,5))"
22,0,0.50000000,0.661798,0.661798,0,0,0.000000,0.000000,"((1,2),(3,(4,5)))"
22,1,0.50000000,0.663199,0.661798,1,1,1.000000,1.000000,"((1,2),(3,(4,5)))"
22,2,0.45000000,0.726056,0.661798,2,2,1.000000,1.000000,"((1,2),(3,(4,5)))"
22,3,0.40500000,0.880470,0.661798,3,3,1.000000,1.000000,"((1,2),(3,(4,5)))"
22,4,0.36450000,0.877597,0.661798,4,3,1.000000,0.750000,"((1,2),(3,(4,5)))"
22,5,0.32805000,0.877597,0.661798,4,3,0.800000,0.600000,"((1,2),(3,(4,5)))"
22,6,0.29524500,0.867746,0.661798,5,3,0.833333,0.500000,"((1,2),(3,(4,5)))"
22,7,0.26572050,0.721000,0.661798,6,3,0.857143,0.428571,"((1,2),(3,(4,5)))"
22,8,0.23914845,0.719947,0.661798,7,3,0.875000,0.375000,"((1,2),(3,(4,5)))"
22,9,0.21523361,0.724060,0.661798,8,4,0.888889,0.444444,"((1,2),(3,(4,5)))"
22,10,0.19371024,0.691197,0.661798,9,4,0.900000,0.400000,"((1,2),(3,(4,5)))"
22,11,0.17433922,0.691197,0.661798,9,4,0.818182,0.363636,"((1,2),(3,(4,5)))"
22,12,0.15690530,0.663846,0.661798,10,4,0.833333,0.333333,"((1,2),(3,(4,5)))"
22,13,0.14121477,0.731160,0.661798,11,5,0.846154,0.384615,"((1,2),(3,(4,5)))"
22,14,0.12709329,0.733035,0.661798,12,6,0.857143,0.428571,"((1,2),(3,(4,5)))"
22,15,0.11438396,0.733035,0.661798,12,6,0.800000,0.400000,"((1,2),(3,(4,5)))"
22,16,0.10294557,0.733035,0.661798,12,6,0.750000,0.375000,"((1,2),(3,(4,5)))"
22,17,0.09265101,0.789326,0.661798,13,7,0.764706,0.411765,"((1,2),(3,(4,5)))"
22,18,0.08338591,0.789326,0.661798,13,7,0.722222,0.388889,"((1,2),(3,(4,5)))"
22,19,0.07504732,0.804652,0.661798,14,8,0.736842,0.421053,"((1,2),(3,(4,5)))"
22,20,0.06754259,0.804652,0.661798,14,8,0.700000,0.400000,"((1,2),(3,(4,5)))"
22,21,0.06078833,0.804652,0.661798,14,8,0.666667,0.380952,"((1,2),(3,(4,5)))"
22,22,0.05470949,0.804652,0.661798,14,8,0.636364,0.363636,"((1,2),(3,(4,5)))"
22,23,0.04923855,0.787516,0.661798,15,8,0.652174,0.347826,"((1,2),(3,(4,5)))"
22,24,0.04431469,0.787516,0.661798,15,8,0.625000,0.333333,"((1,2),(3,(4,5)))"
22,25,0.03988322,0.793988,0.661798,16,9,0.640000,0.360000,"((1,2),(3,(4,5)))"
22,26,0.03589490,0.793988,0.661798,16,9,0.615385,0.346154,"((1,2),(3,(4,5)))"
22,27,0.03230541,0.793988,0.661798,16,9,0.592593,0.333333,"((1,2),(3,(4,5)))"
22,28,0.02907487,0.779529,0.661798,17,9,0.607143,0.321429,"((1,2),(3,(4,5)))"
22,29,0.02616738,0.775479,0.661798,18,9,0.620690,0.310345,"((1,2),(3,(4,5)))"
22,30,0.02355064,0.775479,0.661798,19,9,0.633333,0.300000,"((1,2),(3,(4,5)))"
22,31,0.02119558,0.775479,0.661798,19,9,0.612903,0.290323,"((1,2),(3,(4,5)))"
22,32,0.01907602,0.737238,0.661798,20,9,0.625000,0.281250,"((1,2),(3,(4,5)))"
22,33,0.01716842,0.737238,0.661798,20,9,0.606061,0.272727,"((1,2),(3,(4,5)))"
22,34,0.01545158,0.747310,0.661798,21,10,0.617647,0.294118,"((1,2),(3,(4,5)))"
22,35,0.01390642,0.747310,0.661798,21,10,0.600000,0.285714,"((1,2),(3,(4,5)))"
22,36,0.01251578,0.747310,0.661798,21,10,0.583333,0.277778,"((1,2),(3,(4,5)))"
22,37,0.01126420,0.739520,0.661798,22,10,0.594595,0.270270,"((1,2),(3,(4,5)))"
22,38,0.01013778,0.739220,0.661798,23,10,0.605263,0.263158,"((1,2),(3,(4,5)))"
22,39,0.00912400,0.687897,0.661798,24,10,0.615385,0.256410,"((1,2),(3,(4,5)))"
22,40,0.00821160,0.687897,0.661798,24,10,0.600000,0.250000,"((1,2),(3,(4,5)))"
22,41,0.00739044,0.687897,0.661798,24,10,0.585366,0.243902,"((1,2),(3,(4,5)))"
22,42,0.00665140,0.687897,0.661798,24,10,0.571429,0.238095,"((1,2),(3,(4,5)))"
22,43,0.00598626,0.687897,0.661798,24,10,0.558140,0.232558,"((1,2),(3,(4,5)))"
22,44,0.00538763,0.685703,0.661798,25,10,0.568182,0.227273,"((1,2),(3,(4,5)))"
22,45,0.00484887,0.685624,0.661798,26,10,0.577778,0.222222,"((1,2),(3,(4,5)))"
22,46,0.00436398,0.685624,0.661798,26,10,0.565217,0.217391,"((1,2),(3,(4,5)))"
22,47,0.00392758,0.685624,0.661798,26,10,0.553191,0.212766,"((1,2),(3,(4,5)))"
22,48,0.00353483,0.685624,0.661798,26,10,0.541667,0.208333,"((1,2),(3,(4,5)))"
22,49,0.00318134,0.688491,0.661798,27,11,0.551020,0.224490,"((1,2),(3,(4,5)))"
22,50,0.00286321,0.688491,0.661798,27,11,0.540000,0.220000,"((1,2),(3,(4,5)))"
22,51,0.00257689,0.688021,0.661798,28,11,0.549020,0.215686,"((1,2),(3,(4,5)))"
22,52,0.00231920,0.688021,0.661798,28,11,0.538462,0.211538,"((1,2),(3,(4,5)))"
22,53,0.00208728,0.688021,0.661798,28,11,0.528302,0.207547,"((1,2),(3,(4,5)))"
22,54,0.00187855,0.688021,0.661798,28,11,0.518519,0.203704,"((1,2),(3,(4,5)))"
22,55,0.00169070,0.687202,0.661798,29,11,0.527273,0.200000,"((1,2),(3,(4,5)))"
22,56,0.00152163,0.687202,0.661798,29,11,0.517857,0.196429,"((1,2),(3,(4,5)))"
22,57,0.00136946,0.687202,0.661798,29,11,0.508772,0.192982,"((1,2),(3,(4,5)))"
22,58,0.00123252,0.687202,0.661798,29,11,0.500000,0.189655,"((1,2),(3,(4,5)))"
22,59,0.00110927,0.688021,0.661798,30,12,0.508475,0.203390,"((1,2),(3,(4,5)))"
22,60,0.00099834,0.688021,0.661798,30,12,0.500000,0.200000,"((1,2),(3,(4,5)))"
22,61,0.00089851,0.688021,0.661798,30,12,0.491803,0.196721,"((1,2),(3,(4,5)))"
22,62,0.00080865,0.688021,0.661798,30,12,0.483871,0.193548,"((1,2),(3,(4,5)))"
22,63,0.00072779,0.686166,0.661798,31,12,0.492063,0.190476,"((1,2),(3,(4,5)))"
22,64,0.00065501,0.686166,0.661798,31,12,0.484375,0.187500,"((1,2),(3,(4,5)))"
22,65,0.00058951,0.686166,0.661798,32,12,0.492308,0.184615,"((1,2),(3,(4,5)))"
22,66,0.00053056,0.684781,0.661798,33,12,0.500000,0.181818,"((1,2),(3,(4,5)))"
22,67,0.00047750,0.684781,0.661798,33,12,0.492537,0.179104,"((1,2),(3,(4,5)))"
22,68,0.00042975,0.684781,0.661798,33,12,0.485294,0.176471,"((1,2),(3,(4,5)))"
22,69,0.00038678,0.684781,0.661798,33,12,0.478261,0.173913,"((1,2),(3,(4,5)))"
22,70,0.00034810,0.684781,0.661798,33,12,0.471429,0.171429,"((1,2),(3,(4,5)))"
22,71,0.00031329,0.672836,0.661798,34,12,0.478873,0.169014,"((1,2),(3,(4,5)))"
22,72,0.00028196,0.672507,0.661798,35,12,0.486111,0.166667,"((1,2),(3,(4,5)))"
22,73,0.00025376,0.672507,0.661798,35,12,0.479452,0.164384,"((1,2),(3,(4,5)))"
22,74,0.00022839,0.672507,0.661798,35,12,0.472973,0.162162,"((1,2),(3,(4,5)))"
22,75,0.00020555,0.672507,0.661798,35,12,0.466667,0.160000,"((1,2),(3,(4,5)))"
22,76,0.00018499,0.672507,0.661798,35,12,0.460526,0.157895,"((1,2),(3,(4,5)))"
22,77,0.00016649,0.672507,0.661798,35,12,0.454545,0.155844,"((1,2),(3,(4,5)))"
22,78,0.00014985,0.672507,0.661798,35,12,0.448718,0.153846,"((1,2),(3,(4,5)))"
22,79,0.00013486,0.669656,0.661798,36,12,0.455696,0.151899,"((1,2),(3,(4,5)))"
22,80,0.00012137,0.669656,0.661798,36,12,0.450000,0.150000,"((1,2),(3,(4,5)))"
22,81,0.00010924,0.669361,0.661798,37,12,0.456790,0.148148,"((1,2),(3,(4,5)))"
22,82,0.00009831,0.669361,0.661798,37,12,0.451220,0.146341,"((1,2),(3,(4,5)))"
22,83,0.00008848,0.669361,0.661798,37,12,0.445783,0.144578,"((1,2),(3,(4,5)))"
22,84,0.00007963,0.669361,0.661798,37,12,0.440476,0.142857,"((1,2),(3,(4,5)))"
22,85,0.00007167,0.669361,0.661798,37,12,0.435294,0.141176,"((1,2),(3,(4,5)))"
22,86,0.00006450,0.669361,0.661798,37,12,0.430233,0.139535,"((1,2),(3,(4,5)))"
22,87,0.00005805,0.668050,0.661798,38,12,0.436782,0.137931,"((1,2),(3,(4,5)))"
22,88,0.00005225,0.668050,0.661798,38,12,0.431818,0.136364,"((1,2),(3,(4,5)))"
22,89,0.00004702,0.668050,0.661798,38,12,0.426966,0.134831,"((1,2),(3,(4,5)))"
22,90,0.00004232,0.668050,0.661798,38,12,0.422222,0.133333,"((1,2),(3,(4,5)))"
22,91,0.00003809,0.667128,0.661798,39,12,0.428571,0.131868,"((1,2),(3,(4,5)))"
22,92,0.00003428,0.667128,0.661798,39,12,0.423913,0.130435,"((1,2),(3,(4,5)))"
22,93,0.00003085,0.667128,0.661798,39,12,0.419355,0.129032,"((1,2),(3,(4,5)))"
22,94,0.00002777,0.665894,0.661798,40,12,0.425532,0.127660,"((1,2),(3,(4,5)))"
22,95,0.00002499,0.665894,0.661798,40,12,0.421053,0.126316,"((1,2),(3,(4,5)))"
22,96,0.00002249,0.665894,0.661798,40,12,0.416667,0.125000,"((1,2),(3,(4,5)))"
22,97,0.00002024,0.665894,0.661798,40,12,0.412371,0.123711,"((1,2),(3,(4,5)))"
22,98,0.00001822,0.665894,0.661798,40,12,0.408163,0.122449,"((1,2),(3,(4,5)))"
22,99,0.00001640,0.665894,0.661798,40,12,0.404040,0.121212,"((1,2),(3,(4,5)))"
22,100,0.00001476,0.665894,0.661798,40,12,0.400000,0.120000,"((1,2),(3,(4,5)))"
22,101,0.00001328,0.665894,0.661798,40,12,0.396040,0.118812,"((1,2),(3,(4,5)))"
22,102,0.00001195,0.665894,0.661798,40,12,0.392157,0.117647,"((1,2),(3,(4,5)))"
22,103,0.00001076,0.665894,0.661798,40,12,0.388350,0.116505,"((1,2),(3,(4,5)))"
22,104,0.00000968,0.661033,0.661033,41,12,0.394231,0.115385,"(1,((2,3),(4,5)))"
22,105,0.00000871,0.661033,0.661033,41,12,0.390476,0.114286,"(1,((2,3),(4,5)))"
22,106,0.00000784,0.661033,0.661033,41,12,0.386792,0.113208,"(1,((2,3),(4,5)))"
22,107,0.00000706,0.661033,0.661033,41,12,0.383178,0.112150,"(1,((2,3),(4,5)))"
22,108,0.00000635,0.661033,0.661033,41,12,0.379630,0.111111,"(1,((2,3),(4,5)))"
22,109,0.00000572,0.661033,0.661033,41,12,0.376147,0.110092,"(1,((2,3),(4,5)))"
22,110,0.00000515,0.661033,0.661033,41,12,0.372727,0.109091,"(1,((2,3),(4,5)))"
22,111,0.00000463,0.661033,0.661033,41,12,0.369369,0.108108,"(1,((2,3),(4,5)))"
22,112,0.00000417,0.661033,0.661033,41,12,0.366071,0.107143,"(1,((2,3),(4,5)))"
22,113,0.00000375,0.661033,0.661033,41,12,0.362832,0.106195,"(1,((2,3),(4,5)))"
22,114,0.00000338,0.661033,0.661033,41,12,0.359649,0.105263,"(1,((2,3),(4,5)))"
22,115,0.00000304,0.661033,0.661033,41,12,0.356522,0.104348,"(1,((2,3),(4,5)))"
22,116,0.00000273,0.661033,0.661033,41,12,0.353448,0.103448,"(1,((2,3),(4,5)))"
22,117,0.00000246,0.659265,0.659265,42,12,0.358974,0.102564,"(1,((2,3),(4,5)))"
22,118,0.00000221,0.659265,0.659265,42,12,0.355932,0.101695,"(1,((2,3),(4,5)))"
22,119,0.00000199,0.659265,0.659265,42,12,0.352941,0.100840,"(1,((2,3),(4,5)))"
22,120,0.00000179,0.659265,0.659265,42,12,0.350000,0.100000,"(1,((2,3),(4,5)))"
22,121,0.00000161,0.659265,0.659265,42,12,0.347107,0.099174,"(1,((2,3),(4,5)))"
22,122,0.00000145,0.658336,0.658336,43,12,0.352459,0.098361,"(1,((2,3),(4,5)))"
22,123,0.00000131,0.658336,0.658336,43,12,0.349593,0.097561,"(1,((2,3),(4,5)))"
22,124,0.00000118,0.658336,0.658336,43,12,0.346774,0.096774,"(1,((2,3),(4,5)))"
22,125,0.00000106,0.658336,0.658336,43,12,0.344000,0.096000,"(1,((2,3),(4,5)))"
22,126,0.00000095,0.658336,0.658336,43,12,0.341270,0.095238,"(1,((2,3),(4,5)))"
22,127,0.00000086,0.658336,0.658336,43,12,0.338583,0.094488,"(1,((2,3),(4,5)))"
22,128,0.00000077,0.658336,0.658336,43,12,0.335938,0.093750,"(1,((2,3),(4,5)))"
22,129,0.00000070,0.658336,0.658336,43,12,0.333333,0.093023,"(1,((2,3),(4,5)))"
22,130,0.00000063,0.658336,0.658336,43,12,0.330769,0.092308,"(1,((2,3),(4,5)))"
22,131,0.00000056,0.658336,0.658336,43,12,0.328244,0.091603,"(1,((2,3),(4,5)))"
22,132,0.00000051,0.658336,0.658336,43,12,0.325758,0.090909,"(1,((2,3),(4,5)))"
22,133,0.00000046,0.658336,0.658336,43,12,0.323308,0.090226,"(1,((2,3),(4,5)))"
22,134,0.00000041,0.658336,0.658336,43,12,0.320896,0.089552,"(1,((2,3),(4,5)))"
22,135,0.00000037,0.658336,0.658336,43,12,0.318519,0.088889,"(1,((2,3),(4,5)))"
22,136,0.00000033,0.658336,0.658336,43,12,0.316176,0.088235,"(1,((2,3),(4,5)))"
22,137,0.00000030,0.658336,0.658336,43,12,0.313869,0.087591,"(1,((2,3),(4,5)))"
22,138,0.00000027,0.658336,0.658336,43,12,0.311594,0.086957,"(1,((2,3),(4,5)))"
22,139,0.00000024,0.658336,0.658336,43,12,0.309353,0.086331,"(1,((2,3),(4,5)))"
22,140,0.00000022,0.658336,0.658336,43,12,0.307143,0.085714,"(1,((2,3),(4,5)))"
22,141,0.00000020,0.658336,0.658336,43,12,0.304965,0.085106,"(1,((2,3),(4,5)))"
22,142,0.00000018,0.658336,0.658336,43,12,0.302817,0.084507,"(1,((2,3),(4,5)))"
22,143,0.00000016,0.658336,0.658336,43,12,0.300699,0.083916,"(1,((2,3),(4,5)))"
22,144,0.00000014,0.658336,0.658336,43,12,0.298611,0.083333,"(1,((2,3),(4,5)))"
22,145,0.00000013,0.658336,0.658336,43,12,0.296552,0.082759,"(1,((2,3),(4,5)))"
22,146,0.00000012,0.658336,0.658336,43,12,0.294521,0.082192,"(1,((2,3),(4,5)))"
22,147,0.00000010,0.658336,0.658336,43,12,0.292517,0.081633,"(1,((2,3),(4,5)))"
22,148,0.00000009,0.658336,0.658336,43,12,0.290541,0.081081,"(1,((2,3),(4,5)))"
22,149,0.00000008,0.658336,0.658336,43,12,0.288591,0.080537,"(1,((2,3),(4,5)))"
22,150,0.00000008,0.658336,0.658336,43,12,0.286667,0.080000,"(1,((2,3),(4,5)))"
23,0,0.50000000,0.782070,0.782070,0,0,0.000000,0.000000,"(1,((2,(3,4)),5))"
23,1,0.50000000,0.782070,0.782070,0,0,0.000000,0.000000,"(1,((2,(3,4)),5))"
23,2,0.45000000,0.782904,0.782070,1,1,0.500000,0.500000,"(1,((2,(3,4)),5))"
23,3,0.40500000,0.780331,0.780331,2,1,0.666667,0.333333,"(1,((2,(3,4)),5))"
23,4,0.36450000,0.763079,0.763079,3,1,0.750000,0.250000,"(1,((2,(3,4)),5))"
23,5,0.32805000,0.780461,0.763079,4,2,0.800000,0.400000,"(1,((2,(3,4)),5))"
23,6,0.29524500,0.773049,0.763079,5,2,0.833333,0.333333,"(1,((2,(3,4)),5))"
23,7,0.26572050,0.771990,0.763079,6,2,0.857143,0.285714,"(1,((2,(3,4)),5))"
23,8,0.23914845,0.809185,0.763079,7,3,0.875000,0.375000,"(1,((2,(3,4)),5))"
23,9,0.21523361,0.855766,0.763079,8,4,0.888889,0.444444,"(1,((2,(3,4)),5))"
23,10,0.19371024,0.751274,0.751274,9,4,0.900000,0.400000,"(1,((2,3),(4,5)))"
23,11,0.17433922,0.751274,0.751274,9,4,0.818182,0.363636,"(1,((2,3),(4,5)))"
23,12,0.15690530,0.761400,0.751274,10,5,0.833333,0.416667,"(1,((2,3),(4,5)))"
23,13,0.14121477,0.751586,0.751274,11,5,0.846154,0.384615,"(1,((2,3),(4,5)))"
23,14,0.12709329,0.751586,0.751274,11,5,0.785714,0.357143,"(1,((2,3),(4,5)))"
23,15,0.11438396,0.751086,0.751086,12,5,0.800000,0.333333,"(1,((2,3),(4,5)))"
23,16,0.10294557,0.751086,0.751086,12,5,0.750000,0.312500,"(1,((2,3),(4,5)))"
23,17,0.09265101,0.754983,0.751086,13,6,0.764706,0.352941,"(1,((2,3),(4,5)))"
23,18,0.08338591,0.772949,0.751086,14,7,0.777778,0.388889,"(1,((2,3),(4,5)))"
23,19,0.07504732,0.839697,0.751086,15,8,0.789474,0.421053,"(1,((2,3),(4,5)))"
23,20,0.06754259,0.839697,0.751086,15,8,0.750000,0.400000,"(1,((2,3),(4,5)))"
23,21,0.06078833,0.723745,0.723745,16,8,0.761905,0.380952,"(1,(2,(3,(4,5))))"
23,22,0.05470949,0.723745,0.723745,16,8,0.727273,0.363636,"(1,(2,(3,(4,5))))"
23,23,0.04923855,0.731963,0.723745,17,9,0.739130,0.391304,"(1,(2,(3,(4,5))))"
23,24,0.04431469,0.731963,0.723745,17,9,0.708333,0.375000,"(1,(2,(3,(4,5))))"
23,25,0.03988322,0.735346,0.723745,18,10,0.720000,0.400000,"(1,(2,(3,(4,5))))"
23,26,0.03589490,0.735346,0.723745,18,10,0.692308,0.384615,"(1,(2,(3,(4,5))))"
23,27,0.03230541,0.714357,0.714357,19,10,0.703704,0.370370,"(1,(2,(3,(4,5))))"
23,28,0.02907487,0.714357,0.714357,19,10,0.678571,0.357143,"(1,(2,(3,(4,5))))"
23,29,0.02616738,0.715922,0.714357,20,11,0.689655,0.379310,"(1,(2,(3,(4,5))))"
23,30,0.02355064,0.722627,0.714357,21,12,0.700000,0.400000,"(1,(2,(3,(4,5))))"
23,31,0.02119558,0.687329,0.687329,22,12,0.709677,0.387097,"((1,2),(3,(4,5)))"
23,32,0.01907602,0.686722,0.686722,23,12,0.718750,0.375000,"((1,2),(3,(4,5)))"
23,33,0.01716842,0.686722,0.686722,23,12,0.696970,0.363636,"((1,2),(3,(4,5)))"
23,34,0.01545158,0.686722,0.686722,23,12,0.676471,0.352941,"((1,2),(3,(4,5)))"
23,35,0.01390642,0.686722,0.686722,23,12,0.657143,0.342857,"((1,2),(3,(4,5)))"
23,36,0.01251578,0.686722,0.686722,23,12,0.638889,0.333333,"((1,2),(3,(4,5)))"
23,37,0.01126420,0.687543,0.686722,24,13,0.648649,0.351351,"((1,2),(3,(4,5)))"
23,38,0.01013778,0.687543,0.686722,24,13,0.631579,0.342105,"((1,2),(3,(4,5)))"
23,39,0.00912400,0.687543,0.686722,24,13,0.615385,0.333333,"((1,2),(3,(4,5)))"
23,40,0.00821160,0.687543,0.686722,24,13,0.600000,0.325000,"((1,2),(3,(4,5)))"
23,41,0.00739044,0.687543,0.686722,24,13,0.585366,0.317073,"((1,2),(3,(4,5)))"
23,42,0.00665140,0.682269,0.682269,25,13,0.595238,0.309524,"((1,2),(3,(4,5)))"
23,43,0.00598626,0.682269,0.682269,25,13,0.581395,0.302326,"((1,2),(3,(4,5)))"
23,44,0.00538763,0.682269,0.682269,25,13,0.568182,0.295455,"((1,2),(3,(4,5)))"
23,45,0.00484887,0.682269,0.682269,25,13,0.555556,0.288889,"((1,2),(3,(4,5)))"
23,46,0.00436398,0.678130,0.678130,26,13,0.565217,0.282609,"((1,2),(3,(4,5)))"
23,47,0.00392758,0.678130,0.678130,26,13,0.553191,0.276596,"((1,2),(3,(4,5)))"
23,48,0.00353483,0.678130,0.678130,26,13,0.541667,0.270833,"((1,2),(3,(4,5)))"
23,49,0.00318134,0.677555,0.677555,27,13,0.551020,0.265306,"((1,2),(3,(4,5)))"
23,50,0.00286321,0.666161,0.666161,28,13,0.560000,0.260000,"((1,2),(3,(4,5)))"
23,51,0.00257689,0.665071,0.665071,29,13,0.568627,0.254902,"((1,2),(3,(4,5)))"
23,52,0.00231920,0.661555,0.661555,30,13,0.576923,0.250000,"((1,2),(3,(4,5)))"
23,53,0.00208728,0.661555,0.661555,30,13,0.566038,0.245283,"((1,2),(3,(4,5)))"
23,54,0.00187855,0.660104,0.660104,31,13,0.574074,0.240741,"((1,2),(3,(4,5)))"
23,55,0.00169070,0.659500,0.659500,32,13,0.581818,0.236364,"((1,2),(3,(4,5)))"
23,56,0.00152163,0.659500,0.659500,32,13,0.571429,0.232143,"((1,2),(3,(4,5)))"
23,57,0.00136946,0.659500,0.659500,32,13,0.561404,0.228070,"((1,2),(3,(4,5)))"
23,58,0.00123252,0.659500,0.659500,32,13,0.551724,0.224138,"((1,2),(3,(4,5)))"
23,59,0.00110927,0.659094,0.659094,33,13,0.559322,0.220339,"((1,2),(3,(4,5)))"
23,60,0.00099834,0.659094,0.659094,33,13,0.550000,0.216667,"((1,2),(3,(4,5)))"
23,61,0.00089851,0.640234,0.640234,34,13,0.557377,0.213115,"((1,2),(3,(4,5)))"
23,62,0.00080865,0.640234,0.640234,34,13,0.548387,0.209677,"((1,2),(3,(4,5)))"
23,63,0.00072779,0.639684,0.639684,35,13,0.555556,0.206349,"((1,2),(3,(4,5)))"
23,64,0.00065501,0.639684,0.639684,35,13,0.546875,0.203125,"((1,2),(3,(4,5)))"
23,65,0.00058951,0.639094,0.639094,36,13,0.553846,0.200000,"((1,2),(3,(4,5)))"
23,66,0.00053056,0.635677,0.635677,37,13,0.560606,0.196970,"((1,2),(3,(4,5)))"
23,67,0.00047750,0.635677,0.635677,37,13,0.552239,0.194030,"((1,2),(3,(4,5)))"
23,68,0.00042975,0.635677,0.635677,37,13,0.544118,0.191176,"((1,2),(3,(4,5)))"
23,69,0.00038678,0.635677,0.635677,37,13,0.536232,0.188406,"((1,2),(3,(4,5)))"
23,70,0.00034810,0.635458,0.635458,38,13,0.542857,0.185714,"((1,2),(3,(4,5)))"
23,71,0.00031329,0.629941,0.629941,39,13,0.549296,0.183099,"((1,2),(3,(4,5)))"
23,72,0.00028196,0.629941,0.629941,39,13,0.541667,0.180556,"((1,2),(3,(4,5)))"
23,73,0.00025376,0.629941,0.629941,39,13,0.534247,0.178082,"((1,2),(3,(4,5)))"
23,74,0.00022839,0.630098,0.629941,40,14,0.540541,0.189189,"((1,2),(3,(4,5)))"
23,75,0.00020555,0.630098,0.629941,40,14,0.533333,0.186667,"((1,2),(3,(4,5)))"
23,76,0.00018499,0.630098,0.629941,40,14,0.526316,0.184211,"((1,2),(3,(4,5)))"
23,77,0.00016649,0.626574,0.626574,41,14,0.532468,0.181818,"((1,2),(3,(4,5)))"
23,78,0.00014985,0.626574,0.626574,41,14,0.525641,0.179487,"((1,2),(3,(4,5)))"
23,79,0.00013486,0.626574,0.626574,41,14,0.518987,0.177215,"((1,2),(3,(4,5)))"
23,80,0.00012137,0.626574,0.626574,41,14,0.512500,0.175000,"((1,2),(3,(4,5)))"
23,81,0.00010924,0.625487,0.625487,42,14,0.518519,0.172840,"((1,2),(3,(4,5)))"
23,82,0.00009831,0.625487,0.625487,42,14,0.512195,0.170732,"((1,2),(3,(4,5)))"
23,83,0.00008848,0.625487,0.625487,42,14,0.506024,0.168675,"((1,2),(3,(4,5)))"
23,84,0.00007963,0.625487,0.625487,42,14,0.500000,0.166667,"((1,2),(3,(4,5)))"
23,85,0.00007167,0.625487,0.625487,42,14,0.494118,0.164706,"((1,2),(3,(4,5)))"
23,86,0.00006450,0.625487,0.625487,42,14,0.488372,0.162791,"((1,2),(3,(4,5)))"
23,87,0.00005805,0.625487,0.625487,42,14,0.482759,0.160920,"((1,2),(3,(4,5)))"
23,88,0.00005225,0.625487,0.625487,42,14,0.477273,0.159091,"((1,2),(3,(4,5)))"
23,89,0.00004702,0.625487,0.625487,42,14,0.471910,0.157303,"((1,2),(3,(4,5)))"
23,90,0.00004232,0.625487,0.625487,42,14,0.466667,0.155556,"((1,2),(3,(4,5)))"
23,91,0.00003809,0.625487,0.625487,42,14,0.461538,0.153846,"((1,2),(3,(4,5)))"
23,92,0.00003428,0.625487,0.625487,42,14,0.456522,0.152174,"((1,2),(3,(4,5)))"
23,93,0.00003085,0.625487,0.625487,42,14,0.451613,0.150538,"((1,2),(3,(4,5)))"
23,94,0.00002777,0.624750,0.624750,43,14,0.457447,0.148936,"((1,2),(3,(4,5)))"
23,95,0.00002499,0.624746,0.624746,44,14,0.463158,0.147368,"((1,2),(3,(4,5)))"
23,96,0.00002249,0.624746,0.624746,44,14,0.458333,0.145833,"((1,2),(3,(4,5)))"
23,97,0.00002024,0.624746,0.624746,44,14,0.453608,0.144330,"((1,2),(3,(4,5)))"
23,98,0.00001822,0.624746,0.624746,44,14,0.448980,0.142857,"((1,2),(3,(4,5)))"
23,99,0.00001640,0.624666,0.624666,45,14,0.454545,0.141414,"((1,2),(3,(4,5)))"
23,100,0.00001476,0.624666,0.624666,45,14,0.450000,0.140000,"((1,2),(3,(4,5)))"
23,101,0.00001328,0.622972,0.622972,46,14,0.455446,0.138614,"((1,2),(3,(4,5)))"
23,102,0.00001195,0.622972,0.622972,46,14,0.450980,0.137255,"((1,2),(3,(4,5)))"
23,103,0.00001076,0.622813,0.622813,47,14,0.456311,0.135922,"((1,2),(3,(4,5)))"
23,104,0.00000968,0.622755,0.622755,48,14,0.461538,0.134615,"((1,2),(3,(4,5)))"
23,105,0.00000871,0.622755,0.622755,48,14,0.457143,0.133333,"((1,2),(3,(4,5)))"
23,106,0.00000784,0.622755,0.622755,48,14,0.452830,0.132075,"((1,2),(3,(4,5)))"
23,107,0.00000706,0.622755,0.622755,48,14,0.448598,0.130841,"((1,2),(3,(4,5)))"
23,108,0.00000635,0.622755,0.622755,48,14,0.444444,0.129630,"((1,2),(3,(4,5)))"
23,109,0.00000572,0.622755,0.622755,48,14,0.440367,0.128440,"((1,2),(3,(4,5)))"
23,110,0.00000515,0.622485,0.622485,49,14,0.445455,0.127273,"((1,2),(3,(4,5)))"
23,111,0.00000463,0.622485,0.622485,49,14,0.441441,0.126126,"((1,2),(3,(4,5)))"
23,112,0.00000417,0.622081,0.622081,50,14,0.446429,0.125000,"((1,2),(3,(4,5)))"
23,113,0.00000375,0.622081,0.622081,50,14,0.442478,0.123894,"((1,2),(3,(4,5)))"
23,114,0.00000338,0.622081,0.622081,50,14,0.438596,0.122807,"((1,2),(3,(4,5)))"
23,115,0.00000304,0.622081,0.622081,50,14,0.434783,0.121739,"((1,2),(3,(4,5)))"
23,116,0.00000273,0.622056,0.622056,51,14,0.439655,0.120690,"((1,2),(3,(4,5)))"
23,117,0.00000246,0.621869,0.621869,52,14,0.444444,0.119658,"((1,2),(3,(4,5)))"
23,118,0.00000221,0.621145,0.621145,53,14,0.449153,0.118644,"((1,2),(3,(4,5)))"
23,119,0.00000199,0.621145,0.621145,53,14,0.445378,0.117647,"((1,2),(3,(4,5)))"
23,120,0.00000179,0.621145,0.621145,53,14,0.441667,0.116667,"((1,2),(3,(4,5)))"
23,121,0.00000161,0.620956,0.620956,54,14,0.446281,0.115702,"((1,2),(3,(4,5)))"
23,122,0.00000145,0.620956,0.620956,54,14,0.442623,0.114754,"((1,2),(3,(4,5)))"
23,123,0.00000131,0.620956,0.620956,54,14,0.439024,0.113821,"((1,2),(3,(4,5)))"
23,124,0.00000118,0.620956,0.620956,54,14,0.435484,0.112903,"((1,2),(3,(4,5)))"
23,125,0.00000106,0.620836,0.620836,55,14,0.440000,0.112000,"((1,2),(3,(4,5)))"
23,126,0.00000095,0.620836,0.620836,55,14,0.436508,0.111111,"((1,2),(3,(4,5)))"
23,127,0.00000086,0.620836,0.620836,55,14,0.433071,0.110236,"((1,2),(3,(4,5)))"
23,128,0.00000077,0.620836,0.620836,55,14,0.429688,0.109375,"((1,2),(3,(4,5)))"
23,129,0.00000070,0.620836,0.620836,55,14,0.426357,0.108527,"((1,2),(3,(4,5)))"
23,130,0.00000063,0.620836,0.620836,56,14,0.430769,0.107692,"((1,2),(3,(4,5)))"
23,131,0.00000056,0.620836,0.620836,56,14,0.427481,0.106870,"((1,2),(3,(4,5)))"
23,132,0.00000051,0.620836,0.620836,57,14,0.431818,0.106061,"((1,2),(3,(4,5)))"
23,133,0.00000046,0.620836,0.620836,57,14,0.428571,0.105263,"((1,2),(3,(4,5)))"
23,134,0.00000041,0.620836,0.620836,57,14,0.425373,0.104478,"((1,2),(3,(4,5)))"
23,135,0.00000037,0.620836,0.620836,58,14,0.429630,0.103704,"((1,2),(3,(4,5)))"
23,136,0.00000033,0.620836,0.620836,59,14,0.433824,0.102941,"((1,2),(3,(4,5)))"
23,137,0.00000030,0.620836,0.620836,59,14,0.430657,0.102190,"((1,2),(3,(4,5)))"
23,138,0.00000027,0.620836,0.620836,59,14,0.427536,0.101449,"((1,2),(3,(4,5)))"
23,139,0.00000024,0.620836,0.620836,60,14,0.431655,0.100719,"((1,2),(3,(4,5)))"
23,140,0.00000022,0.620836,0.620836,60,14,0.428571,0.100000,"((1,2),(3,(4,5)))"
23,141,0.00000020,0.620836,0.620836,60,14,0.425532,0.099291,"((1,2),(3,(4,5)))"
23,142,0.00000018,0.620836,0.620836,60,14,0.422535,0.098592,"((1,2),(3,(4,5)))"
23,143,0.00000016,0.620836,0.620836,60,14,0.419580,0.097902,"((1,2),(3,(4,5)))"
23,144,0.00000014,0.620836,0.620836,60,14,0.416667,0.097222,"((1,2),(3,(4,5)))"
23,145,0.00000013,0.620836,0.620836,60,14,0.413793,0.096552,"((1,2),(3,(4,5)))"
23,146,0.00000012,0.620244,0.620244,61,14,0.417808,0.095890,"((1,2),(3,(4,5)))"
23,147,0.00000010,0.620244,0.620244,61,14,0.414966,0.095238,"((1,2),(3,(4,5)))"
23,148,0.00000009,0.620244,0.620244,61,14,0.412162,0.094595,"((1,2),(3,(4,5)))"
23,149,0.00000008,0.620122,0.620122,62,14,0.416107,0.093960,"((1,2),(3,(4,5)))"
23,150,0.00000008,0.620122,0.620122,62,14,0.413333,0.093333,"((1,2),(3,(4,5)))"
24,0,0.50000000,0.817164,0.817164,0,0,0.000000,0.000000,"(1,((2,3),(4,5)))"
24,1,0.50000000,0.878278,0.817164,1,1,1.000000,1.000000,"(1,((2,3),(4,5)))"
24,2,0.45000000,0.856729,0.817164,2,1,1.000000,0.500000,"(1,((2,3),(4,5)))"
24,3,0.40500000,0.856729,0.817164,2,1,0.666667,0.333333,"(1,((2,3),(4,5)))"
24,4,0.36450000,0.884128,0.817164,3,2,0.750000,0.500000,"(1,((2,3),(4,5)))"
24,5,0.32805000,0.905178,0.817164,4,3,0.800000,0.600000,"(1,((2,3),(4,5)))"
24,6,0.29524500,0.906441,0.817164,5,4,0.833333,0.666667,"(1,((2,3),(4,5)))"
24,7,0.26572050,0.906441,0.817164,5,4,0.714286,0.571429,"(1,((2,3),(4,5)))"
24,8,0.23914845,0.870611,0.817164,6,4,0.750000,0.500000,"(1,((2,3),(4,5)))"
24,9,0.21523361,0.875341,0.817164,7,5,0.777778,0.555556,"(1,((2,3),(4,5)))"
24,10,0.19371024,0.875341,0.817164,7,5,0.700000,0.500000,"(1,((2,3),(4,5)))"
24,11,0.17433922,1.063388,0.817164,8,6,0.727273,0.545455,"(1,((2,3),(4,5)))"
24,12,0.15690530,1.063388,0.817164,8,6,0.666667,0.500000,"(1,((2,3),(4,5)))"
24,13,0.14121477,1.001975,0.817164,9,6,0.692308,0.461538,"(1,((2,3),(4,5)))"
24,14,0.12709329,1.012536,0.817164,10,7,0.714286,0.500000,"(1,((2,3),(4,5)))"
24,15,0.11438396,0.875529,0.817164,11,7,0.733333,0.466667,"(1,((2,3),(4,5)))"
24,16,0.10294557,0.855490,0.817164,12,7,0.750000,0.437500,"(1,((2,3),(4,5)))"
24,17,0.09265101,0.834774,0.817164,13,7,0.764706,0.411765,"(1,((2,3),(4,5)))"
24,18,0.08338591,0.807931,0.807931,14,7,0.777778,0.388889,"(1,(((2,3),4),5))"
24,19,0.07504732,0.808877,0.807931,15,8,0.789474,0.421053,"(1,(((2,3),4),5))"
24,20,0.06754259,0.808877,0.807931,15,8,0.750000,0.400000,"(1,(((2,3),4),5))"
24,21,0.06078833,0.808877,0.807931,15,8,0.714286,0.380952,"(1,(((2,3),4),5))"
24,22,0.05470949,0.808877,0.807931,15,8,0.681818,0.363636,"(1,(((2,3),4),5))"
24,23,0.04923855,0.771430,0.771430,16,8,0.695652,0.347826,"(1,(((2,3),4),5))"
24,24,0.04431469,0.771430,0.771430,16,8,0.666667,0.333333,"(1,(((2,3),4),5))"
24,25,0.03988322,0.771430,0.771430,16,8,0.640000,0.320000,"(1,(((2,3),4),5))"
24,26,0.03589490,0.771430,0.771430,16,8,0.615385,0.307692,"(1,(((2,3),4),5))"
24,27,0.03230541,0.771430,0.771430,16,8,0.592593,0.296296,"(1,(((2,3),4),5))"
24,28,0.02907487,0.771430,0.771430,16,8,0.571429,0.285714,"(1,(((2,3),4),5))"
24,29,0.02616738,0.771430,0.771430,16,8,0.551724,0.275862,"(1,(((2,3),4),5))"
24,30,0.02355064,0.771430,0.771430,16,8,0.533333,0.266667,"(1,(((2,3),4),5))"
24,31,0.02119558,0.781382,0.771430,17,9,0.548387,0.290323,"(1,(((2,3),4),5))"
24,32,0.01907602,0.781382,0.771430,17,9,0.531250,0.281250,"(1,(((2,3),4),5))"
24,33,0.01716842,0.777895,0.771430,18,9,0.545455,0.272727,"(1,(((2,3),4),5))"
24,34,0.01545158,0.790529,0.771430,19,10,0.558824,0.294118,"(1,(((2,3),4),5))"
24,35,0.01390642,0.790529,0.771430,19,10,0.542857,0.285714,"(1,(((2,3),4),5))"
24,36,0.01251578,0.790529,0.771430,19,10,0.527778,0.277778,"(1,(((2,3),4),5))"
24,37,0.01126420,0.790529,0.771430,19,10,0.513514,0.270270,"(1,(((2,3),4),5))"
24,38,0.01013778,0.790529,0.771430,19,10,0.500000,0.263158,"(1,(((2,3),4),5))"
24,39,0.00912400,0.791243,0.771430,20,11,0.512821,0.282051,"(1,(((2,3),4),5))"
24,40,0.00821160,0.777692,0.771430,21,11,0.525000,0.275000,"(1,(((2,3),4),5))"
24,41,0.00739044,0.777692,0.771430,21,11,0.512195,0.268293,"(1,(((2,3),4),5))"
24,42,0.00665140,0.777692,0.771430,21,11,0.500000,0.261905,"(1,(((2,3),4),5))"
24,43,0.00598626,0.762128,0.762128,22,11,0.511628,0.255814,"(1,((2,(3,4)),5))"
24,44,0.00538763,0.762128,0.762128,22,11,0.500000,0.250000,"(1,((2,(3,4)),5))"
24,45,0.00484887,0.762128,0.762128,22,11,0.488889,0.244444,"(1,((2,(3,4)),5))"
24,46,0.00436398,0.762128,0.762128,22,11,0.478261,0.239130,"(1,((2,(3,4)),5))"
24,47,0.00392758,0.762128,0.762128,22,11,0.468085,0.234043,"(1,((2,(3,4)),5))"
24,48,0.00353483,0.762128,0.762128,22,11,0.458333,0.229167,"(1,((2,(3,4)),5))"
24,49,0.00318134,0.762128,0.762128,22,11,0.448980,0.224490,"(1,((2,(3,4)),5))"
24,50,0.00286321,0.754293,0.754293,23,11,0.460000,0.220000,"(1,((2,(3,4)),5))"
24,51,0.00257689,0.754293,0.754293,23,11,0.450980,0.215686,"(1,((2,(3,4)),5))"
24,52,0.00231920,0.754293,0.754293,23,11,0.442308,0.211538,"(1,((2,(3,4)),5))"
24,53,0.00208728,0.754293,0.754293,23,11,0.433962,0.207547,"(1,((2,(3,4)),5))"
24,54,0.00187855,0.754293,0.754293,23,11,0.425926,0.203704,"(1,((2,(3,4)),5))"
24,55,0.00169070,0.754293,0.754293,23,11,0.418182,0.200000,"(1,((2,(3,4)),5))"
24,56,0.00152163,0.754293,0.754293,23,11,0.410714,0.196429,"(1,((2,(3,4)),5))"
24,57,0.00136946,0.749386,0.749386,24,11,0.421053,0.192982,"(1,((2,(3,4)),5))"
24,58,0.00123252,0.746251,0.746251,25,11,0.431034,0.189655,"(1,((2,(3,4)),5))"
24,59,0.00110927,0.746251,0.746251,25,11,0.423729,0.186441,"(1,((2,(3,4)),5))"
24,60,0.00099834,0.746251,0.746251,25,11,0.416667,0.183333,"(1,((2,(3,4)),5))"
24,61,0.00089851,0.746251,0.746251,25,11,0.409836,0.180328,"(1,((2,(3,4)),5))"
24,62,0.00080865,0.746251,0.746251,25,11,0.403226,0.177419,"(1,((2,(3,4)),5))"
24,63,0.00072779,0.746251,0.746251,25,11,0.396825,0.174603,"(1,((2,(3,4)),5))"
24,64,0.00065501,0.746251,0.746251,25,11,0.390625,0.171875,"(1,((2,(3,4)),5))"
24,65,0.00058951,0.746251,0.746251,25,11,0.384615,0.169231,"(1,((2,(3,4)),5))"
24,66,0.00053056,0.746251,0.746251,25,11,0.378788,0.166667,"(1,((2,(3,4)),5))"
24,67,0.00047750,0.746251,0.746251,25,11,0.373134,0.164179,"(1,((2,(3,4)),5))"
24,68,0.00042975,0.746251,0.746251,25,11,0.367647,0.161765,"(1,((2,(3,4)),5))"
24,69,0.00038678,0.746251,0.746251,25,11,0.362319,0.159420,"(1,((2,(3,4)),5))"
24,70,0.00034810,0.746251,0.746251,25,11,0.357143,0.157143,"(1,((2,(3,4)),5))"
24,71,0.00031329,0.746251,0.746251,25,11,0.352113,0.154930,"(1,((2,(3,4)),5))"
24,72,0.00028196,0.746251,0.746251,25,11,0.347222,0.152778,"(1,((2,(3,4)),5))"
24,73,0.00025376,0.746251,0.746251,25,11,0.342466,0.150685,"(1,((2,(3,4)),5))"
24,74,0.00022839,0.746251,0.746251,25,11,0.337838,0.148649,"(1,((2,(3,4)),5))"
24,75,0.00020555,0.746251,0.746251,25,11,0.333333,0.146667,"(1,((2,(3,4)),5))"
24,76,0.00018499,0.746251,0.746251,25,11,0.328947,0.144737,"(1,((2,(3,4)),5))"
24,77,0.00016649,0.746251,0.746251,25,11,0.324675,0.142857,"(1,((2,(3,4)),5))"
24,78,0.00014985,0.726445,0.726445,26,11,0.333333,0.141026,"(1,((2,(3,4)),5))"
24,79,0.00013486,0.726445,0.726445,26,11,0.329114,0.139241,"(1,((2,(3,4)),5))"
24,80,0.00012137,0.726445,0.726445,26,11,0.325000,0.137500,"(1,((2,(3,4)),5))"
24,81,0.00010924,0.726445,0.726445,26,11,0.320988,0.135802,"(1,((2,(3,4)),5))"
24,82,0.00009831,0.726445,0.726445,26,11,0.317073,0.134146,"(1,((2,(3,4)),5))"
24,83,0.00008848,0.726445,0.726445,26,11,0.313253,0.132530,"(1,((2,(3,4)),5))"
24,84,0.00007963,0.726445,0.726445,26,11,0.309524,0.130952,"(1,((2,(3,4)),5))"
24,85,0.00007167,0.726445,0.726445,26,11,0.305882,0.129412,"(1,((2,(3,4)),5))"
24,86,0.00006450,0.726445,0.726445,26,11,0.302326,0.127907,"(1,((2,(3,4)),5))"
24,87,0.00005805,0.726445,0.726445,26,11,0.298851,0.126437,"(1,((2,(3,4)),5))"
24,88,0.00005225,0.726445,0.726445,26,11,0.295455,0.125000,"(1,((2,(3,4)),5))"
24,89,0.00004702,0.726445,0.726445,26,11,0.292135,0.123596,"(1,((2,(3,4)),5))"
24,90,0.00004232,0.726445,0.726445,26,11,0.288889,0.122222,"(1,((2,(3,4)),5))"
24,91,0.00003809,0.726445,0.726445,26,11,0.285714,0.120879,"(1,((2,(3,4)),5))"
24,92,0.00003428,0.726445,0.726445,26,11,0.282609,0.119565,"(1,((2,(3,4)),5))"
24,93,0.00003085,0.726445,0.726445,26,11,0.279570,0.118280,"(1,((2,(3,4)),5))"
24,94,0.00002777,0.726445,0.726445,26,11,0.276596,0.117021,"(1,((2,(3,4)),5))"
24,95,0.00002499,0.726445,0.726445,26,11,0.273684,0.115789,"(1,((2,(3,4)),5))"
24,96,0.00002249,0.726445,0.726445,26,11,0.270833,0.114583,"(1,((2,(3,4)),5))"
24,97,0.00002024,0.726445,0.726445,26,11,0.268041,0.113402,"(1,((2,(3,4)),5))"
24,98,0.00001822,0.726445,0.726445,26,11,0.265306,0.112245,"(1,((2,(3,4)),5))"
24,99,0.00001640,0.726445,0.726445,26,11,0.262626,0.111111,"(1,((2,(3,4)),5))"
24,100,0.00001476,0.718986,0.718986,27,11,0.270000,0.110000,"(1,((2,(3,4)),5))"
24,101,0.00001328,0.718986,0.718986,27,11,0.267327,0.108911,"(1,((2,(3,4)),5))"
24,102,0.00001195,0.718986,0.718986,27,11,0.264706,0.107843,"(1,((2,(3,4)),5))"
24,103,0.00001076,0.718986,0.718986,27,11,0.262136,0.106796,"(1,((2,(3,4)),5))"
24,104,0.00000968,0.718986,0.718986,27,11,0.259615,0.105769,"(1,((2,(3,4)),5))"
24,105,0.00000871,0.718986,0.718986,27,11,0.257143,0.104762,"(1,((2,(3,4)),5))"
24,106,0.00000784,0.718986,0.718986,27,11,0.254717,0.103774,"(1,((2,(3,4)),5))"
24,107,0.00000706,0.718986,0.718986,27,11,0.252336,0.102804,"(1,((2,(3,4)),5))"
24,108,0.00000635,0.718986,0.718986,27,11,0.250000,0.101852,"(1,((2,(3,4)),5))"
24,109,0.00000572,0.718986,0.718986,27,11,0.247706,0.100917,"(1,((2,(3,4)),5))"
24,110,0.00000515,0.718986,0.718986,27,11,0.245455,0.100000,"(1,((2,(3,4)),5))"
24,111,0.00000463,0.718986,0.718986,27,11,0.243243,0.099099,"(1,((2,(3,4)),5))"
24,112,0.00000417,0.718986,0.718986,27,11,0.241071,0.098214,"(1,((2,(3,4)),5))"
24,113,0.00000375,0.718986,0.718986,27,11,0.238938,0.097345,"(1,((2,(3,4)),5))"
24,114,0.00000338,0.718986,0.718986,27,11,0.236842,0.096491,"(1,((2,(3,4)),5))"
24,115,0.00000304,0.718986,0.718986,27,11,0.234783,0.095652,"(1,((2,(3,4)),5))"
24,116,0.00000273,0.718986,0.718986,27,11,0.232759,0.094828,"(1,((2,(3,4)),5))"
24,117,0.00000246,0.718986,0.718986,27,11,0.230769,0.094017,"(1,((2,(3,4)),5))"
24,118,0.00000221,0.718986,0.718986,27,11,0.228814,0.093220,"(1,((2,(3,4)),5))"
24,119,0.00000199,0.718986,0.718986,27,11,0.226891,0.092437,"(1,((2,(3,4)),5))"
24,120,0.00000179,0.718986,0.718986,27,11,0.225000,0.091667,"(1,((2,(3,4)),5))"
24,121,0.00000161,0.718986,0.718986,27,11,0.223140,0.090909,"(1,((2,(3,4)),5))"
24,122,0.00000145,0.718986,0.718986,27,11,0.221311,0.090164,"(1,((2,(3,4)),5))"
24,123,0.00000131,0.718986,0.718986,27,11,0.219512,0.089431,"(1,((2,(3,4)),5))"
24,124,0.00000118,0.718986,0.718986,27,11,0.217742,0.088710,"(1,((2,(3,4)),5))"
24,125,0.00000106,0.718986,0.718986,27,11,0.216000,0.088000,"(1,((2,(3,4)),5))"
24,126,0.00000095,0.718986,0.718986,27,11,0.214286,0.087302,"(1,((2,(3,4)),5))"
24,127,0.00000086,0.718986,0.718986,27,11,0.212598,0.086614,"(1,((2,(3,4)),5))"
24,128,0.00000077,0.718986,0.718986,27,11,0.210938,0.085938,"(1,((2,(3,4)),5))"
24,129,0.00000070,0.718986,0.718986,27,11,0.209302,0.085271,"(1,((2,(3,4)),5))"
24,130,0.00000063,0.718986,0.718986,27,11,0.207692,0.084615,"(1,((2,(3,4)),5))"
24,131,0.00000056,0.718986,0.718986,27,11,0.206107,0.083969,"(1,((2,(3,4)),5))"
24,132,0.00000051,0.718986,0.718986,27,11,0.204545,0.083333,"(1,((2,(3,4)),5))"
24,133,0.00000046,0.718986,0.718986,27,11,0.203008,0.082707,"(1,((2,(3,4)),5))"
24,134,0.00000041,0.718986,0.718986,27,11,0.201493,0.082090,"(1,((2,(3,4)),5))"
24,135,0.00000037,0.718986,0.718986,27,11,0.200000,0.081481,"(1,((2,(3,4)),5))"
24,136,0.00000033,0.718986,0.718986,27,11,0.198529,0.080882,"(1,((2,(3,4)),5))"
24,137,0.00000030,0.718986,0.718986,27,11,0.197080,0.080292,"(1,((2,(3,4)),5))"
24,138,0.00000027,0.718986,0.718986,27,11,0.195652,0.079710,"(1,((2,(3,4)),5))"
24,139,0.00000024,0.718986,0.718986,27,11,0.194245,0.079137,"(1,((2,(3,4)),5))"
24,140,0.00000022,0.718986,0.718986,27,11,0.192857,0.078571,"(1,((2,(3,4)),5))"
24,141,0.00000020,0.718986,0.718986,27,11,0.191489,0.078014,"(1,((2,(3,4)),5))"
24,142,0.00000018,0.718986,0.718986,27,11,0.190141,0.077465,"(1,((2,(3,4)),5))"
24,143,0.00000016,0.718986,0.718986,27,11,0.188811,0.076923,"(1,((2,(3,4)),5))"
24,144,0.00000014,0.718986,0.718986,27,11,0.187500,0.076389,"(1,((2,(3,4)),5))"
24,145,0.00000013,0.718986,0.718986,27,11,0.186207,0.075862,"(1,((2,(3,4)),5))"
24,146,0.00000012,0.718986,0.718986,27,11,0.184932,0.075342,"(1,((2,(3,4)),5))"
24,147,0.00000010,0.718986,0.718986,27,11,0.183673,0.074830,"(1,((2,(3,4)),5))"
24,148,0.00000009,0.718986,0.718986,27,11,0.182432,0.074324,"(1,((2,(3,4)),5))"
24,149,0.00000008,0.718986,0.718986,27,11,0.181208,0.073826,"(1,((2,(3,4)),5))"
24,150,0.00000008,0.718986,0.718986,27,11,0.180000,0.073333,"(1,((2,(3,4)),5))"
25,0,0.50000000,0.848571,0.848571,0,0,0.000000,0.000000,"(1,(((2,3),4),5))"
25,1,0.50000000,0.840078,0.840078,1,0,1.000000,0.000000,"(1,(((2,3),4),5))"
25,2,0.45000000,0.840078,0.840078,1,0,0.500000,0.000000,"(1,(((2,3),4),5))"
25,3,0.40500000,0.840078,0.840078,1,0,0.333333,0.000000,"(1,(((2,3),4),5))"
25,4,0.36450000,0.816420,0.816420,2,0,0.500000,0.000000,"(1,(((2,3),4),5))"
25,5,0.32805000,0.823870,0.816420,3,1,0.600000,0.200000,"(1,(((2,3),4),5))"
25,6,0.29524500,0.823870,0.816420,3,1,0.500000,0.166667,"(1,(((2,3),4),5))"
25,7,0.26572050,0.775765,0.775765,4,1,0.571429,0.142857,"(1,(((2,3),4),5))"
25,8,0.23914845,0.781408,0.775765,5,2,0.625000,0.250000,"(1,(((2,3),4),5))"
25,9,0.21523361,0.779599,0.775765,6,2,0.666667,0.222222,"(1,(((2,3),4),5))"
25,10,0.19371024,0.772208,0.772208,7,2,0.700000,0.200000,"(1,(((2,3),4),5))"
25,11,0.17433922,0.758390,0.758390,8,2,0.727273,0.181818,"(1,(((2,3),4),5))"
25,12,0.15690530,0.802764,0.758390,9,3,0.750000,0.250000,"(1,(((2,3),4),5))"
25,13,0.14121477,0.804426,0.758390,10,4,0.769231,0.307692,"(1,(((2,3),4),5))"
25,14,0.12709329,0.804426,0.758390,10,4,0.714286,0.285714,"(1,(((2,3),4),5))"
25,15,0.11438396,0.804426,0.758390,10,4,0.666667,0.266667,"(1,(((2,3),4),5))"
25,16,0.10294557,0.832427,0.758390,11,5,0.687500,0.312500,"(1,(((2,3),4),5))"
25,17,0.09265101,0.836322,0.758390,12,6,0.705882,0.352941,"(1,(((2,3),4),5))"
25,18,0.08338591,0.858118,0.758390,13,7,0.722222,0.388889,"(1,(((2,3),4),5))"
25,19,0.07504732,0.958589,0.758390,14,8,0.736842,0.421053,"(1,(((2,3),4),5))"
25,20,0.06754259,0.958589,0.758390,14,8,0.700000,0.400000,"(1,(((2,3),4),5))"
25,21,0.06078833,0.941177,0.758390,15,8,0.714286,0.380952,"(1,(((2,3),4),5))"
25,22,0.05470949,0.855143,0.758390,16,8,0.727273,0.363636,"(1,(((2,3),4),5))"
25,23,0.04923855,0.855143,0.758390,16,8,0.695652,0.347826,"(1,(((2,3),4),5))"
25,24,0.04431469,0.821945,0.758390,17,8,0.708333,0.333333,"(1,(((2,3),4),5))"
25,25,0.03988322,0.825163,0.758390,18,9,0.720000,0.360000,"(1,(((2,3),4),5))"
25,26,0.03589490,0.847239,0.758390,19,10,0.730769,0.384615,"(1,(((2,3),4),5))"
25,27,0.03230541,0.831718,0.758390,20,10,0.740741,0.370370,"(1,(((2,3),4),5))"
25,28,0.02907487,0.831718,0.758390,20,10,0.714286,0.357143,"(1,(((2,3),4),5))"
25,29,0.02616738,0.845506,0.758390,21,11,0.724138,0.379310,"(1,(((2,3),4),5))"
25,30,0.02355064,0.845506,0.758390,21,11,0.700000,0.366667,"(1,(((2,3),4),5))"
25,31,0.02119558,0.845506,0.758390,21,11,0.677419,0.354839,"(1,(((2,3),4),5))"
25,32,0.01907602,0.845506,0.758390,21,11,0.656250,0.343750,"(1,(((2,3),4),5))"
25,33,0.01716842,0.882972,0.758390,22,12,0.666667,0.363636,"(1,(((2,3),4),5))"
25,34,0.01545158,0.880419,0.758390,23,12,0.676471,0.352941,"(1,(((2,3),4),5))"
25,35,0.01390642,0.899863,0.758390,24,13,0.685714,0.371429,"(1,(((2,3),4),5))"
25,36,0.01251578,0.912508,0.758390,25,14,0.694444,0.388889,"(1,(((2,3),4),5))"
25,37,0.01126420,0.879657,0.758390,26,14,0.702703,0.378378,"(1,(((2,3),4),5))"
25,38,0.01013778,0.882140,0.758390,27,15,0.710526,0.394737,"(1,(((2,3),4),5))"
25,39,0.00912400,0.741420,0.741420,28,15,0.717949,0.384615,"(1,((2,(3,4)),5))"
25,40,0.00821160,0.741420,0.741420,28,15,0.700000,0.375000,"(1,((2,(3,4)),5))"
25,41,0.00739044,0.741420,0.741420,28,15,0.682927,0.365854,"(1,((2,(3,4)),5))"
25,42,0.00665140,0.744552,0.741420,29,16,0.690476,0.380952,"(1,((2,(3,4)),5))"
25,43,0.00598626,0.744552,0.741420,29,16,0.674419,0.372093,"(1,((2,(3,4)),5))"
25,44,0.00538763,0.744552,0.741420,29,16,0.659091,0.363636,"(1,((2,(3,4)),5))"
25,45,0.00484887,0.744552,0.741420,29,16,0.644444,0.355556,"(1,((2,(3,4)),5))"
25,46,0.00436398,0.744552,0.741420,29,16,0.630435,0.347826,"(1,((2,(3,4)),5))"
25,47,0.00392758,0.744552,0.741420,29,16,0.617021,0.340426,"(1,((2,(3,4)),5))"
25,48,0.00353483,0.744552,0.741420,29,16,0.604167,0.333333,"(1,((2,(3,4)),5))"
25,49,0.00318134,0.744552,0.741420,29,16,0.591837,0.326531,"(1,((2,(3,4)),5))"
25,50,0.00286321,0.744552,0.741420,30,16,0.600000,0.320000,"(1,((2,(3,4)),5))"
25,51,0.00257689,0.742345,0.741420,31,16,0.607843,0.313725,"(1,((2,(3,4)),5))"
25,52,0.00231920,0.742345,0.741420,31,16,0.596154,0.307692,"(1,((2,(3,4)),5))"
25,53,0.00208728,0.739976,0.739976,32,16,0.603774,0.301887,"(1,((2,(3,4)),5))"
25,54,0.00187855,0.739976,0.739976,32,16,0.592593,0.296296,"(1,((2,(3,4)),5))"
25,55,0.00169070,0.739976,0.739976,32,16,0.581818,0.290909,"(1,((2,(3,4)),5))"
25,56,0.00152163,0.739976,0.739976,32,16,0.571429,0.285714,"(1,((2,(3,4)),5))"
25,57,0.00136946,0.719056,0.719056,33,16,0.578947,0.280702,"(1,(2,((3,4),5)))"
25,58,0.00123252,0.697153,0.697153,34,16,0.586207,0.275862,"(1,(2,((3,4),5)))"
25,59,0.00110927,0.681657,0.681657,35,16,0.593220,0.271186,"(1,(2,((3,4),5)))"
25,60,0.00099834,0.681657,0.681657,35,16,0.583333,0.266667,"(1,(2,((3,4),5)))"
25,61,0.00089851,0.681657,0.681657,35,16,0.573770,0.262295,"(1,(2,((3,4),5)))"
25,62,0.00080865,0.681657,0.681657,35,16,0.564516,0.258065,"(1,(2,((3,4),5)))"
25,63,0.00072779,0.681657,0.681657,35,16,0.555556,0.253968,"(1,(2,((3,4),5)))"
25,64,0.00065501,0.665128,0.665128,36,16,0.562500,0.250000,"(1,(2,((3,4),5)))"
25,65,0.00058951,0.665128,0.665128,36,16,0.553846,0.246154,"(1,(2,((3,4),5)))"
25,66,0.00053056,0.665128,0.665128,36,16,0.545455,0.242424,"(1,(2,((3,4),5)))"
25,67,0.00047750,0.665128,0.665128,36,16,0.537313,0.238806,"(1,(2,((3,4),5)))"
25,68,0.00042975,0.665128,0.665128,36,16,0.529412,0.235294,"(1,(2,((3,4),5)))"
25,69,0.00038678,0.665128,0.665128,36,16,0.521739,0.231884,"(1,(2,((3,4),5)))"
25,70,0.00034810,0.665128,0.665128,36,16,0.514286,0.228571,"(1,(2,((3,4),5)))"
25,71,0.00031329,0.665128,0.665128,36,16,0.507042,0.225352,"(1,(2,((3,4),5)))"
25,72,0.00028196,0.663897,0.663897,37,16,0.513889,0.222222,"(1,(2,((3,4),5)))"
25,73,0.00025376,0.662583,0.662583,38,16,0.520548,0.219178,"(1,(2,(3,(4,5))))"
25,74,0.00022839,0.662583,0.662583,38,16,0.513514,0.216216,"(1,(2,(3,(4,5))))"
25,75,0.00020555,0.662583,0.662583,38,16,0.506667,0.213333,"(1,(2,(3,(4,5))))"
25,76,0.00018499,0.662583,0.662583,38,16,0.500000,0.210526,"(1,(2,(3,(4,5))))"
25,77,0.00016649,0.662583,0.662583,38,16,0.493506,0.207792,"(1,(2,(3,(4,5))))"
25,78,0.00014985,0.662583,0.662583,38,16,0.487179,0.205128,"(1,(2,(3,(4,5))))"
25,79,0.00013486,0.662583,0.662583,38,16,0.481013,0.202532,"(1,(2,(3,(4,5))))"
25,80,0.00012137,0.662420,0.662420,39,16,0.487500,0.200000,"(1,(2,(3,(4,5))))"
25,81,0.00010924,0.662420,0.662420,39,16,0.481481,0.197531,"(1,(2,(3,(4,5))))"
25,82,0.00009831,0.662420,0.662420,39,16,0.475610,0.195122,"(1,(2,(3,(4,5))))"
25,83,0.00008848,0.662420,0.662420,39,16,0.469880,0.192771,"(1,(2,(3,(4,5))))"
25,84,0.00007963,0.662420,0.662420,39,16,0.464286,0.190476,"(1,(2,(3,(4,5))))"
25,85,0.00007167,0.649704,0.649704,40,16,0.470588,0.188235,"(1,(2,(3,(4,5))))"
25,86,0.00006450,0.649704,0.649704,40,16,0.465116,0.186047,"(1,(2,(3,(4,5))))"
25,87,0.00005805,0.649704,0.649704,40,16,0.459770,0.183908,"(1,(2,(3,(4,5))))"
25,88,0.00005225,0.649704,0.649704,40,16,0.454545,0.181818,"(1,(2,(3,(4,5))))"
25,89,0.00004702,0.644153,0.644153,41,16,0.460674,0.179775,"(1,(2,(3,(4,5))))"
25,90,0.00004232,0.644153,0.644153,41,16,0.455556,0.177778,"(1,(2,(3,(4,5))))"
25,91,0.00003809,0.644153,0.644153,41,16,0.450549,0.175824,"(1,(2,(3,(4,5))))"
25,92,0.00003428,0.639050,0.639050,42,16,0.456522,0.173913,"(1,(2,(3,(4,5))))"
25,93,0.00003085,0.628752,0.628752,43,16,0.462366,0.172043,"(1,(2,(3,(4,5))))"
25,94,0.00002777,0.628752,0.628752,43,16,0.457447,0.170213,"(1,(2,(3,(4,5))))"
25,95,0.00002499,0.628752,0.628752,43,16,0.452632,0.168421,"(1,(2,(3,(4,5))))"
25,96,0.00002249,0.628752,0.628752,43,16,0.447917,0.166667,"(1,(2,(3,(4,5))))"
25,97,0.00002024,0.628752,0.628752,43,16,0.443299,0.164948,"(1,(2,(3,(4,5))))"
25,98,0.00001822,0.621618,0.621618,44,16,0.448980,0.163265,"((1,2),(3,(4,5)))"
25,99,0.00001640,0.621618,0.621618,44,16,0.444444,0.161616,"((1,2),(3,(4,5)))"
25,100,0.00001476,0.621459,0.621459,45,16,0.450000,0.160000,"((1,2),(3,(4,5)))"
25,101,0.00001328,0.621459,0.621459,45,16,0.445545,0.158416,"((1,2),(3,(4,5)))"
25,102,0.00001195,0.621459,0.621459,45,16,0.441176,0.156863,"((1,2),(3,(4,5)))"
25,103,0.00001076,0.621459,0.621459,45,16,0.436893,0.155340,"((1,2),(3,(4,5)))"
25,104,0.00000968,0.621459,0.621459,45,16,0.432692,0.153846,"((1,2),(3,(4,5)))"
25,105,0.00000871,0.621459,0.621459,45,16,0.428571,0.152381,"((1,2),(3,(4,5)))"
25,106,0.00000784,0.621459,0.621459,45,16,0.424528,0.150943,"((1,2),(3,(4,5)))"
25,107,0.00000706,0.621459,0.621459,46,16,0.429907,0.149533,"((1,2),(3,(4,5)))"
25,108,0.00000635,0.621390,0.621390,47,16,0.435185,0.148148,"((1,2),(3,(4,5)))"
25,109,0.00000572,0.621390,0.621390,47,16,0.431193,0.146789,"((1,2),(3,(4,5)))"
25,110,0.00000515,0.621271,0.621271,48,16,0.436364,0.145455,"((1,2),(3,(4,5)))"
25,111,0.00000463,0.621271,0.621271,48,16,0.432432,0.144144,"((1,2),(3,(4,5)))"
25,112,0.00000417,0.621271,0.621271,48,16,0.428571,0.142857,"((1,2),(3,(4,5)))"
25,113,0.00000375,0.621271,0.621271,48,16,0.424779,0.141593,"((1,2),(3,(4,5)))"
25,114,0.00000338,0.621271,0.621271,48,16,0.421053,0.140351,"((1,2),(3,(4,5)))"
25,115,0.00000304,0.621271,0.621271,48,16,0.417391,0.139130,"((1,2),(3,(4,5)))"
25,116,0.00000273,0.621271,0.621271,48,16,0.413793,0.137931,"((1,2),(3,(4,5)))"
25,117,0.00000246,0.621271,0.621271,48,16,0.410256,0.136752,"((1,2),(3,(4,5)))"
25,118,0.00000221,0.621271,0.621271,48,16,0.406780,0.135593,"((1,2),(3,(4,5)))"
25,119,0.00000199,0.621271,0.621271,49,16,0.411765,0.134454,"((1,2),(3,(4,5)))"
25,120,0.00000179,0.621271,0.621271,49,16,0.408333,0.133333,"((1,2),(3,(4,5)))"
25,121,0.00000161,0.621271,0.621271,49,16,0.404959,0.132231,"((1,2),(3,(4,5)))"
25,122,0.00000145,0.621271,0.621271,49,16,0.401639,0.131148,"((1,2),(3,(4,5)))"
25,123,0.00000131,0.621271,0.621271,49,16,0.398374,0.130081,"((1,2),(3,(4,5)))"
25,124,0.00000118,0.620493,0.620493,50,16,0.403226,0.129032,"((1,2),(3,(4,5)))"
25,125,0.00000106,0.620493,0.620493,50,16,0.400000,0.128000,"((1,2),(3,(4,5)))"
25,126,0.00000095,0.620493,0.620493,50,16,0.396825,0.126984,"((1,2),(3,(4,5)))"
25,127,0.00000086,0.620493,0.620493,50,16,0.393701,0.125984,"((1,2),(3,(4,5)))"
25,128,0.00000077,0.620493,0.620493,50,16,0.390625,0.125000,"((1,2),(3,(4,5)))"
25,129,0.00000070,0.620493,0.620493,51,16,0.395349,0.124031,"((1,2),(3,(4,5)))"
25,130,0.00000063,0.620493,0.620493,51,16,0.392308,0.123077,"((1,2),(3,(4,5)))"
25,131,0.00000056,0.620493,0.620493,51,16,0.389313,0.122137,"((1,2),(3,(4,5)))"
25,132,0.00000051,0.620493,0.620493,51,16,0.386364,0.121212,"((1,2),(3,(4,5)))"
25,133,0.00000046,0.620493,0.620493,52,16,0.390977,0.120301,"((1,2),(3,(4,5)))"
25,134,0.00000041,0.620493,0.620493,52,16,0.388060,0.119403,"((1,2),(3,(4,5)))"
25,135,0.00000037,0.620254,0.620254,53,16,0.392593,0.118519,"((1,2),(3,(4,5)))"
25,136,0.00000033,0.620254,0.620254,53,16,0.389706,0.117647,"((1,2),(3,(4,5)))"
25,137,0.00000030,0.620254,0.620254,54,16,0.394161,0.116788,"((1,2),(3,(4,5)))"
25,138,0.00000027,0.620254,0.620254,54,16,0.391304,0.115942,"((1,2),(3,(4,5)))"
25,139,0.00000024,0.619317,0.619317,55,16,0.395683,0.115108,"((1,2),(3,(4,5)))"
25,140,0.00000022,0.619317,0.619317,55,16,0.392857,0.114286,"((1,2),(3,(4,5)))"
25,141,0.00000020,0.619317,0.619317,55,16,0.390071,0.113475,"((1,2),(3,(4,5)))"
25,142,0.00000018,0.619317,0.619317,55,16,0.387324,0.112676,"((1,2),(3,(4,5)))"
25,143,0.00000016,0.619317,0.619317,55,16,0.384615,0.111888,"((1,2),(3,(4,5)))"
25,144,0.00000014,0.619317,0.619317,55,16,0.381944,0.111111,"((1,2),(3,(4,5)))"
25,145,0.00000013,0.619317,0.619317,55,16,0.379310,0.110345,"((1,2),(3,(4,5)))"
25,146,0.00000012,0.619317,0.619317,55,16,0.376712,0.109589,"((1,2),(3,(4,5)))"
25,147,0.00000010,0.619317,0.619317,55,16,0.374150,0.108844,"((1,2),(3,(4,5)))"
25,148,0.00000009,0.619317,0.619317,55,16,0.371622,0.108108,"((1,2),(3,(4,5)))"
25,149,0.00000008,0.619317,0.619317,55,16,0.369128,0.107383,"((1,2),(3,(4,5)))"
25,150,0.00000008,0.619317,0.619317,56,16,0.373333,0.106667,"((1,2),(3,(4,5)))"
26,0,0.50000000,0.661798,0.661798,0,0,0.000000,0.000000,"((1,2),(3,(4,5)))"
26,1,0.50000000,0.662997,0.661798,1,1,1.000000,1.000000,"((1,2),(3,(4,5)))"
26,2,0.45000000,0.783758,0.661798,2,2,1.000000,1.000000,"((1,2),(3,(4,5)))"
26,3,0.40500000,0.766038,0.661798,3,2,1.000000,0.666667,"((1,2),(3,(4,5)))"
26,4,0.36450000,0.758923,0.661798,4,2,1.000000,0.500000,"((1,2),(3,(4,5)))"
26,5,0.32805000,0.747009,0.661798,5,2,1.000000,0.400000,"((1,2),(3,(4,5)))"
26,6,0.29524500,0.746127,0.661798,6,2,1.000000,0.333333,"((1,2),(3,(4,5)))"
26,7,0.26572050,0.752945,0.661798,7,3,1.000000,0.428571,"((1,2),(3,(4,5)))"
26,8,0.23914845,0.743149,0.661798,8,3,1.000000,0.375000,"((1,2),(3,(4,5)))"
26,9,0.21523361,0.742945,0.661798,9,3,1.000000,0.333333,"((1,2),(3,(4,5)))"
26,10,0.19371024,0.689820,0.661798,10,3,1.000000,0.300000,"((1,2),(3,(4,5)))"
26,11,0.17433922,0.686445,0.661798,11,3,1.000000,0.272727,"((1,2),(3,(4,5)))"
26,12,0.15690530,0.682680,0.661798,12,3,1.000000,0.250000,"((1,2),(3,(4,5)))"
26,13,0.14121477,0.685356,0.661798,13,4,1.000000,0.307692,"((1,2),(3,(4,5)))"
26,14,0.12709329,0.684752,0.661798,14,4,1.000000,0.285714,"((1,2),(3,(4,5)))"
26,15,0.11438396,0.718007,0.661798,15,5,1.000000,0.333333,"((1,2),(3,(4,5)))"
26,16,0.10294557,0.718658,0.661798,16,6,1.000000,0.375000,"((1,2),(3,(4,5)))"
26,17,0.09265101,0.718115,0.661798,17,6,1.000000,0.352941,"((1,2),(3,(4,5)))"
26,18,0.08338591,0.718115,0.661798,17,6,0.944444,0.333333,"((1,2),(3,(4,5)))"
26,19,0.07504732,0.715437,0.661798,18,6,0.947368,0.315789,"((1,2),(3,(4,5)))"
26,20,0.06754259,0.715066,0.661798,19,6,0.950000,0.300000,"((1,2),(3,(4,5)))"
26,21,0.06078833,0.735254,0.661798,20,7,0.952381,0.333333,"((1,2),(3,(4,5)))"
26,22,0.05470949,0.735254,0.661798,20,7,0.909091,0.318182,"((1,2),(3,(4,5)))"
26,23,0.04923855,0.735254,0.661798,20,7,0.869565,0.304348,"((1,2),(3,(4,5)))"
26,24,0.04431469,0.719905,0.661798,21,7,0.875000,0.291667,"((1,2),(3,(4,5)))"
26,25,0.03988322,0.719905,0.661798,21,7,0.840000,0.280000,"((1,2),(3,(4,5)))"
26,26,0.03589490,0.719845,0.661798,22,7,0.846154,0.269231,"((1,2),(3,(4,5)))"
26,27,0.03230541,0.719599,0.661798,23,7,0.851852,0.259259,"((1,2),(3,(4,5)))"
26,28,0.02907487,0.719599,0.661798,23,7,0.821429,0.250000,"((1,2),(3,(4,5)))"
26,29,0.02616738,0.719256,0.661798,24,7,0.827586,0.241379,"((1,2),(3,(4,5)))"
26,30,0.02355064,0.719256,0.661798,24,7,0.800000,0.233333,"((1,2),(3,(4,5)))"
26,31,0.02119558,0.718535,0.661798,25,7,0.806452,0.225806,"((1,2),(3,(4,5)))"
26,32,0.01907602,0.718535,0.661798,25,7,0.781250,0.218750,"((1,2),(3,(4,5)))"
26,33,0.01716842,0.726911,0.661798,26,8,0.787879,0.242424,"((1,2),(3,(4,5)))"
26,34,0.01545158,0.727227,0.661798,27,9,0.794118,0.264706,"((1,2),(3,(4,5)))"
26,35,0.01390642,0.725645,0.661798,28,9,0.800000,0.257143,"((1,2),(3,(4,5)))"
26,36,0.01251578,0.725645,0.661798,28,9,0.777778,0.250000,"((1,2),(3,(4,5)))"
26,37,0.01126420,0.725645,0.661798,28,9,0.756757,0.243243,"((1,2),(3,(4,5)))"
26,38,0.01013778,0.725645,0.661798,28,9,0.736842,0.236842,"((1,2),(3,(4,5)))"
26,39,0.00912400,0.743224,0.661798,29,10,0.743590,0.256410,"((1,2),(3,(4,5)))"
26,40,0.00821160,0.716676,0.661798,30,10,0.750000,0.250000,"((1,2),(3,(4,5)))"
26,41,0.00739044,0.716676,0.661798,30,10,0.731707,0.243902,"((1,2),(3,(4,5)))"
26,42,0.00665140,0.716676,0.661798,30,10,0.714286,0.238095,"((1,2),(3,(4,5)))"
26,43,0.00598626,0.718152,0.661798,31,11,0.720930,0.255814,"((1,2),(3,(4,5)))"
26,44,0.00538763,0.718152,0.661798,31,11,0.704545,0.250000,"((1,2),(3,(4,5)))"
26,45,0.00484887,0.718152,0.661798,31,11,0.688889,0.244444,"((1,2),(3,(4,5)))"
26,46,0.00436398,0.718152,0.661798,31,11,0.673913,0.239130,"((1,2),(3,(4,5)))"
26,47,0.00392758,0.718420,0.661798,32,12,0.680851,0.255319,"((1,2),(3,(4,5)))"
26,48,0.00353483,0.718420,0.661798,32,12,0.666667,0.250000,"((1,2),(3,(4,5)))"
26,49,0.00318134,0.718420,0.661798,32,12,0.653061,0.244898,"((1,2),(3,(4,5)))"
26,50,0.00286321,0.718420,0.661798,32,12,0.640000,0.240000,"((1,2),(3,(4,5)))"
26,51,0.00257689,0.718420,0.661798,32,12,0.627451,0.235294,"((1,2),(3,(4,5)))"
26,52,0.00231920,0.718420,0.661798,32,12,0.615385,0.230769,"((1,2),(3,(4,5)))"
26,53,0.00208728,0.718420,0.661798,32,12,0.603774,0.226415,"((1,2),(3,(4,5)))"
26,54,0.00187855,0.704357,0.661798,33,12,0.611111,0.222222,"((1,2),(3,(4,5)))"
26,55,0.00169070,0.704357,0.661798,33,12,0.600000,0.218182,"((1,2),(3,(4,5)))"
26,56,0.00152163,0.683491,0.661798,34,12,0.607143,0.214286,"((1,2),(3,(4,5)))"
26,57,0.00136946,0.683491,0.661798,34,12,0.596491,0.210526,"((1,2),(3,(4,5)))"
26,58,0.00123252,0.683491,0.661798,34,12,0.586207,0.206897,"((1,2),(3,(4,5)))"
26,59,0.00110927,0.679149,0.661798,35,12,0.593220,0.203390,"((1,2),(3,(4,5)))"
26,60,0.00099834,0.679149,0.661798,35,12,0.583333,0.200000,"((1,2),(3,(4,5)))"
26,61,0.00089851,0.679761,0.661798,36,13,0.590164,0.213115,"((1,2),(3,(4,5)))"
26,62,0.00080865,0.679761,0.661798,36,13,0.580645,0.209677,"((1,2),(3,(4,5)))"
26,63,0.00072779,0.679761,0.661798,36,13,0.571429,0.206349,"((1,2),(3,(4,5)))"
26,64,0.00065501,0.679761,0.661798,37,13,0.578125,0.203125,"((1,2),(3,(4,5)))"
26,65,0.00058951,0.679761,0.661798,37,13,0.569231,0.200000,"((1,2),(3,(4,5)))"
26,66,0.00053056,0.678540,0.661798,38,13,0.575758,0.196970,"((1,2),(3,(4,5)))"
26,67,0.00047750,0.678540,0.661798,38,13,0.567164,0.194030,"((1,2),(3,(4,5)))"
26,68,0.00042975,0.678540,0.661798,38,13,0.558824,0.191176,"((1,2),(3,(4,5)))"
26,69,0.00038678,0.678540,0.661798,38,13,0.550725,0.188406,"((1,2),(3,(4,5)))"
26,70,0.00034810,0.678540,0.661798,38,13,0.542857,0.185714,"((1,2),(3,(4,5)))"
26,71,0.00031329,0.678540,0.661798,39,13,0.549296,0.183099,"((1,2),(3,(4,5)))"
26,72,0.00028196,0.678540,0.661798,39,13,0.541667,0.180556,"((1,2),(3,(4,5)))"
26,73,0.00025376,0.678540,0.661798,39,13,0.534247,0.178082,"((1,2),(3,(4,5)))"
26,74,0.00022839,0.678540,0.661798,39,13,0.527027,0.175676,"((1,2),(3,(4,5)))"
26,75,0.00020555,0.678540,0.661798,39,13,0.520000,0.173333,"((1,2),(3,(4,5)))"
26,76,0.00018499,0.678540,0.661798,39,13,0.513158,0.171053,"((1,2),(3,(4,5)))"
26,77,0.00016649,0.678540,0.661798,39,13,0.506494,0.168831,"((1,2),(3,(4,5)))"
26,78,0.00014985,0.678540,0.661798,39,13,0.500000,0.166667,"((1,2),(3,(4,5)))"
26,79,0.00013486,0.662197,0.661798,40,13,0.506329,0.164557,"((1,2),(3,(4,5)))"
26,80,0.00012137,0.662197,0.661798,40,13,0.500000,0.162500,"((1,2),(3,(4,5)))"
26,81,0.00010924,0.662197,0.661798,40,13,0.493827,0.160494,"((1,2),(3,(4,5)))"
26,82,0.00009831,0.662197,0.661798,40,13,0.487805,0.158537,"((1,2),(3,(4,5)))"
26,83,0.00008848,0.662197,0.661798,40,13,0.481928,0.156627,"((1,2),(3,(4,5)))"
26,84,0.00007963,0.662197,0.661798,40,13,0.476190,0.154762,"((1,2),(3,(4,5)))"
26,85,0.00007167,0.662197,0.661798,40,13,0.470588,0.152941,"((1,2),(3,(4,5)))"
26,86,0.00006450,0.662197,0.661798,40,13,0.465116,0.151163,"((1,2),(3,(4,5)))"
26,87,0.00005805,0.662198,0.661798,41,14,0.471264,0.160920,"((1,2),(3,(4,5)))"
26,88,0.00005225,0.662197,0.661798,42,14,0.477273,0.159091,"((1,2),(3,(4,5)))"
26,89,0.00004702,0.662197,0.661798,42,14,0.471910,0.157303,"((1,2),(3,(4,5)))"
26,90,0.00004232,0.662197,0.661798,42,14,0.466667,0.155556,"((1,2),(3,(4,5)))"
26,91,0.00003809,0.662197,0.661798,42,14,0.461538,0.153846,"((1,2),(3,(4,5)))"
26,92,0.00003428,0.662197,0.661798,42,14,0.456522,0.152174,"((1,2),(3,(4,5)))"
26,93,0.00003085,0.662197,0.661798,42,14,0.451613,0.150538,"((1,2),(3,(4,5)))"
26,94,0.00002777,0.653225,0.653225,43,14,0.457447,0.148936,"((1,(2,3)),(4,5))"
26,95,0.00002499,0.653225,0.653225,43,14,0.452632,0.147368,"((1,(2,3)),(4,5))"
26,96,0.00002249,0.653225,0.653225,43,14,0.447917,0.145833,"((1,(2,3)),(4,5))"
26,97,0.00002024,0.653225,0.653225,43,14,0.443299,0.144330,"((1,(2,3)),(4,5))"
26,98,0.00001822,0.653225,0.653225,43,14,0.438776,0.142857,"((1,(2,3)),(4,5))"
26,99,0.00001640,0.653225,0.653225,43,14,0.434343,0.141414,"((1,(2,3)),(4,5))"
26,100,0.00001476,0.653225,0.653225,43,14,0.430000,0.140000,"((1,(2,3)),(4,5))"
26,101,0.00001328,0.653225,0.653225,44,14,0.435644,0.138614,"((1,(2,3)),(4,5))"
26,102,0.00001195,0.653225,0.653225,44,14,0.431373,0.137255,"((1,(2,3)),(4,5))"
26,103,0.00001076,0.653225,0.653225,44,14,0.427184,0.135922,"((1,(2,3)),(4,5))"
26,104,0.00000968,0.652192,0.652192,45,14,0.432692,0.134615,"((1,(2,3)),(4,5))"
26,105,0.00000871,0.652192,0.652192,45,14,0.428571,0.133333,"((1,(2,3)),(4,5))"
26,106,0.00000784,0.652192,0.652192,45,14,0.424528,0.132075,"((1,(2,3)),(4,5))"
26,107,0.00000706,0.652192,0.652192,45,14,0.420561,0.130841,"((1,(2,3)),(4,5))"
26,108,0.00000635,0.652192,0.652192,45,14,0.416667,0.129630,"((1,(2,3)),(4,5))"
26,109,0.00000572,0.652192,0.652192,45,14,0.412844,0.128440,"((1,(2,3)),(4,5))"
26,110,0.00000515,0.652192,0.652192,45,14,0.409091,0.127273,"((1,(2,3)),(4,5))"
26,111,0.00000463,0.652192,0.652192,45,14,0.405405,0.126126,"((1,(2,3)),(4,5))"
26,112,0.00000417,0.652192,0.652192,45,14,0.401786,0.125000,"((1,(2,3)),(4,5))"
26,113,0.00000375,0.652192,0.652192,45,14,0.398230,0.123894,"((1,(2,3)),(4,5))"
26,114,0.00000338,0.652192,0.652192,46,14,0.403509,0.122807,"((1,(2,3)),(4,5))"
26,115,0.00000304,0.652192,0.652192,46,14,0.400000,0.121739,"((1,(2,3)),(4,5))"
26,116,0.00000273,0.652000,0.652000,47,14,0.405172,0.120690,"((1,(2,3)),(4,5))"
26,117,0.00000246,0.652000,0.652000,47,14,0.401709,0.119658,"((1,(2,3)),(4,5))"
26,118,0.00000221,0.652000,0.652000,47,14,0.398305,0.118644,"((1,(2,3)),(4,5))"
26,119,0.00000199,0.652000,0.652000,47,14,0.394958,0.117647,"((1,(2,3)),(4,5))"
26,120,0.00000179,0.652000,0.652000,47,14,0.391667,0.116667,"((1,(2,3)),(4,5))"
26,121,0.00000161,0.652000,0.652000,47,14,0.388430,0.115702,"((1,(2,3)),(4,5))"
26,122,0.00000145,0.652000,0.652000,47,14,0.385246,0.114754,"((1,(2,3)),(4,5))"
26,123,0.00000131,0.652000,0.652000,47,14,0.382114,0.113821,"((1,(2,3)),(4,5))"
26,124,0.00000118,0.652000,0.652000,47,14,0.379032,0.112903,"((1,(2,3)),(4,5))"
26,125,0.00000106,0.651839,0.651839,48,14,0.384000,0.112000,"((1,(2,3)),(4,5))"
26,126,0.00000095,0.651839,0.651839,48,14,0.380952,0.111111,"((1,(2,3)),(4,5))"
26,127,0.00000086,0.651839,0.651839,48,14,0.377953,0.110236,"((1,(2,3)),(4,5))"
26,128,0.00000077,0.651839,0.651839,48,14,0.375000,0.109375,"((1,(2,3)),(4,5))"
26,129,0.00000070,0.651839,0.651839,48,14,0.372093,0.108527,"((1,(2,3)),(4,5))"
26,130,0.00000063,0.651839,0.651839,48,14,0.369231,0.107692,"((1,(2,3)),(4,5))"
26,131,0.00000056,0.651839,0.651839,48,14,0.366412,0.106870,"((1,(2,3)),(4,5))"
26,132,0.00000051,0.651839,0.651839,48,14,0.363636,0.106061,"((1,(2,3)),(4,5))"
26,133,0.00000046,0.651839,0.651839,48,14,0.360902,0.105263,"((1,(2,3)),(4,5))"
26,134,0.00000041,0.651839,0.651839,48,14,0.358209,0.104478,"((1,(2,3)),(4,5))"
26,135,0.00000037,0.650666,0.650666,49,14,0.362963,0.103704,"((1,(2,3)),(4,5))"
26,136,0.00000033,0.650666,0.650666,49,14,0.360294,0.102941,"((1,(2,3)),(4,5))"
26,137,0.00000030,0.650666,0.650666,49,14,0.357664,0.102190,"((1,(2,3)),(4,5))"
26,138,0.00000027,0.650666,0.650666,49,14,0.355072,0.101449,"((1,(2,3)),(4,5))"
26,139,0.00000024,0.650666,0.650666,49,14,0.352518,0.100719,"((1,(2,3)),(4,5))"
26,140,0.00000022,0.650666,0.650666,49,14,0.350000,0.100000,"((1,(2,3)),(4,5))"
26,141,0.00000020,0.650666,0.650666,49,14,0.347518,0.099291,"((1,(2,3)),(4,5))"
26,142,0.00000018,0.650666,0.650666,49,14,0.345070,0.098592,"((1,(2,3)),(4,5))"
26,143,0.00000016,0.650666,0.650666,49,14,0.342657,0.097902,"((1,(2,3)),(4,5))"
26,144,0.00000014,0.650666,0.650666,49,14,0.340278,0.097222,"((1,(2,3)),(4,5))"
26,145,0.00000013,0.650666,0.650666,49,14,0.337931,0.096552,"((1,(2,3)),(4,5))"
26,146,0.00000012,0.650666,0.650666,49,14,0.335616,0.095890,"((1,(2,3)),(4,5))"
26,147,0.00000010,0.650666,0.650666,49,14,0.333333,0.095238,"((1,(2,3)),(4,5))"
26,148,0.00000009,0.650666,0.650666,49,14,0.331081,0.094595,"((1,(2,3)),(4,5))"
26,149,0.00000008,0.650666,0.650666,49,14,0.328859,0.093960,"((1,(2,3)),(4,5))"
26,150,0.00000008,0.650666,0.650666,49,14,0.326667,0.093333,"((1,(2,3)),(4,5))"
27,0,0.50000000,0.782070,0.782070,0,0,0.000000,0.000000,"(1,((2,(3,4)),5))"
27,1,0.50000000,0.782070,0.782070,0,0,0.000000,0.000000,"(1,((2,(3,4)),5))"
27,2,0.45000000,0.736048,0.736048,1,0,0.500000,0.000000,"(1,((2,(3,4)),5))"
27,3,0.40500000,0.729531,0.729531,2,0,0.666667,0.000000,"(1,((2,(3,4)),5))"
27,4,0.36450000,0.786760,0.729531,3,1,0.750000,0.250000,"(1,((2,(3,4)),5))"
27,5,0.32805000,0.786760,0.729531,3,1,0.600000,0.200000,"(1,((2,(3,4)),5))"
27,6,0.29524500,0.786760,0.729531,3,1,0.500000,0.166667,"(1,((2,(3,4)),5))"
27,7,0.26572050,0.914434,0.729531,4,2,0.571429,0.285714,"(1,((2,(3,4)),5))"
27,8,0.23914845,0.938508,0.729531,5,3,0.625000,0.375000,"(1,((2,(3,4)),5))"
27,9,0.21523361,0.919272,0.729531,6,3,0.666667,0.333333,"(1,((2,(3,4)),5))"
27,10,0.19371024,0.919042,0.729531,7,3,0.700000,0.300000,"(1,((2,(3,4)),5))"
27,11,0.17433922,0.919042,0.729531,7,3,0.636364,0.272727,"(1,((2,(3,4)),5))"
27,12,0.15690530,0.864918,0.729531,8,3,0.666667,0.250000,"(1,((2,(3,4)),5))"
27,13,0.14121477,0.848798,0.729531,9,3,0.692308,0.230769,"(1,((2,(3,4)),5))"
27,14,0.12709329,0.848798,0.729531,9,3,0.642857,0.214286,"(1,((2,(3,4)),5))"
27,15,0.11438396,0.784841,0.729531,10,3,0.666667,0.200000,"(1,((2,(3,4)),5))"
27,16,0.10294557,0.804257,0.729531,11,4,0.687500,0.250000,"(1,((2,(3,4)),5))"
27,17,0.09265101,0.804257,0.729531,11,4,0.647059,0.235294,"(1,((2,(3,4)),5))"
27,18,0.08338591,0.804257,0.729531,11,4,0.611111,0.222222,"(1,((2,(3,4)),5))"
27,19,0.07504732,0.786060,0.729531,12,4,0.631579,0.210526,"(1,((2,(3,4)),5))"
27,20,0.06754259,0.750956,0.729531,13,4,0.650000,0.200000,"(1,((2,(3,4)),5))"
27,21,0.06078833,0.751063,0.729531,14,5,0.666667,0.238095,"(1,((2,(3,4)),5))"
27,22,0.05470949,0.751063,0.729531,14,5,0.636364,0.227273,"(1,((2,(3,4)),5))"
27,23,0.04923855,0.751063,0.729531,14,5,0.608696,0.217391,"(1,((2,(3,4)),5))"
27,24,0.04431469,0.751671,0.729531,15,6,0.625000,0.250000,"(1,((2,(3,4)),5))"
27,25,0.03988322,0.751671,0.729531,15,6,0.600000,0.240000,"(1,((2,(3,4)),5))"
27,26,0.03589490,0.750593,0.729531,16,6,0.615385,0.230769,"(1,((2,(3,4)),5))"
27,27,0.03230541,0.746399,0.729531,17,6,0.629630,0.222222,"(1,((2,(3,4)),5))"
27,28,0.02907487,0.746399,0.729531,17,6,0.607143,0.214286,"(1,((2,(3,4)),5))"
27,29,0.02616738,0.761583,0.729531,18,7,0.620690,0.241379,"(1,((2,(3,4)),5))"
27,30,0.02355064,0.761583,0.729531,18,7,0.600000,0.233333,"(1,((2,(3,4)),5))"
27,31,0.02119558,0.708341,0.708341,19,7,0.612903,0.225806,"(1,(2,(3,(4,5))))"
27,32,0.01907602,0.706670,0.706670,20,7,0.625000,0.218750,"(1,(2,(3,(4,5))))"
27,33,0.01716842,0.706670,0.706670,20,7,0.606061,0.212121,"(1,(2,(3,(4,5))))"
27,34,0.01545158,0.706670,0.706670,20,7,0.588235,0.205882,"(1,(2,(3,(4,5))))"
27,35,0.01390642,0.706670,0.706670,20,7,0.571429,0.200000,"(1,(2,(3,(4,5))))"
27,36,0.01251578,0.706670,0.706670,20,7,0.555556,0.194444,"(1,(2,(3,(4,5))))"
27,37,0.01126420,0.706670,0.706670,20,7,0.540541,0.189189,"(1,(2,(3,(4,5))))"
27,38,0.01013778,0.706670,0.706670,20,7,0.526316,0.184211,"(1,(2,(3,(4,5))))"
27,39,0.00912400,0.706670,0.706670,20,7,0.512821,0.179487,"(1,(2,(3,(4,5))))"
27,40,0.00821160,0.706670,0.706670,20,7,0.500000,0.175000,"(1,(2,(3,(4,5))))"
27,41,0.00739044,0.679293,0.679293,21,7,0.512195,0.170732,"(1,(2,(3,(4,5))))"
27,42,0.00665140,0.679293,0.679293,21,7,0.500000,0.166667,"(1,(2,(3,(4,5))))"
27,43,0.00598626,0.671841,0.671841,22,7,0.511628,0.162791,"(1,(2,(3,(4,5))))"
27,44,0.00538763,0.671841,0.671841,22,7,0.500000,0.159091,"(1,(2,(3,(4,5))))"
27,45,0.00484887,0.673332,0.671841,23,8,0.511111,0.177778,"(1,(2,(3,(4,5))))"
27,46,0.00436398,0.673332,0.671841,23,8,0.500000,0.173913,"(1,(2,(3,(4,5))))"
27,47,0.00392758,0.673321,0.671841,24,8,0.510638,0.170213,"(1,(2,(3,(4,5))))"
27,48,0.00353483,0.673321,0.671841,24,8,0.500000,0.166667,"(1,(2,(3,(4,5))))"
27,49,0.00318134,0.670184,0.670184,25,8,0.510204,0.163265,"(1,(2,(3,(4,5))))"
27,50,0.00286321,0.670184,0.670184,25,8,0.500000,0.160000,"(1,(2,(3,(4,5))))"
27,51,0.00257689,0.670184,0.670184,25,8,0.490196,0.156863,"(1,(2,(3,(4,5))))"
27,52,0.00231920,0.670184,0.670184,25,8,0.480769,0.153846,"(1,(2,(3,(4,5))))"
27,53,0.00208728,0.670184,0.670184,25,8,0.471698,0.150943,"(1,(2,(3,(4,5))))"
27,54,0.00187855,0.670184,0.670184,25,8,0.462963,0.148148,"(1,(2,(3,(4,5))))"
27,55,0.00169070,0.670184,0.670184,25,8,0.454545,0.145455,"(1,(2,(3,(4,5))))"
27,56,0.00152163,0.670184,0.670184,25,8,0.446429,0.142857,"(1,(2,(3,(4,5))))"
27,57,0.00136946,0.670184,0.670184,25,8,0.438596,0.140351,"(1,(2,(3,(4,5))))"
27,58,0.00123252,0.670184,0.670184,25,8,0.431034,0.137931,"(1,(2,(3,(4,5))))"
27,59,0.00110927,0.670184,0.670184,25,8,0.423729,0.135593,"(1,(2,(3,(4,5))))"
27,60,0.00099834,0.670184,0.670184,25,8,0.416667,0.133333,"(1,(2,(3,(4,5))))"
27,61,0.00089851,0.668194,0.668194,26,8,0.426230,0.131148,"(1,(2,(3,(4,5))))"
27,62,0.00080865,0.668194,0.668194,26,8,0.419355,0.129032,"(1,(2,(3,(4,5))))"
27,63,0.00072779,0.668194,0.668194,26,8,0.412698,0.126984,"(1,(2,(3,(4,5))))"
27,64,0.00065501,0.668194,0.668194,26,8,0.406250,0.125000,"(1,(2,(3,(4,5))))"
27,65,0.00058951,0.668194,0.668194,26,8,0.400000,0.123077,"(1,(2,(3,(4,5))))"
27,66,0.00053056,0.668194,0.668194,26,8,0.393939,0.121212,"(1,(2,(3,(4,5))))"
27,67,0.00047750,0.667940,0.667940,27,8,0.402985,0.119403,"(1,(2,(3,(4,5))))"
27,68,0.00042975,0.666473,0.666473,28,8,0.411765,0.117647,"(1,(2,(3,(4,5))))"
27,69,0.00038678,0.666473,0.666473,28,8,0.405797,0.115942,"(1,(2,(3,(4,5))))"
27,70,0.00034810,0.655288,0.655288,29,8,0.414286,0.114286,"(1,(2,(3,(4,5))))"
27,71,0.00031329,0.652412,0.652412,30,8,0.422535,0.112676,"(1,(2,(3,(4,5))))"
27,72,0.00028196,0.652412,0.652412,30,8,0.416667,0.111111,"(1,(2,(3,(4,5))))"
27,73,0.00025376,0.637644,0.637644,31,8,0.424658,0.109589,"(1,(2,(3,(4,5))))"
27,74,0.00022839,0.637644,0.637644,31,8,0.418919,0.108108,"(1,(2,(3,(4,5))))"
27,75,0.00020555,0.637644,0.637644,31,8,0.413333,0.106667,"(1,(2,(3,(4,5))))"
27,76,0.00018499,0.637644,0.637644,31,8,0.407895,0.105263,"(1,(2,(3,(4,5))))"
27,77,0.00016649,0.637644,0.637644,31,8,0.402597,0.103896,"(1,(2,(3,(4,5))))"
27,78,0.00014985,0.624684,0.624684,32,8,0.410256,0.102564,"((1,2),(3,(4,5)))"
27,79,0.00013486,0.623251,0.623251,33,8,0.417722,0.101266,"((1,2),(3,(4,5)))"
27,80,0.00012137,0.623251,0.623251,33,8,0.412500,0.100000,"((1,2),(3,(4,5)))"
27,81,0.00010924,0.623251,0.623251,33,8,0.407407,0.098765,"((1,2),(3,(4,5)))"
27,82,0.00009831,0.623081,0.623081,34,8,0.414634,0.097561,"((1,2),(3,(4,5)))"
27,83,0.00008848,0.623081,0.623081,34,8,0.409639,0.096386,"((1,2),(3,(4,5)))"
27,84,0.00007963,0.623081,0.623081,34,8,0.404762,0.095238,"((1,2),(3,(4,5)))"
27,85,0.00007167,0.623081,0.623081,34,8,0.400000,0.094118,"((1,2),(3,(4,5)))"
27,86,0.00006450,0.622510,0.622510,35,8,0.406977,0.093023,"((1,2),(3,(4,5)))"
27,87,0.00005805,0.622510,0.622510,35,8,0.402299,0.091954,"((1,2),(3,(4,5)))"
27,88,0.00005225,0.622510,0.622510,35,8,0.397727,0.090909,"((1,2),(3,(4,5)))"
27,89,0.00004702,0.622510,0.622510,35,8,0.393258,0.089888,"((1,2),(3,(4,5)))"
27,90,0.00004232,0.622510,0.622510,35,8,0.388889,0.088889,"((1,2),(3,(4,5)))"
27,91,0.00003809,0.622510,0.622510,35,8,0.384615,0.087912,"((1,2),(3,(4,5)))"
27,92,0.00003428,0.622510,0.622510,35,8,0.380435,0.086957,"((1,2),(3,(4,5)))"
27,93,0.00003085,0.622016,0.622016,36,8,0.387097,0.086022,"((1,2),(3,(4,5)))"
27,94,0.00002777,0.622016,0.622016,36,8,0.382979,0.085106,"((1,2),(3,(4,5)))"
27,95,0.00002499,0.622016,0.622016,36,8,0.378947,0.084211,"((1,2),(3,(4,5)))"
27,96,0.00002249,0.622016,0.622016,36,8,0.375000,0.083333,"((1,2),(3,(4,5)))"
27,97,0.00002024,0.622016,0.622016,36,8,0.371134,0.082474,"((1,2),(3,(4,5)))"
27,98,0.00001822,0.622016,0.622016,36,8,0.367347,0.081633,"((1,2),(3,(4,5)))"
27,99,0.00001640,0.622016,0.622016,36,8,0.363636,0.080808,"((1,2),(3,(4,5)))"
27,100,0.00001476,0.622016,0.622016,36,8,0.360000,0.080000,"((1,2),(3,(4,5)))"
27,101,0.00001328,0.622016,0.622016,36,8,0.356436,0.079208,"((1,2),(3,(4,5)))"
27,102,0.00001195,0.621975,0.621975,37,8,0.362745,0.078431,"((1,2),(3,(4,5)))"
27,103,0.00001076,0.621975,0.621975,37,8,0.359223,0.077670,"((1,2),(3,(4,5)))"
27,104,0.00000968,0.621975,0.621975,37,8,0.355769,0.076923,"((1,2),(3,(4,5)))"
27,105,0.00000871,0.621975,0.621975,37,8,0.352381,0.076190,"((1,2),(3,(4,5)))"
27,106,0.00000784,0.621975,0.621975,37,8,0.349057,0.075472,"((1,2),(3,(4,5)))"
27,107,0.00000706,0.621588,0.621588,38,8,0.355140,0.074766,"((1,2),(3,(4,5)))"
27,108,0.00000635,0.621588,0.621588,38,8,0.351852,0.074074,"((1,2),(3,(4,5)))"
27,109,0.00000572,0.621588,0.621588,38,8,0.348624,0.073394,"((1,2),(3,(4,5)))"
27,110,0.00000515,0.621588,0.621588,39,8,0.354545,0.072727,"((1,2),(3,(4,5)))"
27,111,0.00000463,0.621588,0.621588,39,8,0.351351,0.072072,"((1,2),(3,(4,5)))"
27,112,0.00000417,0.621588,0.621588,39,8,0.348214,0.071429,"((1,2),(3,(4,5)))"
27,113,0.00000375,0.621588,0.621588,39,8,0.345133,0.070796,"((1,2),(3,(4,5)))"
27,114,0.00000338,0.621588,0.621588,39,8,0.342105,0.070175,"((1,2),(3,(4,5)))"
27,115,0.00000304,0.621588,0.621588,39,8,0.339130,0.069565,"((1,2),(3,(4,5)))"
27,116,0.00000273,0.621588,0.621588,39,8,0.336207,0.068966,"((1,2),(3,(4,5)))"
27,117,0.00000246,0.621588,0.621588,39,8,0.333333,0.068376,"((1,2),(3,(4,5)))"
27,118,0.00000221,0.621588,0.621588,39,8,0.330508,0.067797,"((1,2),(3,(4,5)))"
27,119,0.00000199,0.621588,0.621588,39,8,0.327731,0.067227,"((1,2),(3,(4,5)))"
27,120,0.00000179,0.621588,0.621588,39,8,0.325000,0.066667,"((1,2),(3,(4,5)))"
27,121,0.00000161,0.621588,0.621588,39,8,0.322314,0.066116,"((1,2),(3,(4,5)))"
27,122,0.00000145,0.621588,0.621588,39,8,0.319672,0.065574,"((1,2),(3,(4,5)))"
27,123,0.00000131,0.621588,0.621588,39,8,0.317073,0.065041,"((1,2),(3,(4,5)))"
27,124,0.00000118,0.621588,0.621588,39,8,0.314516,0.064516,"((1,2),(3,(4,5)))"
27,125,0.00000106,0.621588,0.621588,39,8,0.312000,0.064000,"((1,2),(3,(4,5)))"
27,126,0.00000095,0.621200,0.621200,40,8,0.317460,0.063492,"((1,2),(3,(4,5)))"
27,127,0.00000086,0.621200,0.621200,40,8,0.314961,0.062992,"((1,2),(3,(4,5)))"
27,128,0.00000077,0.620296,0.620296,41,8,0.320312,0.062500,"((1,2),(3,(4,5)))"
27,129,0.00000070,0.620296,0.620296,41,8,0.317829,0.062016,"((1,2),(3,(4,5)))"
27,130,0.00000063,0.620296,0.620296,41,8,0.315385,0.061538,"((1,2),(3,(4,5)))"
27,131,0.00000056,0.620296,0.620296,42,8,0.320611,0.061069,"((1,2),(3,(4,5)))"
27,132,0.00000051,0.619964,0.619964,43,8,0.325758,0.060606,"((1,2),(3,(4,5)))"
27,133,0.00000046,0.619964,0.619964,43,8,0.323308,0.060150,"((1,2),(3,(4,5)))"
27,134,0.00000041,0.619964,0.619964,43,8,0.320896,0.059701,"((1,2),(3,(4,5)))"
27,135,0.00000037,0.619964,0.619964,43,8,0.318519,0.059259,"((1,2),(3,(4,5)))"
27,136,0.00000033,0.619964,0.619964,44,8,0.323529,0.058824,"((1,2),(3,(4,5)))"
27,137,0.00000030,0.619964,0.619964,44,8,0.321168,0.058394,"((1,2),(3,(4,5)))"
27,138,0.00000027,0.619964,0.619964,44,8,0.318841,0.057971,"((1,2),(3,(4,5)))"
27,139,0.00000024,0.619711,0.619711,45,8,0.323741,0.057554,"((1,2),(3,(4,5)))"
27,140,0.00000022,0.619711,0.619711,45,8,0.321429,0.057143,"((1,2),(3,(4,5)))"
27,141,0.00000020,0.619711,0.619711,45,8,0.319149,0.056738,"((1,2),(3,(4,5)))"
27,142,0.00000018,0.619711,0.619711,45,8,0.316901,0.056338,"((1,2),(3,(4,5)))"
27,143,0.00000016,0.619711,0.619711,45,8,0.314685,0.055944,"((1,2),(3,(4,5)))"
27,144,0.00000014,0.619711,0.619711,45,8,0.312500,0.055556,"((1,2),(3,(4,5)))"
27,145,0.00000013,0.619711,0.619711,45,8,0.310345,0.055172,"((1,2),(3,(4,5)))"
27,146,0.00000012,0.619711,0.619711,45,8,0.308219,0.054795,"((1,2),(3,(4,5)))"
27,147,0.00000010,0.619711,0.619711,45,8,0.306122,0.054422,"((1,2),(3,(4,5)))"
27,148,0.00000009,0.619711,0.619711,45,8,0.304054,0.054054,"((1,2),(3,(4,5)))"
27,149,0.00000008,0.619711,0.619711,45,8,0.302013,0.053691,"((1,2),(3,(4,5)))"
27,150,0.00000008,0.619711,0.619711,45,8,0.300000,0.053333,"((1,2),(3,(4,5)))"
28,0,0.50000000,0.661798,0.661798,0,0,0.000000,0.000000,"((1,2),(3,(4,5)))"
28,1,0.50000000,0.663726,0.661798,1,1,1.000000,1.000000,"((1,2),(3,(4,5)))"
28,2,0.45000000,0.663726,0.661798,1,1,0.500000,0.500000,"((1,2),(3,(4,5)))"
28,3,0.40500000,0.661922,0.661798,2,1,0.666667,0.333333,"((1,2),(3,(4,5)))"
28,4,0.36450000,0.671799,0.661798,3,2,0.750000,0.500000,"((1,2),(3,(4,5)))"
28,5,0.32805000,0.662665,0.661798,4,2,0.800000,0.400000,"((1,2),(3,(4,5)))"
28,6,0.29524500,0.684974,0.661798,5,3,0.833333,0.500000,"((1,2),(3,(4,5)))"
28,7,0.26572050,0.678487,0.661798,6,3,0.857143,0.428571,"((1,2),(3,(4,5)))"
28,8,0.23914845,0.678701,0.661798,7,4,0.875000,0.500000,"((1,2),(3,(4,5)))"
28,9,0.21523361,0.677829,0.661798,8,4,0.888889,0.444444,"((1,2),(3,(4,5)))"
28,10,0.19371024,0.679038,0.661798,9,5,0.900000,0.500000,"((1,2),(3,(4,5)))"
28,11,0.17433922,0.678235,0.661798,10,5,0.909091,0.454545,"((1,2),(3,(4,5)))"
28,12,0.15690530,0.716824,0.661798,11,6,0.916667,0.500000,"((1,2),(3,(4,5)))"
28,13,0.14121477,0.698166,0.661798,12,6,0.923077,0.461538,"((1,2),(3,(4,5)))"
28,14,0.12709329,0.698314,0.661798,13,7,0.928571,0.500000,"((1,2),(3,(4,5)))"
28,15,0.11438396,0.745440,0.661798,14,8,0.933333,0.533333,"((1,2),(3,(4,5)))"
28,16,0.10294557,0.744264,0.661798,15,8,0.937500,0.500000,"((1,2),(3,(4,5)))"
28,17,0.09265101,0.749924,0.661798,16,9,0.941176,0.529412,"((1,2),(3,(4,5)))"
28,18,0.08338591,0.750368,0.661798,17,10,0.944444,0.555556,"((1,2),(3,(4,5)))"
28,19,0.07504732,0.725620,0.661798,18,10,0.947368,0.526316,"((1,2),(3,(4,5)))"
28,20,0.06754259,0.725815,0.661798,19,11,0.950000,0.550000,"((1,2),(3,(4,5)))"
28,21,0.06078833,0.725142,0.661798,20,11,0.952381,0.523810,"((1,2),(3,(4,5)))"
28,22,0.05470949,0.702864,0.661798,21,11,0.954545,0.500000,"((1,2),(3,(4,5)))"
28,23,0.04923855,0.702864,0.661798,21,11,0.913043,0.478261,"((1,2),(3,(4,5)))"
28,24,0.04431469,0.740504,0.661798,22,12,0.916667,0.500000,"((1,2),(3,(4,5)))"
28,25,0.03988322,0.739173,0.661798,23,12,0.920000,0.480000,"((1,2),(3,(4,5)))"
28,26,0.03589490,0.720575,0.661798,24,12,0.923077,0.461538,"((1,2),(3,(4,5)))"
28,27,0.03230541,0.720575,0.661798,24,12,0.888889,0.444444,"((1,2),(3,(4,5)))"
28,28,0.02907487,0.700924,0.661798,25,12,0.892857,0.428571,"((1,2),(3,(4,5)))"
28,29,0.02616738,0.700924,0.661798,25,12,0.862069,0.413793,"((1,2),(3,(4,5)))"
28,30,0.02355064,0.686568,0.661798,26,12,0.866667,0.400000,"((1,2),(3,(4,5)))"
28,31,0.02119558,0.704925,0.661798,27,13,0.870968,0.419355,"((1,2),(3,(4,5)))"
28,32,0.01907602,0.705242,0.661798,28,14,0.875000,0.437500,"((1,2),(3,(4,5)))"
28,33,0.01716842,0.705510,0.661798,29,15,0.878788,0.454545,"((1,2),(3,(4,5)))"
28,34,0.01545158,0.707427,0.661798,30,16,0.882353,0.470588,"((1,2),(3,(4,5)))"
28,35,0.01390642,0.688015,0.661798,31,16,0.885714,0.457143,"((1,2),(3,(4,5)))"
28,36,0.01251578,0.686854,0.661798,32,16,0.888889,0.444444,"((1,2),(3,(4,5)))"
28,37,0.01126420,0.684312,0.661798,33,16,0.891892,0.432432,"((1,2),(3,(4,5)))"
28,38,0.01013778,0.684312,0.661798,33,16,0.868421,0.421053,"((1,2),(3,(4,5)))"
28,39,0.00912400,0.683577,0.661798,34,16,0.871795,0.410256,"((1,2),(3,(4,5)))"
28,40,0.00821160,0.683577,0.661798,34,16,0.850000,0.400000,"((1,2),(3,(4,5)))"
28,41,0.00739044,0.652199,0.652199,35,16,0.853659,0.390244,"((1,2),((3,4),5))"
28,42,0.00665140,0.652221,0.652199,36,17,0.857143,0.404762,"((1,2),((3,4),5))"
28,43,0.00598626,0.652221,0.652199,36,17,0.837209,0.395349,"((1,2),((3,4),5))"
28,44,0.00538763,0.652221,0.652199,36,17,0.818182,0.386364,"((1,2),((3,4),5))"
28,45,0.00484887,0.639673,0.639673,37,17,0.822222,0.377778,"((1,2),((3,4),5))"
28,46,0.00436398,0.639673,0.639673,37,17,0.804348,0.369565,"((1,2),((3,4),5))"
28,47,0.00392758,0.639673,0.639673,37,17,0.787234,0.361702,"((1,2),((3,4),5))"
28,48,0.00353483,0.632543,0.632543,38,17,0.791667,0.354167,"((1,2),((3,4),5))"
28,49,0.00318134,0.632222,0.632222,39,17,0.795918,0.346939,"((1,2),((3,4),5))"
28,50,0.00286321,0.632222,0.632222,39,17,0.780000,0.340000,"((1,2),((3,4),5))"
28,51,0.00257689,0.632222,0.632222,39,17,0.764706,0.333333,"((1,2),((3,4),5))"
28,52,0.00231920,0.632222,0.632222,39,17,0.750000,0.326923,"((1,2),((3,4),5))"
28,53,0.00208728,0.633605,0.632222,40,18,0.754717,0.339623,"((1,2),((3,4),5))"
28,54,0.00187855,0.633691,0.632222,41,19,0.759259,0.351852,"((1,2),((3,4),5))"
28,55,0.00169070,0.633322,0.632222,42,19,0.763636,0.345455,"((1,2),((3,4),5))"
28,56,0.00152163,0.633322,0.632222,42,19,0.750000,0.339286,"((1,2),((3,4),5))"
28,57,0.00136946,0.633322,0.632222,43,19,0.754386,0.333333,"((1,2),((3,4),5))"
28,58,0.00123252,0.633031,0.632222,44,19,0.758621,0.327586,"((1,2),((3,4),5))"
28,59,0.00110927,0.633031,0.632222,44,19,0.745763,0.322034,"((1,2),((3,4),5))"
28,60,0.00099834,0.624380,0.624380,45,19,0.750000,0.316667,"((1,2),(3,(4,5)))"
28,61,0.00089851,0.623947,0.623947,46,19,0.754098,0.311475,"((1,2),(3,(4,5)))"
28,62,0.00080865,0.623947,0.623947,46,19,0.741935,0.306452,"((1,2),(3,(4,5)))"
28,63,0.00072779,0.621878,0.621878,47,19,0.746032,0.301587,"((1,2),(3,(4,5)))"
28,64,0.00065501,0.621878,0.621878,47,19,0.734375,0.296875,"((1,2),(3,(4,5)))"
28,65,0.00058951,0.621878,0.621878,47,19,0.723077,0.292308,"((1,2),(3,(4,5)))"
28,66,0.00053056,0.622910,0.621878,48,20,0.727273,0.303030,"((1,2),(3,(4,5)))"
28,67,0.00047750,0.622910,0.621878,48,20,0.716418,0.298507,"((1,2),(3,(4,5)))"
28,68,0.00042975,0.621335,0.621335,49,20,0.720588,0.294118,"((1,2),(3,(4,5)))"
28,69,0.00038678,0.621335,0.621335,49,20,0.710145,0.289855,"((1,2),(3,(4,5)))"
28,70,0.00034810,0.621335,0.621335,49,20,0.700000,0.285714,"((1,2),(3,(4,5)))"
28,71,0.00031329,0.621335,0.621335,49,20,0.690141,0.281690,"((1,2),(3,(4,5)))"
28,72,0.00028196,0.621335,0.621335,49,20,0.680556,0.277778,"((1,2),(3,(4,5)))"
28,73,0.00025376,0.621652,0.621335,50,21,0.684932,0.287671,"((1,2),(3,(4,5)))"
28,74,0.00022839,0.621498,0.621335,51,21,0.689189,0.283784,"((1,2),(3,(4,5)))"
28,75,0.00020555,0.621498,0.621335,51,21,0.680000,0.280000,"((1,2),(3,(4,5)))"
28,76,0.00018499,0.621498,0.621335,51,21,0.671053,0.276316,"((1,2),(3,(4,5)))"
28,77,0.00016649,0.621498,0.621335,51,21,0.662338,0.272727,"((1,2),(3,(4,5)))"
28,78,0.00014985,0.621498,0.621335,51,21,0.653846,0.269231,"((1,2),(3,(4,5)))"
28,79,0.00013486,0.621568,0.621335,52,22,0.658228,0.278481,"((1,2),(3,(4,5)))"
28,80,0.00012137,0.621568,0.621335,52,22,0.650000,0.275000,"((1,2),(3,(4,5)))"
28,81,0.00010924,0.621568,0.621335,52,22,0.641975,0.271605,"((1,2),(3,(4,5)))"
28,82,0.00009831,0.621568,0.621335,52,22,0.634146,0.268293,"((1,2),(3,(4,5)))"
28,83,0.00008848,0.621568,0.621335,52,22,0.626506,0.265060,"((1,2),(3,(4,5)))"
28,84,0.00007963,0.621568,0.621335,52,22,0.619048,0.261905,"((1,2),(3,(4,5)))"
28,85,0.00007167,0.621568,0.621335,52,22,0.611765,0.258824,"((1,2),(3,(4,5)))"
28,86,0.00006450,0.621568,0.621335,52,22,0.604651,0.255814,"((1,2),(3,(4,5)))"
28,87,0.00005805,0.620640,0.620640,53,22,0.609195,0.252874,"((1,2),(3,(4,5)))"
28,88,0.00005225,0.620640,0.620640,53,22,0.602273,0.250000,"((1,2),(3,(4,5)))"
28,89,0.00004702,0.620640,0.620640,53,22,0.595506,0.247191,"((1,2),(3,(4,5)))"
28,90,0.00004232,0.620640,0.620640,53,22,0.588889,0.244444,"((1,2),(3,(4,5)))"
28,91,0.00003809,0.620640,0.620640,53,22,0.582418,0.241758,"((1,2),(3,(4,5)))"
28,92,0.00003428,0.620640,0.620640,53,22,0.576087,0.239130,"((1,2),(3,(4,5)))"
28,93,0.00003085,0.620217,0.620217,54,22,0.580645,0.236559,"((1,2),(3,(4,5)))"
28,94,0.00002777,0.620217,0.620217,54,22,0.574468,0.234043,"((1,2),(3,(4,5)))"
28,95,0.00002499,0.620217,0.620217,54,22,0.568421,0.231579,"((1,2),(3,(4,5)))"
28,96,0.00002249,0.620077,0.620077,55,22,0.572917,0.229167,"((1,2),(3,(4,5)))"
28,97,0.00002024,0.620077,0.620077,55,22,0.567010,0.226804,"((1,2),(3,(4,5)))"
28,98,0.00001822,0.620077,0.620077,55,22,0.561224,0.224490,"((1,2),(3,(4,5)))"
28,99,0.00001640,0.620077,0.620077,56,22,0.565657,0.222222,"((1,2),(3,(4,5)))"
28,100,0.00001476,0.620077,0.620077,56,22,0.560000,0.220000,"((1,2),(3,(4,5)))"
28,101,0.00001328,0.620077,0.620077,57,22,0.564356,0.217822,"((1,2),(3,(4,5)))"
28,102,0.00001195,0.620077,0.620077,57,22,0.558824,0.215686,"((1,2),(3,(4,5)))"
28,103,0.00001076,0.620077,0.620077,57,22,0.553398,0.213592,"((1,2),(3,(4,5)))"
28,104,0.00000968,0.620077,0.620077,57,22,0.548077,0.211538,"((1,2),(3,(4,5)))"
28,105,0.00000871,0.620077,0.620077,57,22,0.542857,0.209524,"((1,2),(3,(4,5)))"
28,106,0.00000784,0.620077,0.620077,57,22,0.537736,0.207547,"((1,2),(3,(4,5)))"
28,107,0.00000706,0.620077,0.620077,57,22,0.532710,0.205607,"((1,2),(3,(4,5)))"
28,108,0.00000635,0.620077,0.620077,57,22,0.527778,0.203704,"((1,2),(3,(4,5)))"
28,109,0.00000572,0.620077,0.620077,57,22,0.522936,0.201835,"((1,2),(3,(4,5)))"
28,110,0.00000515,0.620077,0.620077,57,22,0.518182,0.200000,"((1,2),(3,(4,5)))"
28,111,0.00000463,0.620077,0.620077,57,22,0.513514,0.198198,"((1,2),(3,(4,5)))"
28,112,0.00000417,0.620077,0.620077,57,22,0.508929,0.196429,"((1,2),(3,(4,5)))"
28,113,0.00000375,0.620077,0.620077,57,22,0.504425,0.194690,"((1,2),(3,(4,5)))"
28,114,0.00000338,0.620077,0.620077,57,22,0.500000,0.192982,"((1,2),(3,(4,5)))"
28,115,0.00000304,0.620077,0.620077,57,22,0.495652,0.191304,"((1,2),(3,(4,5)))"
28,116,0.00000273,0.620077,0.620077,57,22,0.491379,0.189655,"((1,2),(3,(4,5)))"
28,117,0.00000246,0.620077,0.620077,57,22,0.487179,0.188034,"((1,2),(3,(4,5)))"
28,118,0.00000221,0.620077,0.620077,57,22,0.483051,0.186441,"((1,2),(3,(4,5)))"
28,119,0.00000199,0.620077,0.620077,57,22,0.478992,0.184874,"((1,2),(3,(4,5)))"
28,120,0.00000179,0.620077,0.620077,57,22,0.475000,0.183333,"((1,2),(3,(4,5)))"
28,121,0.00000161,0.620077,0.620077,57,22,0.471074,0.181818,"((1,2),(3,(4,5)))"
28,122,0.00000145,0.620077,0.620077,57,22,0.467213,0.180328,"((1,2),(3,(4,5)))"
28,123,0.00000131,0.620077,0.620077,57,22,0.463415,0.178862,"((1,2),(3,(4,5)))"
28,124,0.00000118,0.620077,0.620077,57,22,0.459677,0.177419,"((1,2),(3,(4,5)))"
28,125,0.00000106,0.620077,0.620077,57,22,0.456000,0.176000,"((1,2),(3,(4,5)))"
28,126,0.00000095,0.620077,0.620077,57,22,0.452381,0.174603,"((1,2),(3,(4,5)))"
28,127,0.00000086,0.620077,0.620077,57,22,0.448819,0.173228,"((1,2),(3,(4,5)))"
28,128,0.00000077,0.620077,0.620077,57,22,0.445312,0.171875,"((1,2),(3,(4,5)))"
28,129,0.00000070,0.620077,0.620077,57,22,0.441860,0.170543,"((1,2),(3,(4,5)))"
28,130,0.00000063,0.620077,0.620077,57,22,0.438462,0.169231,"((1,2),(3,(4,5)))"
28,131,0.00000056,0.620077,0.620077,57,22,0.435115,0.167939,"((1,2),(3,(4,5)))"
28,132,0.00000051,0.620077,0.620077,58,22,0.439394,0.166667,"((1,2),(3,(4,5)))"
28,133,0.00000046,0.620077,0.620077,58,22,0.436090,0.165414,"((1,2),(3,(4,5)))"
28,134,0.00000041,0.620077,0.620077,58,22,0.432836,0.164179,"((1,2),(3,(4,5)))"
28,135,0.00000037,0.620077,0.620077,58,22,0.429630,0.162963,"((1,2),(3,(4,5)))"
28,136,0.00000033,0.620077,0.620077,58,22,0.426471,0.161765,"((1,2),(3,(4,5)))"
28,137,0.00000030,0.620077,0.620077,58,22,0.423358,0.160584,"((1,2),(3,(4,5)))"
28,138,0.00000027,0.620077,0.620077,58,22,0.420290,0.159420,"((1,2),(3,(4,5)))"
28,139,0.00000024,0.619513,0.619513,59,22,0.424460,0.158273,"((1,2),(3,(4,5)))"
28,140,0.00000022,0.619513,0.619513,59,22,0.421429,0.157143,"((1,2),(3,(4,5)))"
28,141,0.00000020,0.619513,0.619513,59,22,0.418440,0.156028,"((1,2),(3,(4,5)))"
28,142,0.00000018,0.619513,0.619513,59,22,0.415493,0.154930,"((1,2),(3,(4,5)))"
28,143,0.00000016,0.619513,0.619513,59,22,0.412587,0.153846,"((1,2),(3,(4,5)))"
28,144,0.00000014,0.619513,0.619513,59,22,0.409722,0.152778,"((1,2),(3,(4,5)))"
28,145,0.00000013,0.619513,0.619513,59,22,0.406897,0.151724,"((1,2),(3,(4,5)))"
28,146,0.00000012,0.619513,0.619513,59,22,0.404110,0.150685,"((1,2),(3,(4,5)))"
28,147,0.00000010,0.619513,0.619513,59,22,0.401361,0.149660,"((1,2),(3,(4,5)))"
28,148,0.00000009,0.619513,0.619513,59,22,0.398649,0.148649,"((1,2),(3,(4,5)))"
28,149,0.00000008,0.619513,0.619513,59,22,0.395973,0.147651,"((1,2),(3,(4,5)))"
28,150,0.00000008,0.619513,0.619513,59,22,0.393333,0.146667,"((1,2),(3,(4,5)))"
29,0,0.50000000,0.661798,0.661798,0,0,0.000000,0.000000,"((1,2),(3,(4,5)))"
29,1,0.50000000,0.729048,0.661798,1,1,1.000000,1.000000,"((1,2),(3,(4,5)))"
29,2,0.45000000,0.736989,0.661798,2,2,1.000000,1.000000,"((1,2),(3,(4,5)))"
29,3,0.40500000,0.695499,0.661798,3,2,1.000000,0.666667,"((1,2),(3,(4,5)))"
29,4,0.36450000,0.772241,0.661798,4,3,1.000000,0.750000,"((1,2),(3,(4,5)))"
29,5,0.32805000,0.775347,0.661798,5,4,1.000000,0.800000,"((1,2),(3,(4,5)))"
29,6,0.29524500,0.782819,0.661798,6,5,1.000000,0.833333,"((1,2),(3,(4,5)))"
29,7,0.26572050,0.782633,0.661798,7,5,1.000000,0.714286,"((1,2),(3,(4,5)))"
29,8,0.23914845,0.779021,0.661798,8,5,1.000000,0.625000,"((1,2),(3,(4,5)))"
29,9,0.21523361,0.779013,0.661798,9,5,1.000000,0.555556,"((1,2),(3,(4,5)))"
29,10,0.19371024,0.755349,0.661798,10,5,1.000000,0.500000,"((1,2),(3,(4,5)))"
29,11,0.17433922,0.755349,0.661798,10,5,0.909091,0.454545,"((1,2),(3,(4,5)))"
29,12,0.15690530,0.755349,0.661798,10,5,0.833333,0.416667,"((1,2),(3,(4,5)))"
29,13,0.14121477,0.714601,0.661798,11,5,0.846154,0.384615,"((1,2),(3,(4,5)))"
29,14,0.12709329,0.713771,0.661798,12,5,0.857143,0.357143,"((1,2),(3,(4,5)))"
29,15,0.11438396,0.718096,0.661798,13,6,0.866667,0.400000,"((1,2),(3,(4,5)))"
29,16,0.10294557,0.717600,0.661798,14,6,0.875000,0.375000,"((1,2),(3,(4,5)))"
29,17,0.09265101,0.717600,0.661798,14,6,0.823529,0.352941,"((1,2),(3,(4,5)))"
29,18,0.08338591,0.701611,0.661798,15,6,0.833333,0.333333,"((1,2),(3,(4,5)))"
29,19,0.07504732,0.662674,0.661798,16,6,0.842105,0.315789,"((1,2),(3,(4,5)))"
29,20,0.06754259,0.655245,0.655245,17,6,0.850000,0.300000,"((1,2),(3,(4,5)))"
29,21,0.06078833,0.651123,0.651123,18,6,0.857143,0.285714,"((1,2),(3,(4,5)))"
29,22,0.05470949,0.651908,0.651123,19,7,0.863636,0.318182,"((1,2),(3,(4,5)))"
29,23,0.04923855,0.653419,0.651123,20,8,0.869565,0.347826,"((1,2),(3,(4,5)))"
29,24,0.04431469,0.662177,0.651123,21,9,0.875000,0.375000,"((1,2),(3,(4,5)))"
29,25,0.03988322,0.668745,0.651123,22,10,0.880000,0.400000,"((1,2),(3,(4,5)))"
29,26,0.03589490,0.671127,0.651123,23,11,0.884615,0.423077,"((1,2),(3,(4,5)))"
29,27,0.03230541,0.675851,0.651123,24,12,0.888889,0.444444,"((1,2),(3,(4,5)))"
29,28,0.02907487,0.675851,0.651123,24,12,0.857143,0.428571,"((1,2),(3,(4,5)))"
29,29,0.02616738,0.662869,0.651123,25,12,0.862069,0.413793,"((1,2),(3,(4,5)))"
29,30,0.02355064,0.658318,0.651123,26,12,0.866667,0.400000,"((1,2),(3,(4,5)))"
29,31,0.02119558,0.652954,0.651123,27,12,0.870968,0.387097,"((1,2),(3,(4,5)))"
29,32,0.01907602,0.655623,0.651123,28,13,0.875000,0.406250,"((1,2),(3,(4,5)))"
29,33,0.01716842,0.662638,0.651123,29,14,0.878788,0.424242,"((1,2),(3,(4,5)))"
29,34,0.01545158,0.662463,0.651123,30,14,0.882353,0.411765,"((1,2),(3,(4,5)))"
29,35,0.01390642,0.662463,0.651123,30,14,0.857143,0.400000,"((1,2),(3,(4,5)))"
29,36,0.01251578,0.662665,0.651123,31,15,0.861111,0.416667,"((1,2),(3,(4,5)))"
29,37,0.01126420,0.662665,0.651123,31,15,0.837838,0.405405,"((1,2),(3,(4,5)))"
29,38,0.01013778,0.662611,0.651123,32,15,0.842105,0.394737,"((1,2),(3,(4,5)))"
29,39,0.00912400,0.662611,0.651123,32,15,0.820513,0.384615,"((1,2),(3,(4,5)))"
29,40,0.00821160,0.662611,0.651123,32,15,0.800000,0.375000,"((1,2),(3,(4,5)))"
29,41,0.00739044,0.674104,0.651123,33,16,0.804878,0.390244,"((1,2),(3,(4,5)))"
29,42,0.00665140,0.674104,0.651123,33,16,0.785714,0.380952,"((1,2),(3,(4,5)))"
29,43,0.00598626,0.675717,0.651123,34,17,0.790698,0.395349,"((1,2),(3,(4,5)))"
29,44,0.00538763,0.675516,0.651123,35,17,0.795455,0.386364,"((1,2),(3,(4,5)))"
29,45,0.00484887,0.675516,0.651123,35,17,0.777778,0.377778,"((1,2),(3,(4,5)))"
29,46,0.00436398,0.676097,0.651123,36,18,0.782609,0.391304,"((1,2),(3,(4,5)))"
29,47,0.00392758,0.674092,0.651123,37,18,0.787234,0.382979,"((1,2),(3,(4,5)))"
29,48,0.00353483,0.672094,0.651123,38,18,0.791667,0.375000,"((1,2),(3,(4,5)))"
29,49,0.00318134,0.672094,0.651123,38,18,0.775510,0.367347,"((1,2),(3,(4,5)))"
29,50,0.00286321,0.665980,0.651123,39,18,0.780000,0.360000,"((1,2),(3,(4,5)))"
29,51,0.00257689,0.665980,0.651123,39,18,0.764706,0.352941,"((1,2),(3,(4,5)))"
29,52,0.00231920,0.657073,0.651123,40,18,0.769231,0.346154,"((1,2),(3,(4,5)))"
29,53,0.00208728,0.657073,0.651123,40,18,0.754717,0.339623,"((1,2),(3,(4,5)))"
29,54,0.00187855,0.657073,0.651123,40,18,0.740741,0.333333,"((1,2),(3,(4,5)))"
29,55,0.00169070,0.657073,0.651123,40,18,0.727273,0.327273,"((1,2),(3,(4,5)))"
29,56,0.00152163,0.655064,0.651123,41,18,0.732143,0.321429,"((1,2),(3,(4,5)))"
29,57,0.00136946,0.655064,0.651123,41,18,0.719298,0.315789,"((1,2),(3,(4,5)))"
29,58,0.00123252,0.648456,0.648456,42,18,0.724138,0.310345,"((1,2),((3,4),5))"
29,59,0.00110927,0.647264,0.647264,43,18,0.728814,0.305085,"((1,2),((3,4),5))"
29,60,0.00099834,0.647264,0.647264,43,18,0.716667,0.300000,"((1,2),((3,4),5))"
29,61,0.00089851,0.647264,0.647264,43,18,0.704918,0.295082,"((1,2),((3,4),5))"
29,62,0.00080865,0.644814,0.644814,44,18,0.709677,0.290323,"((1,2),((3,4),5))"
29,63,0.00072779,0.644814,0.644814,44,18,0.698413,0.285714,"((1,2),((3,4),5))"
29,64,0.00065501,0.642784,0.642784,45,18,0.703125,0.281250,"((1,2),((3,4),5))"
29,65,0.00058951,0.642784,0.642784,45,18,0.692308,0.276923,"((1,2),((3,4),5))"
29,66,0.00053056,0.642784,0.642784,45,18,0.681818,0.272727,"((1,2),((3,4),5))"
29,67,0.00047750,0.642784,0.642784,45,18,0.671642,0.268657,"((1,2),((3,4),5))"
29,68,0.00042975,0.642784,0.642784,45,18,0.661765,0.264706,"((1,2),((3,4),5))"
29,69,0.00038678,0.642784,0.642784,45,18,0.652174,0.260870,"((1,2),((3,4),5))"
29,70,0.00034810,0.642784,0.642784,45,18,0.642857,0.257143,"((1,2),((3,4),5))"
29,71,0.00031329,0.636508,0.636508,46,18,0.647887,0.253521,"((1,2),((3,4),5))"
29,72,0.00028196,0.636508,0.636508,46,18,0.638889,0.250000,"((1,2),((3,4),5))"
29,73,0.00025376,0.636508,0.636508,46,18,0.630137,0.246575,"((1,2),((3,4),5))"
29,74,0.00022839,0.636508,0.636508,46,18,0.621622,0.243243,"((1,2),((3,4),5))"
29,75,0.00020555,0.636508,0.636508,46,18,0.613333,0.240000,"((1,2),((3,4),5))"
29,76,0.00018499,0.636508,0.636508,46,18,0.605263,0.236842,"((1,2),((3,4),5))"
29,77,0.00016649,0.636508,0.636508,46,18,0.597403,0.233766,"((1,2),((3,4),5))"
29,78,0.00014985,0.636508,0.636508,46,18,0.589744,0.230769,"((1,2),((3,4),5))"
29,79,0.00013486,0.636508,0.636508,46,18,0.582278,0.227848,"((1,2),((3,4),5))"
29,80,0.00012137,0.636508,0.636508,46,18,0.575000,0.225000,"((1,2),((3,4),5))"
29,81,0.00010924,0.636508,0.636508,46,18,0.567901,0.222222,"((1,2),((3,4),5))"
29,82,0.00009831,0.635575,0.635575,47,18,0.573171,0.219512,"((1,2),((3,4),5))"
29,83,0.00008848,0.635575,0.635575,47,18,0.566265,0.216867,"((1,2),((3,4),5))"
29,84,0.00007963,0.635575,0.635575,47,18,0.559524,0.214286,"((1,2),((3,4),5))"
29,85,0.00007167,0.635575,0.635575,47,18,0.552941,0.211765,"((1,2),((3,4),5))"
29,86,0.00006450,0.635575,0.635575,47,18,0.546512,0.209302,"((1,2),((3,4),5))"
29,87,0.00005805,0.633684,0.633684,48,18,0.551724,0.206897,"((1,2),((3,4),5))"
29,88,0.00005225,0.633684,0.633684,48,18,0.545455,0.204545,"((1,2),((3,4),5))"
29,89,0.00004702,0.633684,0.633684,48,18,0.539326,0.202247,"((1,2),((3,4),5))"
29,90,0.00004232,0.633684,0.633684,48,18,0.533333,0.200000,"((1,2),((3,4),5))"
29,91,0.00003809,0.633684,0.633684,48,18,0.527473,0.197802,"((1,2),((3,4),5))"
29,92,0.00003428,0.633684,0.633684,48,18,0.521739,0.195652,"((1,2),((3,4),5))"
29,93,0.00003085,0.633578,0.633578,49,18,0.526882,0.193548,"((1,2),((3,4),5))"
29,94,0.00002777,0.633578,0.633578,49,18,0.521277,0.191489,"((1,2),((3,4),5))"
29,95,0.00002499,0.633578,0.633578,49,18,0.515789,0.189474,"((1,2),((3,4),5))"
29,96,0.00002249,0.633578,0.633578,49,18,0.510417,0.187500,"((1,2),((3,4),5))"
29,97,0.00002024,0.633578,0.633578,49,18,0.505155,0.185567,"((1,2),((3,4),5))"
29,98,0.00001822,0.633578,0.633578,49,18,0.500000,0.183673,"((1,2),((3,4),5))"
29,99,0.00001640,0.633578,0.633578,49,18,0.494949,0.181818,"((1,2),((3,4),5))"
29,100,0.00001476,0.633578,0.633578,49,18,0.490000,0.180000,"((1,2),((3,4),5))"
29,101,0.00001328,0.633578,0.633578,49,18,0.485149,0.178218,"((1,2),((3,4),5))"
29,102,0.00001195,0.632954,0.632954,50,18,0.490196,0.176471,"((1,2),((3,4),5))"
29,103,0.00001076,0.631070,0.631070,51,18,0.495146,0.174757,"((1,2),((3,4),5))"
29,104,0.00000968,0.631070,0.631070,51,18,0.490385,0.173077,"((1,2),((3,4),5))"
29,105,0.00000871,0.631070,0.631070,51,18,0.485714,0.171429,"((1,2),((3,4),5))"
29,106,0.00000784,0.631070,0.631070,51,18,0.481132,0.169811,"((1,2),((3,4),5))"
29,107,0.00000706,0.631070,0.631070,51,18,0.476636,0.168224,"((1,2),((3,4),5))"
29,108,0.00000635,0.631070,0.631070,51,18,0.472222,0.166667,"((1,2),((3,4),5))"
29,109,0.00000572,0.631070,0.631070,51,18,0.467890,0.165138,"((1,2),((3,4),5))"
29,110,0.00000515,0.631070,0.631070,51,18,0.463636,0.163636,"((1,2),((3,4),5))"
29,111,0.00000463,0.631070,0.631070,51,18,0.459459,0.162162,"((1,2),((3,4),5))"
29,112,0.00000417,0.629798,0.629798,52,18,0.464286,0.160714,"((1,2),((3,4),5))"
29,113,0.00000375,0.629323,0.629323,53,18,0.469027,0.159292,"((1,2),((3,4),5))"
29,114,0.00000338,0.629323,0.629323,53,18,0.464912,0.157895,"((1,2),((3,4),5))"
29,115,0.00000304,0.629323,0.629323,53,18,0.460870,0.156522,"((1,2),((3,4),5))"
29,116,0.00000273,0.628282,0.628282,54,18,0.465517,0.155172,"((1,2),((3,4),5))"
29,117,0.00000246,0.628282,0.628282,54,18,0.461538,0.153846,"((1,2),((3,4),5))"
29,118,0.00000221,0.628282,0.628282,54,18,0.457627,0.152542,"((1,2),((3,4),5))"
29,119,0.00000199,0.628282,0.628282,54,18,0.453782,0.151261,"((1,2),((3,4),5))"
29,120,0.00000179,0.628282,0.628282,54,18,0.450000,0.150000,"((1,2),((3,4),5))"
29,121,0.00000161,0.628282,0.628282,54,18,0.446281,0.148760,"((1,2),((3,4),5))"
29,122,0.00000145,0.628282,0.628282,54,18,0.442623,0.147541,"((1,2),((3,4),5))"
29,123,0.00000131,0.628282,0.628282,55,18,0.447154,0.146341,"((1,2),((3,4),5))"
29,124,0.00000118,0.628282,0.628282,55,18,0.443548,0.145161,"((1,2),((3,4),5))"
29,125,0.00000106,0.628282,0.628282,55,18,0.440000,0.144000,"((1,2),((3,4),5))"
29,126,0.00000095,0.628282,0.628282,55,18,0.436508,0.142857,"((1,2),((3,4),5))"
29,127,0.00000086,0.628282,0.628282,55,18,0.433071,0.141732,"((1,2),((3,4),5))"
29,128,0.00000077,0.628282,0.628282,55,18,0.429688,0.140625,"((1,2),((3,4),5))"
29,129,0.00000070,0.628282,0.628282,55,18,0.426357,0.139535,"((1,2),((3,4),5))"
29,130,0.00000063,0.628282,0.628282,55,18,0.423077,0.138462,"((1,2),((3,4),5))"
29,131,0.00000056,0.628282,0.628282,55,18,0.419847,0.137405,"((1,2),((3,4),5))"
29,132,0.00000051,0.628282,0.628282,55,18,0.416667,0.136364,"((1,2),((3,4),5))"
29,133,0.00000046,0.628282,0.628282,56,18,0.421053,0.135338,"((1,2),((3,4),5))"
29,134,0.00000041,0.628282,0.628282,56,18,0.417910,0.134328,"((1,2),((3,4),5))"
29,135,0.00000037,0.628282,0.628282,56,18,0.414815,0.133333,"((1,2),((3,4),5))"
29,136,0.00000033,0.628282,0.628282,56,18,0.411765,0.132353,"((1,2),((3,4),5))"
29,137,0.00000030,0.628282,0.628282,56,18,0.408759,0.131387,"((1,2),((3,4),5))"
29,138,0.00000027,0.628271,0.628271,57,18,0.413043,0.130435,"((1,2),((3,4),5))"
29,139,0.00000024,0.628271,0.628271,57,18,0.410072,0.129496,"((1,2),((3,4),5))"
29,140,0.00000022,0.628271,0.628271,57,18,0.407143,0.128571,"((1,2),((3,4),5))"
29,141,0.00000020,0.628271,0.628271,57,18,0.404255,0.127660,"((1,2),((3,4),5))"
29,142,0.00000018,0.628271,0.628271,57,18,0.401408,0.126761,"((1,2),((3,4),5))"
29,143,0.00000016,0.628271,0.628271,57,18,0.398601,0.125874,"((1,2),((3,4),5))"
29,144,0.00000014,0.628271,0.628271,57,18,0.395833,0.125000,"((1,2),((3,4),5))"
29,145,0.00000013,0.628271,0.628271,57,18,0.393103,0.124138,"((1,2),((3,4),5))"
29,146,0.00000012,0.628271,0.628271,57,18,0.390411,0.123288,"((1,2),((3,4),5))"
29,147,0.00000010,0.628271,0.628271,57,18,0.387755,0.122449,"((1,2),((3,4),5))"
29,148,0.00000009,0.628271,0.628271,57,18,0.385135,0.121622,"((1,2),((3,4),5))"
29,149,0.00000008,0.628271,0.628271,57,18,0.382550,0.120805,"((1,2),((3,4),5))"
29,150,0.00000008,0.628271,0.628271,57,18,0.380000,0.120000,"((1,2),((3,4),5))"
